id,fold
devgpt-f0a0d73f129cda65,2
devgpt-0a0c218a930ce305,3
devgpt-8d376399a39472c8,1
devgpt-1f3ce01ccd407fa7,1
devgpt-ac3a66151829d4f2,4
devgpt-54cdb371a782d9f6,0
devgpt-95aa3bb414fbef08,4
devgpt-53dc14cedd56963a,0
devgpt-56c517265c50b793,1
devgpt-dd536570b81d6520,3
devgpt-50059288a2c1ad67,3
devgpt-76954953a54d583f,2
devgpt-430085c408954d5d,4
devgpt-a171fbfc30c2dcd5,1
devgpt-7b0c0d07b6081fd0,2
devgpt-3252112d383c115d,0
devgpt-37b7a2016d4318af,4
devgpt-2f369eef32c05d9c,4
devgpt-b0bbbe26316b6e7e,3
devgpt-fc48824494901f50,4
devgpt-eba008dc559d6472,0
devgpt-54887c50be9e191a,1
devgpt-a50fa46dc5e9eb5c,0
devgpt-313d5e16313ca55b,1
devgpt-3078308e93484e7e,4
devgpt-03ba8a561a5dd366,3
devgpt-751e0803399d174e,2
devgpt-21bb63c2c021f778,4
devgpt-16945375900b308a,4
devgpt-e7dbaeaa11e4a483,4
devgpt-1e6f63825c119417,0
devgpt-58de736a11fe76e5,4
devgpt-06d2667c05bf109d,2
devgpt-6aa73c88eafd22a6,1
devgpt-98e75c47736095d5,4
devgpt-8bffefcd08491f20,1
devgpt-40f4cb2097adfe3f,1
devgpt-1ba0cc0183779901,2
devgpt-d83ec14196ad082f,3
devgpt-c6592240759a360b,2
devgpt-4ca21dc20c0ce674,4
devgpt-a2711e685c1720f2,0
devgpt-a967454b68c883b1,3
devgpt-c08509fbe91e8e99,4
devgpt-ab43ffce4d2747bb,0
devgpt-cb06fbebd90fa458,3
devgpt-3586d7f7b338c706,1
devgpt-ed11833720212d33,1
devgpt-4043b810b7b36a02,0
devgpt-5279d86f68ffdafb,0
devgpt-675380dbb3eb3197,0
devgpt-266c97d3ed98ccbd,2
devgpt-0854b3cb6c4780a9,0
devgpt-c19012a3f1a08f32,2
devgpt-ff1177fbb810cf68,0
devgpt-31ab67510a7fb416,4
devgpt-c9f374fbcb6c9208,4
devgpt-bc99dca466b99b5b,0
devgpt-1146f8505b02e3f9,2
devgpt-7cb212471b045842,3
devgpt-7a71560bf2eb0fc3,0
devgpt-b0c490bff2f7b3cf,0
devgpt-5c58cafc71df5053,4
devgpt-8f4a51be4fd8cb60,4
devgpt-9cd252d3130b5e6c,4
devgpt-ccfbd9a4e63729e5,1
devgpt-c7246cf3dcd4258f,1
devgpt-6473d2495fd9af38,4
devgpt-d5a0f31e91a2eaae,3
devgpt-339142d8a8c43188,1
devgpt-ae9f23ad454ba3d4,0
devgpt-cfcf965c890fbd7a,4
devgpt-e1395a48aeaedbf0,0
devgpt-441cded57910ef73,4
devgpt-d8f2ddfe791ae0af,4
devgpt-189e3896aa0474c0,4
devgpt-feaecb8da397bcf2,0
devgpt-4f13b0d4b89d0b55,3
devgpt-03390383151fd8ba,3
devgpt-228677df04bbee75,3
devgpt-61059fff7305047d,1
devgpt-b86fc905ffbf49ad,1
devgpt-858eb28a6698fe08,3
devgpt-ef211608b749598b,0
devgpt-e3670136cdb33ec4,0
devgpt-c1e567591d75b04b,2
devgpt-c3ed23ef3add9bef,0
devgpt-4d241a061449e0f3,4
devgpt-c9dc5cb1a2e44b89,1
devgpt-c0d0389132ab7913,0
devgpt-2e0111a633cb387a,0
devgpt-b2499a096eacc2f7,0
devgpt-b41a6a847e2ea9a7,1
devgpt-ebcab04f463a4a48,1
devgpt-9d2bb5b77daa632b,2
devgpt-45460ea2646cc6cd,0
devgpt-d6905f95b2ca3bb0,0
devgpt-73339ee5d19f4c3e,4
devgpt-3ce1e54cde4641b5,2
devgpt-02cc0332806b0710,0
devgpt-b0c7bfc623c29736,1
devgpt-4e2a0af71daa531c,3
devgpt-c81a75d76d6c208b,1
devgpt-7332a59d915c3b5a,0
devgpt-1d1d4b13631292dd,2
devgpt-23f42955394199f4,0
devgpt-1ad2756cd126b66f,4
devgpt-aeae0b1290660989,3
devgpt-f55c902d99996c9d,1
devgpt-ba642e2f716c36d3,1
devgpt-f50f1495ac5c7616,1
devgpt-30d745e4b313e9ae,4
devgpt-4c875cf072e2f3dd,1
devgpt-8832143593823530,3
devgpt-bd6509e8ba0d5bfc,1
devgpt-45379a776e154252,1
devgpt-449062eb9f3d9217,0
devgpt-f3dc723e5f62f3a2,2
devgpt-553ac64663dffaa8,4
devgpt-9c0e3bde548fa349,0
devgpt-a9f8b563785f27dd,2
devgpt-a8e500e5ad9fbbd8,3
devgpt-d4a9d1d315c6aa75,3
devgpt-4491ea87c49729a1,4
devgpt-b55edb9873f88f86,0
devgpt-51cc6d86ef6a1de8,4
devgpt-7ed666127a031792,0
devgpt-0f2514ef8825276a,0
devgpt-f41dc0128e294350,0
devgpt-77c16ba3cc238b68,2
devgpt-cd8a62c45a224ac6,2
devgpt-44522eba92f42e57,4
devgpt-19aef0f04988ed8a,2
devgpt-b4756902e1e4a476,4
devgpt-4e317e9c2ff4dc1d,2
devgpt-849630df7e4582ee,2
devgpt-6b348e8b66b7ce10,4
devgpt-451d5ef2cd27f465,3
devgpt-ea55c21424e9a615,1
devgpt-63d1c6e416d2cc48,0
devgpt-4339c3f44f0bbed6,2
devgpt-0c5e362b1f533661,2
devgpt-ec8e1a627d221e4c,3
devgpt-f0af93affe6a880d,0
devgpt-21a3ab346bf1d3db,3
devgpt-19fdfe85cf82d2ae,2
devgpt-d368590ce1537073,2
devgpt-d0c8e0ec66c76604,1
devgpt-c4704d3e1a7a6033,0
devgpt-7b1984c38e16fda5,2
devgpt-d47cc9633289dfc8,2
devgpt-6974a5cfd64c8f61,1
devgpt-c8e39c7e5e3bed37,0
devgpt-c7453d215b71e95d,2
devgpt-672ce5d766cc7a41,3
devgpt-93cbbca370b8a995,3
devgpt-dd26d4d8ab242ddb,4
devgpt-89171e603e365a76,4
devgpt-d0152e2a59980503,3
devgpt-19e18f860b57a502,3
devgpt-d83aa2f4a4b40884,2
devgpt-89c3b127d6c1879e,4
devgpt-04ee69918e6e290a,2
devgpt-5913d4c7137a0380,4
devgpt-79253f828ae8be28,4
devgpt-5423f7c7ee6ccbb5,2
devgpt-8b8302bbffe229b2,4
devgpt-24e4ee685a229d7a,3
devgpt-6711144b56048d60,3
devgpt-9bb8bcfb0116b429,3
devgpt-869c71517abce2c0,3
devgpt-2976fd16eef66972,1
devgpt-8b4be4542146c167,3
devgpt-375ff4065352eb76,3
devgpt-a4b2dac7ac67d808,1
devgpt-50cd4f86e74172fe,3
devgpt-61c0983905315b24,2
devgpt-59e5e74e5aa863bb,3
devgpt-8f3bac59e65d2228,1
devgpt-5ebc8c9462188ac4,0
devgpt-c42f225993e5b44e,0
devgpt-6a5562ecbc506d0c,0
devgpt-435b88b004040501,4
devgpt-5f9fa156c8eefdf9,0
devgpt-08e8dbbbaae0d8fe,0
devgpt-e55a910a26e6d193,4
devgpt-2e2f88545b45b246,0
devgpt-166db34c97fdb74b,2
devgpt-285f8d69063a6fe4,2
devgpt-cefa0d781fbfc10c,3
devgpt-733a9a2dfff00b5e,3
devgpt-358150b25e989d3c,0
devgpt-c1e1ba72ddb127ed,4
devgpt-5f8b12d24d65eadb,3
devgpt-7aee01178109d053,4
devgpt-af88bfdaeee68be7,3
devgpt-3f86ff9ab1b22bc4,3
devgpt-fb70eb7710cb28a1,2
devgpt-d91b452e3ba1262f,2
devgpt-a1d685821336988f,4
devgpt-a6d77845f24da9c2,1
devgpt-6c0c81fb217dcdcd,3
devgpt-a0dda346ea7409c2,3
devgpt-8cc26a2729523d28,1
devgpt-1aa65a2dbf3515c8,4
devgpt-c3bb62c21454ee18,0
devgpt-38b6c22d3bef45aa,2
devgpt-31610c5303878d67,0
devgpt-d34c58b7cacce8ee,3
devgpt-2d96be798c3c5b81,0
devgpt-3c7882967cb2cec1,4
devgpt-3add287817d07e2f,1
devgpt-b82680a41325cc57,1
devgpt-f83d9460ba3970c5,1
devgpt-54c874412567eefe,0
devgpt-8eb2c8c9eeda600c,0
devgpt-7753dbe186ae707e,4
devgpt-68392ed0115ea9ea,1
devgpt-dbea1172c45e4340,3
devgpt-f56e208e9a516158,2
devgpt-6d6fac9d33799e36,3
devgpt-34b8c13dfe555929,2
devgpt-2e82e99e8e244264,2
devgpt-8586c48fefe749fa,4
devgpt-daf7de3b150a3cfb,0
devgpt-b751b33f8dab8fec,1
devgpt-746e7a98037ebbac,3
devgpt-7f69c4b0add80cf6,4
devgpt-1b1a316bc38cb8c9,0
devgpt-fe6d4ccd18c5d367,2
devgpt-8ce68d5bb7bce909,4
devgpt-5e21f4edbd035814,4
devgpt-1fd41f8b0024b54c,2
devgpt-6b34b1d7f88f6b8b,0
devgpt-160ebaacf479cebd,1
devgpt-c9d1d3d245f292e5,4
devgpt-5068d0fa1ee90f2f,4
devgpt-06d0085f6fd7230c,3
devgpt-6157b902cb158c86,3
devgpt-c5d314d516e0d3dd,0
devgpt-4f4bdddc69506a7f,1
devgpt-12368199f5204d88,4
devgpt-9c8fe2f9aaf0d243,3
devgpt-4f5a31663147544a,3
devgpt-d2e8a65808d331d0,1
devgpt-6af4195f11e46a4c,1
devgpt-61e61886b46c015b,2
devgpt-4eda5777a618d98f,3
devgpt-f6280c69de0195df,3
devgpt-01b7926b51878bf3,1
devgpt-0064c817ab056717,1
devgpt-006057e5a3fa0d83,2
devgpt-40a6d386bffad8d6,2
devgpt-cd00a6d394c84520,0
devgpt-a7ff17edb93835de,3
devgpt-0bebcd924e99ef3d,3
devgpt-4bddcbe28efce2fd,3
devgpt-dcc5491cfa961fdd,2
devgpt-d9c9e1902c49fbad,1
devgpt-26eb1ffbba4a4a00,4
devgpt-14defdfd5408fa24,2
devgpt-33a48544805e2729,3
devgpt-1a581d9d3d71cf4c,4
devgpt-7fc9f60c76fdc0ef,0
devgpt-a27684fe53706dfd,3
devgpt-0fad66a50f7539c6,3
devgpt-ca81a1fbc2f62d5f,0
devgpt-c9af422696d8ea37,1
devgpt-92ea766d65acaf86,1
devgpt-bea44b90119f2702,4
devgpt-37139777e7b3e3a9,4
devgpt-9faf375610e9ae01,0
devgpt-7ec108e73dbb5226,2
devgpt-4a73b0b449ce21b1,2
devgpt-705db48ae1b2d0fa,4
devgpt-be9993c0c3af3b91,4
devgpt-5a6ccddcf7435e3e,0
devgpt-fefaaf5c906ca434,2
devgpt-226e22090b9ae251,0
devgpt-e2e73ac352bcdc4c,1
devgpt-80be0bf4a4fd5940,2
devgpt-950097a31144b9bf,2
devgpt-aa2d37084c0c4819,2
devgpt-e8046fc11e1a00ad,4
devgpt-049f2feede443a6b,3
devgpt-74ffa40a66af31f9,0
devgpt-a56fb0514ae2efe7,3
devgpt-b4430d200f1d6913,0
devgpt-a0fefabe54e8192a,2
devgpt-9ea9feb310eb0996,0
devgpt-542be6968f2d4a68,3
devgpt-36a9383a5db1c08a,2
devgpt-1d42bac0a84d5bdb,1
devgpt-ec5d81aa309705ee,3
devgpt-169b1cf5872c1eab,1
devgpt-fbf2d0f9a339c38f,1
devgpt-0371d200d0030ac8,0
devgpt-28653b412c6555c7,3
devgpt-a46cb0b9c8e30034,3
devgpt-b8e69ae90e7ba278,0
devgpt-1958326b49b90ba1,4
devgpt-f1742f3d898a55c3,0
devgpt-921acfab251577e1,3
devgpt-384b50cf83668450,2
devgpt-c03546a59edf3879,2
devgpt-20c3dcdcfc43ae3d,0
devgpt-db2b9bd7865c5cbf,0
devgpt-f61f2e5062080e81,4
devgpt-3fcc470bd20a6ddb,1
devgpt-bdd8c957d6df3054,0
devgpt-09409d4703329058,4
devgpt-bf3c3c9711d05103,1
devgpt-0bbfe29dcdc64e28,4
devgpt-61c1fa6f728e417a,3
devgpt-406368f5efaad9a7,4
devgpt-fc0e837dbaa58c7b,0
devgpt-0ab66b481010e0c4,3
devgpt-45cf428e1a4dd3c1,1
devgpt-74e966469e550c0a,0
devgpt-c4c2fcd292d29c47,2
devgpt-d2e3172a9d66f2ed,3
devgpt-bdd0643adb377a1b,0
devgpt-0a527e0912a12658,4
devgpt-b54a78ad92d74a58,1
devgpt-a11188be5e9b2934,0
devgpt-f9da8bd04acda422,3
devgpt-5ff8b0e4fd05e444,3
devgpt-46f81ecaf69404f4,0
devgpt-2fb3c30d43709587,3
devgpt-7dbfc6acdd71fc55,3
devgpt-b3c403c84287f862,4
devgpt-1bc8c40e2dfca378,1
devgpt-923d49e3e75c904e,2
devgpt-bdc6f7db18dcc319,0
devgpt-94419648a3619fb6,1
devgpt-d537d2c786bb0dd6,3
devgpt-0427f5b4b37ce90b,3
devgpt-23971ccf50f113cb,2
devgpt-e4ca0e372a214ac5,2
devgpt-fae2f05d34a3cd04,4
devgpt-2f295f452374ccba,0
devgpt-611faaf3cab3b319,3
devgpt-f2105be3e7d6d120,4
devgpt-4934599c447fd296,1
devgpt-55702d2a2fbd5181,1
devgpt-87297dde2403839b,2
devgpt-0f1a36c233a33c32,0
devgpt-f3d09621173e1160,3
devgpt-0311ef8176fcc22d,0
devgpt-5204a583f8dc63e5,2
devgpt-5142a6c230a2efde,1
devgpt-3d14a0b46d21f028,4
devgpt-9275345fad1c4d62,0
devgpt-3b57533f3a7b0381,0
devgpt-78632c082d523caf,0
devgpt-7e6b640770c9225a,4
devgpt-f9b96a8a7063cd22,1
devgpt-ecf034483ff8bf06,4
devgpt-99cf127ed718cc7e,4
devgpt-9814d045ccd8417b,4
devgpt-a46b0b1839660000,1
devgpt-08aa60fb36a59751,4
devgpt-12da12b2b84feed0,0
devgpt-a09f5189a7524038,2
devgpt-81ccf67c03199fea,0
devgpt-28741f7e56b8e6bb,1
devgpt-8291485f1289f2bd,3
devgpt-eace444a78b550a8,1
devgpt-340306ef16eee58b,4
devgpt-cfd1a6d22463b178,2
devgpt-adff61dd93606696,1
devgpt-02b18c6d7ece7845,4
devgpt-3e5473e01fda31ff,2
devgpt-d59a5c05f01e2d30,4
devgpt-9f2563dff36c7a92,2
devgpt-7f5d32bba0f6c476,3
devgpt-e5487255fff7925b,0
devgpt-974d96ea29d9cb7e,2
devgpt-173f7fa16f4c3cf6,4
devgpt-da8a2b24fd9669fe,3
devgpt-693d020fbb50a01f,0
devgpt-8786d26818aad700,3
devgpt-672b136ad4fdf9c9,1
devgpt-e2f104f52003afce,2
devgpt-52b32cc0d8ab7bfa,1
devgpt-4921419f86c98f22,2
devgpt-e712cec635d1cfed,4
devgpt-92ffab0a9dec6457,0
devgpt-13a49f67f2f56f24,2
devgpt-0509386f9f1b4090,0
devgpt-8f46ec5467a6ab4e,3
devgpt-904db37ca2752094,1
devgpt-37cb410a25a780fc,3
devgpt-38ea632bcbe2e189,3
devgpt-4410015f71bf13c5,2
devgpt-7226e27bbf7c5602,4
devgpt-e0ce55f6ea839e67,2
devgpt-d0c8fddb56479826,2
devgpt-c64be28dc1fccc50,4
devgpt-bf87be05764abf63,4
devgpt-056e6d4f25550749,2
devgpt-d703bbd7cb0faba9,2
devgpt-2e00f3d335de6ebe,2
devgpt-c6bb61dfe850539f,2
devgpt-e1ca3497c2669c47,2
devgpt-93a8fe377c0f0f8a,2
devgpt-40a8c41a5c2b92d6,0
devgpt-ee4f51372e123f5b,0
devgpt-ba422f450af69408,3
devgpt-e24f0aaf393146c7,4
devgpt-d7d304191ff20c8c,2
devgpt-45e9617d09116480,2
devgpt-ed4ba4ba0138854b,3
devgpt-3583cc7416160a2a,1
devgpt-01c6a56a61a62e0d,3
devgpt-1c3a84c50386e6f4,1
devgpt-0b4e17ea8797aeb8,0
devgpt-056eedd6a557055b,2
devgpt-d0f81cc5984aed91,1
devgpt-8bc1835d14fd637f,4
devgpt-e61ffae1e2cda079,4
devgpt-db94f274f06c4d3d,3
devgpt-a6f54d8a87034b0c,3
devgpt-053e73685908ef1e,2
devgpt-7f198f38a7a0ba1d,3
devgpt-53e418e472003c44,3
devgpt-3b4a37d1566487ce,0
devgpt-077312c5869ff4ae,0
devgpt-153c82da322ab111,0
devgpt-0b5fcd05a17f700f,4
devgpt-a57212a57a396b39,3
devgpt-4f4e6c76876dfee2,2
devgpt-fd8a8c013d38ba74,1
devgpt-362d0de7d310d6a7,0
devgpt-98d7b545e943b5f2,0
devgpt-43f1964ef178a1fe,0
devgpt-bec3c7dc2893ea6e,2
devgpt-0deb349670c99b17,4
devgpt-4aadadab2f9798de,1
devgpt-ed8222d4135d27e6,0
devgpt-38cbbc60fdd2532f,2
devgpt-e2e569b7d4f53e99,0
devgpt-c8c36f82c48bc74e,0
devgpt-87e3968114c59822,4
devgpt-d79f1828b0998ff1,0
devgpt-c0fcf022be6b560f,4
devgpt-e0904752e15883fd,4
devgpt-f76bf7c61b912fb0,0
devgpt-f579011ac1014e86,3
devgpt-a3bec700c14d6dae,2
devgpt-428fdd3cff2571e5,1
devgpt-01e820b343b69923,3
devgpt-10d214cd47f82726,3
devgpt-f944a06b47dc3712,4
devgpt-93f5f9a2a88c1b91,2
devgpt-1f7b40fccf059322,2
devgpt-459d563457a2aaa1,4
devgpt-26ebb520836cb0ec,2
devgpt-6f7e4629f16d8dab,3
devgpt-a3346b22b6c85649,4
devgpt-7d0ebf6e04c33b94,2
devgpt-7ad9c8140690ccd7,3
devgpt-1c7b25ebb68e9d52,3
devgpt-092740dafc371ef0,1
devgpt-ebace5bafc84f475,0
devgpt-44e4a238a0a045f9,2
devgpt-d9054e008b412ad3,3
devgpt-ad79cf9a84e06212,1
devgpt-44306c2c78a3924e,2
devgpt-df2ce8267640b2a2,0
devgpt-f164977ea70fa539,4
devgpt-0fa62f62005659b8,2
devgpt-39745da29976c7ee,2
devgpt-a96c4d8adce845fb,4
devgpt-e8302bc263b828f3,3
devgpt-73c067710260bc58,2
devgpt-b5d1645b8fedbb5a,4
devgpt-bec32621e2c32567,4
devgpt-f917dfb4c062a2ca,2
devgpt-b404f915d897ad86,0
devgpt-2a3cc6e5a671e259,0
devgpt-dadd0f5bc8f04933,0
devgpt-38229a582c208c25,2
devgpt-098afda2864e184c,3
devgpt-b92970781868092b,2
devgpt-ce122b3a2bed0a2e,4
devgpt-9e82f5383fc8fd52,4
devgpt-091f9d9a8d472421,4
devgpt-7b7fa6e4df94f9a4,3
devgpt-0ab7db25f25ee136,0
devgpt-6047407f8fcc41bc,1
devgpt-669b25298d3189ab,4
devgpt-4e70a1703aa47c2c,3
devgpt-e014785e3bef20e4,3
devgpt-b62a953b24769f31,0
devgpt-610bc52697b1ccfd,0
devgpt-604f0c26d53faccc,0
devgpt-8cc1b6df206693c5,1
devgpt-8654e5e2ae060ea2,0
devgpt-7b9a622410fbe4d8,4
devgpt-a6b2a8120209330b,3
devgpt-3119aeae534808a3,4
devgpt-48b9d35f08de7bf5,4
devgpt-b689f86064d6683e,1
devgpt-6b9417c0d3abb517,4
devgpt-0cf97ca59864cffc,2
devgpt-c0bf9f9476294972,3
devgpt-18375ec5fb4618e2,2
devgpt-761f59913bc9e545,3
devgpt-347b12e8f77a0cc0,0
devgpt-f5ee873e9d491641,3
devgpt-1855104e1b3779de,2
devgpt-f926dfa2f3a2c6c2,1
devgpt-1e5ea93bc34b799e,3
devgpt-c11b6dff6dfb3d09,0
devgpt-94225f9c85c998e6,0
devgpt-9371e31bc3e0b685,4
devgpt-eb92ff975c945f0a,3
devgpt-c230cc3b9d7514be,1
devgpt-8ffc60d89dc440b2,3
devgpt-81146e0ab91e2132,3
devgpt-f11d58f4a0420f7d,3
devgpt-ab16540453242e7b,1
devgpt-95107e2434f685ed,0
devgpt-71b403a6f19e459f,0
devgpt-b2a5d7fc99573050,3
devgpt-0f14de745bbaba0d,1
devgpt-2a8f62c14857b085,3
devgpt-240774f60af69fc3,4
devgpt-49a9c91cee309505,1
devgpt-98eab8fe6a245bb3,3
devgpt-f053a0d8323b8e5b,4
devgpt-c318c408d9d53ffc,0
devgpt-a8c7083dee388ecd,0
devgpt-c8e2fba53f800aae,3
devgpt-42f03477d1d8fa21,3
devgpt-7654f2b66b0ddb19,2
devgpt-561fbeb91720ba04,0
devgpt-850dc58d08dd1ca6,4
devgpt-501a4f05e560fe23,1
devgpt-8d6566f7d05bab97,3
devgpt-f315df6539021b26,3
devgpt-4d9ac3883eacf9c4,0
devgpt-33413b73bc2a2656,2
devgpt-309936346fcfd4f4,2
devgpt-de2b6a9aa139a71a,1
devgpt-c6300b19c0340e09,0
devgpt-36733c661e6253c9,1
devgpt-2064bf073eb116c2,4
devgpt-35b7a17d891dcd39,0
devgpt-47a3e447e285017c,4
devgpt-cab39d2dbafe2506,0
devgpt-2b3bef7f1ff28872,1
devgpt-75b8889599ad52ad,0
devgpt-4a2c2921fc115377,0
devgpt-9156ec6ca3f2c551,2
devgpt-a0a95affc33252d6,4
devgpt-a5fd584e6964a418,2
devgpt-8b0cf5db61e5c0e6,2
devgpt-99000cd217bb62af,4
devgpt-a8683243ffc8974a,4
devgpt-4a1991813689a68f,1
devgpt-321a6c29fd581d75,0
devgpt-c1f440d0d3403572,4
devgpt-c73bcd1255405d52,0
devgpt-1457cc7eb5fdfea6,3
devgpt-87cbadb18215571b,0
devgpt-e8c43a0d229ed272,3
devgpt-bb0d5751196fce4a,1
devgpt-c712aac9c7c59392,1
devgpt-bf0067a3193f2a11,0
devgpt-43ce5d258147cdd1,1
devgpt-51c28aef1a6f9892,3
devgpt-6ea15961ca4c1b14,4
devgpt-8c2605c1e42496ba,1
devgpt-f5e6a551f8cd387b,0
devgpt-4b98df74dc98a503,3
devgpt-45e9e7f443bdb96a,3
devgpt-2956e335dd832a25,4
devgpt-9a47a6967719e9cb,0
devgpt-8936b913b2090ac1,0
devgpt-85aa52cad44801e7,2
devgpt-0b229a9b3af754c9,0
devgpt-c3601d8661b34b22,4
devgpt-0640b4cbb739387b,1
devgpt-45127455fd5d65f3,1
devgpt-bf2d9edb4aa17c3c,3
devgpt-9a217bcd605a9fb1,2
devgpt-b79fd82e5b3dcbcf,2
devgpt-ef23bc2ab495b4a5,4
devgpt-48e6467077397802,3
devgpt-2d97ec3074508c04,3
devgpt-bb16be536b0ce72c,2
devgpt-bf022b0995cd0228,4
devgpt-66864047ca23f86a,3
devgpt-126b76323cf39a7a,2
devgpt-6836698aed229882,4
devgpt-1f0d6ac371602b56,0
devgpt-fa29c07337567f19,4
devgpt-32b67f25443344ab,4
devgpt-fc2057d173b1d8bc,3
devgpt-90dbfc6027e9a109,4
devgpt-3915e896602993eb,1
devgpt-f70762b79f1a231e,0
devgpt-f4dee6091e4c6813,0
devgpt-018822ca278c06f2,1
devgpt-9aa53b7eb5fd9aa6,2
devgpt-a4cd4592021c2a50,4
devgpt-3b4eb6b4f9873b3f,3
devgpt-70a4e810f88d19db,4
devgpt-c466ffbc77e15817,0
devgpt-b3e03d846f455309,2
devgpt-b5ae6b92b9060448,4
devgpt-cdc34c4cef6b9971,0
devgpt-73d390b3d47c9c14,4
devgpt-877c209a9d03e541,4
devgpt-800922880e9b3fad,3
devgpt-c2eeb100bfe905a2,3
devgpt-fa9f0e9218b1b7c9,4
devgpt-f01685a0f88b46f3,4
devgpt-c44b7b001bd692eb,1
devgpt-c64786ac4da16e91,3
devgpt-204d884da014bdb8,3
devgpt-fd99e1345c2ee290,3
devgpt-a17dbef8fd0b21f7,0
devgpt-584dc3288a2534f3,0
devgpt-99faedc1ee6ba626,4
devgpt-fc197e0d834c3654,2
devgpt-a77d13698905f208,0
devgpt-54c514c115a31170,4
devgpt-7213b047e2ae3de2,2
devgpt-d90b1a38fd91960c,2
devgpt-d2e4de3049be7b15,1
devgpt-19218e2d06b40843,0
devgpt-ba2fa7bd870dcc3a,2
devgpt-01287a6909e201f3,2
devgpt-71eb88cf254aebdf,0
devgpt-51954cafed0412ed,4
devgpt-622f038b839ea9b0,0
devgpt-d9d1738f026e3fc8,3
devgpt-2834a99ede15c196,1
devgpt-4ab22280b4880e5d,2
devgpt-67a992c25dfc0c37,2
devgpt-8d0a5b89789a3721,3
devgpt-ed0212a4b487ae4e,0
devgpt-f68229e68f57e505,1
devgpt-72fab8eef4821278,0
devgpt-6a0bef7accd4cc8f,3
devgpt-b4ec87024e7a5425,1
devgpt-333b89b328660eee,0
devgpt-85b881a6b5f90bd3,4
devgpt-e473f7a030849433,3
devgpt-f653997a46782097,4
devgpt-34be9eca2cbee196,1
devgpt-0f10ac0cb45df694,1
devgpt-527b5a9e460dd7df,0
devgpt-c5752c471e0a8f50,1
devgpt-3802b39ae6e5ee20,3
devgpt-493c25c8f5a375f7,4
devgpt-e617de1445cc4295,1
devgpt-ba4f9c261e7099de,1
devgpt-ead9b41170d4b0c1,3
devgpt-034c2259ff724197,2
devgpt-67a5b82d4895b696,0
devgpt-9c80e9559c064671,3
devgpt-f94582e10f2231b3,1
devgpt-be2481405797e097,4
devgpt-5f9b4afddc3611b0,2
devgpt-7248a25c44b52509,4
devgpt-42d1aef6ac61ae0d,0
devgpt-d1d4752d1e8d3293,0
devgpt-14e4cda7eb148818,1
devgpt-7b3170eba588e589,2
devgpt-e38df41a8bbed0df,2
devgpt-5f11e5cca7bef165,2
devgpt-11fe90c197963f5d,2
devgpt-234ed2e805e6474f,4
devgpt-0e3e90d863ace9c0,2
devgpt-295efe3773ab6cce,2
devgpt-ba8929568e5c3d83,3
devgpt-9ffe1835a8e58e4e,4
devgpt-957ed74b9c4c93bf,1
devgpt-2c86d64d6cf1e3e2,2
devgpt-efca4acf2c0110c8,4
devgpt-60d949adfc10c45c,2
devgpt-87895924f1e4f7e9,4
devgpt-1e7f411cde4edd19,1
devgpt-750ed008cc0106d5,0
devgpt-110ce16870b9ccd6,3
devgpt-58edf63450c10c48,3
devgpt-0de5fe9b227d6e82,2
devgpt-ecfb932b8aab4a99,0
devgpt-5c1d8d143b3e0f50,0
devgpt-56a8dd0c9959669a,1
devgpt-25c4931c9737b5ae,0
devgpt-efcfc513378afc02,4
devgpt-2a605be6fbc9151d,1
devgpt-c101ea0e4c55fc05,2
devgpt-f334aa45b2d92c99,0
devgpt-ac28d6a8ba410fc0,2
devgpt-c0ad3c371cbfca17,2
devgpt-b1e99b98f97d8cf5,3
devgpt-bf9e6d1e53ed516a,2
devgpt-b096c10b15367747,3
devgpt-9537f5cdb9ff46be,4
devgpt-538853ea311b1e84,1
devgpt-5e163309cd77ec9f,4
devgpt-6365091afedb3c5f,0
devgpt-83c901d068864727,1
devgpt-ad69c93fd04dd00c,1
devgpt-361194b6688a9f8a,0
devgpt-cd4ae363b912a9a3,2
devgpt-8d1a8abdf47b5781,1
devgpt-01abbfd9343c0f4c,0
devgpt-4644027eabdedf69,0
devgpt-ab0259acd3d763c2,0
devgpt-6fd2eee3022109e3,1
devgpt-c64cd17c172769c1,1
devgpt-285a524cbee62b07,2
devgpt-85b784c7838fb2f9,3
devgpt-c5bba454a631ab44,0
devgpt-50ae7d0405bb02bc,3
devgpt-4f34936e0453c175,4
devgpt-45ea58e256e12eb3,1
devgpt-92c6fb25bb41eeb5,0
devgpt-2efc9db8096dd384,2
devgpt-e74bcbb3decfc209,3
devgpt-27155b01b340892f,4
devgpt-d4bc62a458f7afe5,2
devgpt-271588654bfb0c87,4
devgpt-ea49b8cc191c9436,4
devgpt-92de3b1bf29314be,2
devgpt-ce609bf4b66976d0,3
devgpt-500e1001a844029e,4
devgpt-73634200cd571cfe,0
devgpt-9e2561547bbbde94,1
devgpt-28487c692375f6ea,3
devgpt-4894f19850260fe1,3
devgpt-d5d4ccc05d2bd3e1,3
devgpt-b88af3aee2ed3248,1
devgpt-90f9ed3028b7fde4,1
devgpt-dbcda99381cc32d6,1
devgpt-57ee7437eea4adad,1
devgpt-7cec23f9e0aead99,4
devgpt-562fb0810b4eb1ae,1
devgpt-df1c004bda11a9d6,1
devgpt-ecfab3c25ed00f3a,2
devgpt-15df22ef13682435,2
devgpt-3e6d8056a9fb84ae,1
devgpt-2f8a4988895bcb78,3
devgpt-468386956d832b19,4
devgpt-dfc9cea2f91299d9,1
devgpt-aad3588d5af58b53,3
devgpt-41e79e4fd4e3daf0,0
devgpt-499322859699b7fb,2
devgpt-e81beb390365cf75,2
devgpt-f32e9918d51e2c02,0
devgpt-a720196be0d03879,4
devgpt-5f136f81a4b58449,4
devgpt-a3a7a3239f30bd3b,1
devgpt-492706ec082119e4,3
devgpt-bd451ca453144af3,1
devgpt-72f2cbe3f2543d5c,4
devgpt-54f14595679c92af,1
devgpt-5b4c861646bc1cfc,4
devgpt-3deeab3168d8b827,2
devgpt-d85a0e087d498c9c,1
devgpt-02cf79a9cec20a6a,2
devgpt-ab96e7912a218b67,1
devgpt-da06fc3860951867,3
devgpt-372e2c3e2f8dceae,3
devgpt-2862afc950ab0c3a,1
devgpt-94b6a3e46b8a7a12,0
devgpt-da91cb993bc534ca,2
devgpt-df30aad9323c0093,1
devgpt-1fe0297d69682eb8,2
devgpt-a00814f4dda2dc3a,3
devgpt-5bba17f36ce88d45,2
devgpt-19e808f92da507f1,1
devgpt-159f2d120732b57f,2
devgpt-2dbdcbcd9f6d84b0,4
devgpt-a149714b9bb90132,2
devgpt-9ef5671077df500c,4
devgpt-350b8f4c5018f9c6,3
devgpt-c42ad202ef006df4,3
devgpt-4eef2e0a541fa2db,0
devgpt-5d5c1ef05a8ba817,1
devgpt-3cecdab2ed52a022,4
devgpt-9e49bee868811eb5,2
devgpt-f12148cb5d4e04c0,0
devgpt-43d2b0c90b379fbd,3
devgpt-be283e62553cfaf5,2
devgpt-892e78e6299b15cd,2
devgpt-3efd23ed85a7c0b6,0
devgpt-3688c68ac79a582e,4
devgpt-d0bd63ae244694cb,3
devgpt-9830572e2c588f21,2
devgpt-ff0bd8204848c8d9,2
devgpt-dd02646e00f33273,3
devgpt-069f5835a72d2223,4
devgpt-c0343afe7d929f22,2
devgpt-414617dceb8824b0,0
devgpt-30d37e570c9d2648,0
devgpt-b61ce377ffa3b3a5,3
devgpt-d8ee7281d0b2dfb5,3
devgpt-b415183426298816,1
devgpt-09b482394ff10923,1
devgpt-6cf1bc5b3fec09f6,4
devgpt-80031a0e2552cf03,4
devgpt-40765dbb1a7b156c,4
devgpt-4a476fd219383d27,3
devgpt-e2bbf69e1617a1fc,0
devgpt-baef44f35bbb8278,0
devgpt-3c637639fdb5144f,0
devgpt-f1a73606ec4384b0,2
devgpt-533031cb84d26efc,4
devgpt-b59671b978a2fb29,2
devgpt-c9a4899db4d13ce1,0
devgpt-aa5cf340c96447b4,1
devgpt-af49dcb0caf82a6c,2
devgpt-b19e89a560dfef35,3
devgpt-c340d386c0b14c5f,4
devgpt-ae06d696bea4628e,3
devgpt-16c653b521a57a8f,0
devgpt-68bf09fd04a596f4,2
devgpt-5d56d0ec339f864d,0
devgpt-a26ba7c831852031,3
devgpt-958e32326e353f54,4
devgpt-39a2d12317c03109,3
devgpt-a44d49da792b3fed,0
devgpt-f78a01db6c627517,3
devgpt-90ecff14ae82b622,4
devgpt-f2cb8036640441e3,3
devgpt-37738ff5b59492a8,1
devgpt-d34bb0efad40bc98,0
devgpt-2e7b003f47989e08,2
devgpt-99f6492400c80e77,1
devgpt-d5b03411c913f214,4
devgpt-ccdc700c01101a0b,4
devgpt-6159edd3298e0bba,3
devgpt-6bcb81bc38160286,4
devgpt-2145d912daf1e67d,3
devgpt-eeb6013687c8cefc,1
devgpt-bc8c0c37401d8ea9,1
devgpt-54d7c73fe542194a,2
devgpt-f723486e3a299cb3,4
devgpt-5ab672ce85d9f3b0,0
devgpt-4b53f81170174e29,3
devgpt-1453c3c3131ce41a,2
devgpt-9ff2730ad4df3a5c,2
devgpt-f1ef52f1bfa18f88,3
devgpt-04f3218c8d7253bd,3
devgpt-c2dce62ac3e0dc86,2
devgpt-c578cd14b7c20010,3
devgpt-f7fb98c741023997,4
devgpt-e3639124e6dd495f,3
devgpt-4a67846e645643d1,4
devgpt-f89e8364bba9bacf,3
devgpt-cf498c5989634de1,0
devgpt-e2f4756e843f054f,2
devgpt-e48025984b013a64,2
devgpt-bc5a183545c00218,3
devgpt-cca8d96786d72d4d,3
devgpt-92ca7d2cf2c3a435,3
devgpt-b682bb2c3e8c288b,0
devgpt-0f8faa991a1ce808,3
devgpt-32de76013d31d876,1
devgpt-ba54686a7f3f290a,3
devgpt-5ba8b6da880973ad,3
devgpt-7b62aa3b7c2b5acc,1
devgpt-0968d2164fda504b,1
devgpt-4cd84bf3c2498871,0
devgpt-438af623c990fef7,2
devgpt-70e2bd980d77f571,2
devgpt-d94aecafce03cb56,0
devgpt-099fd30f69207998,3
devgpt-f7ea8fb95c294592,2
devgpt-af2ec0d85a7f4d20,3
devgpt-ceb55a8dcab4feb8,2
devgpt-cb33846ae749bfbd,0
devgpt-af790351a2458c3b,4
devgpt-2dafb7e0ac43f0d0,3
devgpt-0a7bc918b380dbd0,1
devgpt-98dcd9f90d6952a5,2
devgpt-80b264e1de735c19,4
devgpt-39489416d965e5f0,0
devgpt-0efee32d5af9a342,0
devgpt-b9771d43cf3bac9c,2
devgpt-644da6e5e9027602,3
devgpt-e9c57306de8894f2,0
devgpt-63490999973b4e24,0
devgpt-82189060a39e0343,3
devgpt-d58b13173bc6e1c5,3
devgpt-62e8e9312421240c,2
devgpt-ef695165a170fce8,1
devgpt-eddbc66da071e3a3,1
devgpt-f55f40570e5627c8,1
devgpt-c9cc9db16be7aa05,4
devgpt-55d295eafe0e269d,0
devgpt-a37da146fdbe7b9a,4
devgpt-8931e9d0ed50cfec,3
devgpt-55dd6e330ce357d2,4
devgpt-92f8a8b146729e7f,2
devgpt-acd1cba6b7984157,4
devgpt-c94e25a18f9f8b4c,2
devgpt-1d2229b3eccebf41,2
devgpt-df03117d673239aa,4
devgpt-db5b8b73b49fc153,0
devgpt-afa377b0525cac8a,3
devgpt-fa90be61505825ae,4
devgpt-5cec42c539a7e0fd,4
devgpt-acb36f674bce6f79,1
devgpt-c684e5cb249978f0,1
devgpt-ace340aa70ffde2e,1
devgpt-afa918214e2b239c,3
devgpt-3dc295edd97ba18f,3
devgpt-c4a43bcb655d6909,4
devgpt-1efc2b0726b6ce1f,0
devgpt-4c93150653cefc73,2
devgpt-ac9853b2cd5fb469,2
devgpt-0b7d13d3f175657a,2
devgpt-9b3a0813a3e4dece,2
devgpt-f2aa3081962509f2,2
devgpt-d7d68248f2d01228,4
devgpt-608a5ada5b26dbb9,1
devgpt-102dabc2f7bcbbe5,3
devgpt-2c0535761eeb1fa1,2
devgpt-30f7ee748a9c7e1f,3
devgpt-d0c507475abec603,3
devgpt-cc186e3a875b5990,0
devgpt-36f8b139e1b8f080,2
devgpt-a113cbb05f5d43ad,0
devgpt-99a7091aaa336cfa,4
devgpt-c15f6a9313ac87c2,2
devgpt-6ed681b6f4d02a57,1
devgpt-d39bc613e30273e4,0
devgpt-7dbf9def1008507e,1
devgpt-e0fc593fb1396417,4
devgpt-9bb849e9c4b72c72,4
devgpt-26aa4022b7db2d0d,0
devgpt-4f22c77e12a08772,2
devgpt-b707d4b2287c2c1a,4
devgpt-85680093a03f2f32,4
devgpt-815bf55a5e48efcf,0
devgpt-b9d74998ccd1f9d2,4
devgpt-b2bdbaf0baa79f1d,3
devgpt-04e9eec32925e9ea,3
devgpt-bb6a3d59c2b8e26d,1
devgpt-945eea400839f084,3
devgpt-b8265e2ae789f783,0
devgpt-30ce0c123eac3bba,2
devgpt-b27d4d2018435de3,4
devgpt-987bdf8aceb142c7,3
devgpt-9af6b20503064af6,4
devgpt-8b48987fbe9857cf,4
devgpt-d0c5b2d19feb4ec4,1
devgpt-5528b88ab63e467a,3
devgpt-b2c115edfc80f350,1
devgpt-a57baaf28e7bdd77,3
devgpt-d18b2891c063ede5,0
devgpt-8ee40412251b6a0b,0
devgpt-447c8ac0368d9673,0
devgpt-09f147c1b005d037,1
devgpt-cfa5dc9b3f3af105,0
devgpt-1741cca781ec2fcb,3
devgpt-c1e956321736242d,1
devgpt-dd2fc0979eefb342,2
devgpt-20a11e05d6e7a4be,2
devgpt-9d4fd0e97f4b23d2,2
devgpt-7d6c43c516fe8f0d,1
devgpt-7035dde378e5c0ed,0
devgpt-7c24fa39e60279da,1
devgpt-07a7f8b6a394cdaf,4
devgpt-9c61e4cddd41d4c8,4
devgpt-2819f77e1a6e71b9,0
devgpt-f153f78e765f99da,2
devgpt-f2b0bd7f555e8a00,2
devgpt-9ec387b7db055e27,0
devgpt-52c4b5825ed2d00e,1
devgpt-d242fa191b983114,3
devgpt-c67a79c179d486f2,1
devgpt-2f2fdeaef5d09266,1
devgpt-1d6b722a9df3db6c,2
devgpt-b6fa743fb401450f,4
devgpt-f5f76461c74e63d6,3
devgpt-f7ff3d89ca74fdab,1
devgpt-24b54eee3d2a0085,3
devgpt-8a7c4f2defe0bc7e,4
devgpt-6e2131af1450a9f0,4
devgpt-d67801d704fe9295,0
devgpt-0620c10f48c6e43f,3
devgpt-d0773a01b2844c0b,4
devgpt-6c1e9e8c60678e2a,1
devgpt-cf2bceabbac10152,3
devgpt-df7bfa9dbb2cf85a,0
devgpt-c2e706ecc65eedda,1
devgpt-a8a1505d4ca10914,0
devgpt-667e1d5f6cc45514,1
devgpt-33a5ad3c92f4345f,4
devgpt-a98e4c0c394fed5c,0
devgpt-bb4a5af75d7cea16,2
devgpt-e1eda6a5037fcd4d,0
devgpt-e7f94a8c22c36187,1
devgpt-29a056d2d3393450,3
devgpt-9cc2c524ec99ef70,3
devgpt-7030cbc980403183,2
devgpt-af5d8c0ed7a0ccc1,2
devgpt-3a9bc7d39f9a647c,1
devgpt-534094aa8735e2ee,0
devgpt-e70d8f349d88d826,2
devgpt-871620259c222a40,0
devgpt-0e05a757cc373cf7,0
devgpt-4fe2d09e901d5a5e,2
devgpt-22f50c5200a4f6e2,0
devgpt-a35362ba50c99176,4
devgpt-645cf6a036b018e1,4
devgpt-898f582880f22be1,1
devgpt-691729a101816bf3,0
devgpt-98b5fc8b50aeeed1,2
devgpt-d22a5adf32e3e0dc,3
devgpt-1831f108ba566ad6,4
devgpt-c154d973bca7ecb8,0
devgpt-9205dcfb8e744e3b,3
devgpt-3db3a7892ad3ea1d,4
devgpt-b8f84f3ffa99c44d,0
devgpt-acd1914b670f7b8e,0
devgpt-fd368660d4a6f8f1,2
devgpt-36c5b01adcd60736,4
devgpt-9f4a3dfb680ae3c8,0
devgpt-885a05a65f8a18da,0
devgpt-492b4e30ec01cdce,3
devgpt-e03d66262df9c4bc,4
devgpt-5713649a58636634,2
devgpt-31b46ad222285492,4
devgpt-02bb22b975c3a27e,3
devgpt-07fdf797c1e92818,2
devgpt-530596b5c23929db,4
devgpt-8e82cba213cceda1,0
devgpt-27e45e83ad8cda81,2
devgpt-d6a7aba9c41eaac8,0
devgpt-43e05f90b3e31746,1
devgpt-48598a92d5bffbe3,0
devgpt-42fdba26880951dd,3
devgpt-c73b5668a2095d2a,0
devgpt-f9503fe4adafdaa9,1
devgpt-bc6139db2a5e5e4e,4
devgpt-9b5c86c9c6f7cfa6,4
devgpt-dfc324a3cb576ee3,0
devgpt-5e9439b4851e2748,3
devgpt-abf40a04a4b49d09,3
devgpt-7aa81228999db20b,1
devgpt-f74b7a028dee7111,1
devgpt-d3efc8c7fcad0203,3
devgpt-92ac50f112231f45,4
devgpt-3b2d84c04361e5c4,1
devgpt-ce7a685c65cca5e9,3
devgpt-0220d5c78ca43471,4
devgpt-90a0aab01516e5be,1
devgpt-23ab7fc67fe0bf4f,2
devgpt-ef16c9024fa5cf3e,4
devgpt-d6becb736d1f3bf3,3
devgpt-019af2f1ab07a535,3
devgpt-360907d1c4d86035,0
devgpt-e24f7a04e28631c7,0
devgpt-5ce098e9882d85ee,2
devgpt-0cc9cef95236bc05,1
devgpt-53b1765c460f5e2c,1
devgpt-05d1077bff70d151,1
devgpt-52f40fb1a3658294,3
devgpt-b63a417478847f3c,0
devgpt-31d6a74e85b974d2,0
devgpt-fff288eb4c7f625b,1
devgpt-5d95dd082ce73597,2
devgpt-1dfde31dd587ce91,3
devgpt-c630dd52d2700f74,2
devgpt-eabe0f9fa7942fa6,0
devgpt-569a636f4d721c22,1
devgpt-2ecf58cd7ed691ca,2
devgpt-3d4eb4396596972e,2
devgpt-5812dc20974a0013,1
devgpt-66aed41108e31754,0
devgpt-f850cf79180929a4,4
devgpt-ca0e22191ac2f148,2
devgpt-89c822044cdc4677,2
devgpt-e2449c694a3fa0c8,1
devgpt-b60613f0264fe6d4,3
devgpt-d893019d59aba8ff,0
devgpt-b9f87f8af1eb81de,1
devgpt-1af5a22ea248bc74,0
devgpt-03aa17a68e97cfb3,4
devgpt-9d8e639638d08e8d,0
devgpt-eea04c41d4d98be3,4
devgpt-9a55bb6f7f210139,1
devgpt-f94720baffaa9e14,0
devgpt-586ad723b00b075c,3
devgpt-daa935dc3bcfffb2,1
devgpt-033098dd87319794,4
devgpt-5d710a0b188791a6,0
devgpt-c21eac557d5d490a,0
devgpt-a868118d09314660,1
devgpt-db23473f70e980da,2
devgpt-0d8f4f84c57a9178,0
devgpt-6b57f3c9dcb575c2,4
devgpt-5fd8806fa34db700,3
devgpt-ee42a47946385155,4
devgpt-380825a35ebd326a,0
devgpt-494da59ea2608ea9,3
devgpt-1ed82800e4c275e1,1
devgpt-3dabb71525bc3fd8,2
devgpt-320daf6c50ff2c2f,4
devgpt-65646c03811d05fc,3
devgpt-a73b3f58509917f1,1
devgpt-fdafb2da04ce3dbf,0
devgpt-d92e3d1cd56e2aea,1
devgpt-fdb53d3310929b36,1
devgpt-4ec518bff7a02cdf,2
devgpt-c0ede6bf167c4a54,3
devgpt-eeb8db2fcccef52a,4
devgpt-99474284831f6bdd,1
devgpt-ee6689f1f5147efb,0
devgpt-a93b4c3d455772d8,0
devgpt-5ac9011f1648e421,1
devgpt-398601b17f5cb6d4,4
devgpt-70066f4504126c47,1
devgpt-03030540829ad53e,1
devgpt-f590c0d3954c22eb,0
devgpt-1d26af1734afad1b,0
devgpt-dac165be824dee2f,2
devgpt-38ba6bce6887010a,4
devgpt-c6b5d5a6037c99f5,1
devgpt-4719f05aaa396c6a,1
devgpt-90f6bba3f35a836a,3
devgpt-29e90d32351fdd5e,3
devgpt-dc12960d072a3ba7,3
devgpt-732393dd40000817,3
devgpt-eb36ed58290d44aa,0
devgpt-7c4ce36baa3d7604,2
devgpt-b596ad27e9296652,1
devgpt-2e7aa4af549f957a,2
devgpt-4582f88cfa3ce598,4
devgpt-9e3fe01ae4d2cbde,0
devgpt-09e80a9d47eb7ad2,3
devgpt-f623db8f039738bc,0
devgpt-042e579edbf29074,2
devgpt-7008f3bce3ae635b,2
devgpt-064605ea61d8b7fa,2
devgpt-83f100b8d351aab3,2
devgpt-9d1edf976434442f,1
devgpt-87f7a5001449e0a1,3
devgpt-6a02969325c60a4e,1
devgpt-e1574e4ee25a95ea,0
devgpt-111ad02861abb0e4,4
devgpt-b9bd2468e4310484,3
devgpt-344999ed2bec68e0,2
devgpt-4ac51fa25c36b872,2
devgpt-e22b6bad793a3a23,2
devgpt-f64aad1c84f6e775,4
devgpt-b8005f9b93ad714e,0
devgpt-32e933a60dafcb2d,3
devgpt-f59739fc1edfa2e3,2
devgpt-36c55d631a240c92,0
devgpt-f6640cc4c223c100,4
devgpt-caab6e8110044063,2
devgpt-db064a39e57df96d,2
devgpt-28f853bf4bdc9615,4
devgpt-5666d98624a6166e,3
devgpt-3af7ba657f1c930b,0
devgpt-46a5fd7667c0954b,2
devgpt-5b223683df88f4dd,3
devgpt-473e28c25d78fd7d,4
devgpt-678be83421a804b7,1
devgpt-da0a89e723e2239e,2
devgpt-6493493ba87e5ca9,3
devgpt-baa7d3d2236bdb36,1
devgpt-bf31deb25d56fac5,3
devgpt-a5c91f0436729b80,3
devgpt-aff0e812663cff1f,2
devgpt-f24f719a54d9aa6a,4
devgpt-8c21f3cc0f631f02,1
devgpt-0d2d2be2fe502a70,0
devgpt-87f8d8dc88b18d04,0
devgpt-aa798b46ae1f33cc,1
devgpt-d2d7bfc9446e5164,4
devgpt-3da5705abf502c2c,1
devgpt-17d28c06dd1a162a,0
devgpt-0f51c7af55803bf8,1
devgpt-7395375e61199885,1
devgpt-b02991f8a66d96d8,1
devgpt-b0f5d87d0cf0a70c,1
devgpt-82d9358c524939b8,4
devgpt-5f35d6184c88a5ad,0
devgpt-b893084cb0b32801,2
devgpt-a049bdaf2b89a74e,0
devgpt-0946c12f93a79bdd,3
devgpt-1b316917e3161d9b,3
devgpt-1e5b63f183cbb974,1
devgpt-9e8237296c54d2ab,0
devgpt-b5b9fe29d0065209,3
devgpt-42ac0fc309483f5e,2
devgpt-ce93409332c3a11b,4
devgpt-f8720867cf9ad697,3
devgpt-f3734d0c92df39e8,3
devgpt-50cfe94e63c76912,2
devgpt-d833ceb42f2c867e,1
devgpt-954332e6618f2b05,4
devgpt-dfaec5b9e9b1907e,2
devgpt-b634e08ee206ba8e,2
devgpt-0e642754a92cb0fd,3
devgpt-de17a1c91ea67dce,1
devgpt-10933babd9e16773,1
devgpt-6660269063844481,2
devgpt-44daf662281b87f2,2
devgpt-3d61f1bd990d499b,3
devgpt-ccfbd860bb456b55,0
devgpt-adf7843ee091bba1,2
devgpt-2402b5d30248cfaf,3
devgpt-0cc94347994e61e7,1
devgpt-f37014f180407f4d,3
devgpt-0327c7f21cd3eb21,3
devgpt-4bcb6bdb38e4db76,2
devgpt-22e05e7f37b0905d,1
devgpt-0e4e2cbbfeee6717,1
devgpt-4f5dfb3ba20c76f5,0
devgpt-85f079f99762c4aa,1
devgpt-fe6f2d6d855a08ad,1
devgpt-358a7743fb9ceee2,2
devgpt-c2b0c1cfe83d4d12,2
devgpt-af56c860785e3b4c,4
devgpt-cd3b74bd9a149f1e,0
devgpt-f6c664677f6e5cb3,1
devgpt-1bbcf43272e2cb9e,4
devgpt-807fdd2416edd2da,2
devgpt-eb1629ae66be9d1f,3
devgpt-aa3b8d1a90ec34e3,1
devgpt-493881d28eb206db,4
devgpt-943f3d8f972b8ecc,0
devgpt-89844a43f2fdb2dc,2
devgpt-0cfdc6d2e4f7259f,2
devgpt-53405ba0aba85fa6,1
devgpt-b740765c848bc839,1
devgpt-298d8a9e29db46be,4
devgpt-f7f71ef06b2baa61,3
devgpt-625d59242104f683,3
devgpt-b75151d19d4b77e9,2
devgpt-436e5789de4b44f0,2
devgpt-16f36b04d6072345,1
devgpt-006af6172212529e,1
devgpt-e18d7e9cb084abc6,4
devgpt-a5983eb360da2017,1
devgpt-a51d2597251aa60d,4
devgpt-2140ef7867724c31,1
devgpt-b8b088c619284a4f,1
devgpt-e7d7c5a966d6db85,1
devgpt-4a7b9a71b7eb681f,1
devgpt-b7f67fd1789268af,2
devgpt-d0a43f6054ee842d,3
devgpt-7b17a71b509c01fd,4
devgpt-a8e8143b41332f85,4
devgpt-01784d21f6ef4503,4
devgpt-c6c86c070a99689e,2
devgpt-dd05d389c7922799,3
devgpt-0cab059d561f25eb,0
devgpt-5b9e4ade7325498e,1
devgpt-25e79e34b073798a,2
devgpt-d2c66e38e2d8f8a8,3
devgpt-a3a1912c245b34cb,2
devgpt-c9d58385ac1ad954,3
devgpt-79a1a001856a8295,1
devgpt-c0b792d26509e861,4
devgpt-f42e76c274879de4,2
devgpt-a0beff0a0bb33a90,0
devgpt-c1cc497347e56ef9,4
devgpt-b600fa0e3238dcf6,3
devgpt-28cf1cc565946688,2
devgpt-755a080c990211da,0
devgpt-f297905a7255e553,3
devgpt-8d3e3b0b2c003576,1
devgpt-d2c281f37e0bdbae,3
devgpt-da455893ecd96455,2
devgpt-062786ddc37316eb,2
devgpt-84c9a91759914660,4
devgpt-7a0230861920e23c,0
devgpt-7b115c6584e0ffb0,0
devgpt-947fb38e58ee39b3,4
devgpt-cd2b44796f1a1a8d,4
devgpt-b626c51476e5126d,1
devgpt-233c5b69bb472b49,3
devgpt-c29fee3009c939b3,3
devgpt-0464990b8aa58150,3
devgpt-fbc661f0fcab15ce,2
devgpt-a85f3910cb928430,0
devgpt-a7c9142d084926e4,3
devgpt-3b88fcf68eb7518a,2
devgpt-023a275291afff21,4
devgpt-6ffc7cb3fdad0e60,4
devgpt-330e09114226e67d,0
devgpt-de5633e51bb1e55f,0
devgpt-d3160a3bdfab80d2,3
devgpt-d289a610a9c58a1c,1
devgpt-015fae41b9ee9c92,4
devgpt-2ed1d3ade5774abb,4
devgpt-a1c52af1d8f66243,3
devgpt-4f233e934187c032,4
devgpt-4d62c691c08594d1,4
devgpt-4e4ffd50fe2f556f,0
devgpt-be39f799adde5730,4
devgpt-810103792bbe87a5,0
devgpt-e5546e355a09452b,1
devgpt-7bf02d0b922ff37c,3
devgpt-0cad945693154eae,0
devgpt-fe0bdbbada05d5d7,2
devgpt-b1b01e74c3392838,1
devgpt-db680dcab77f40ad,4
devgpt-50129df90f313a7a,1
devgpt-c07d6f25dd243114,3
devgpt-6bda1ab3f6586add,0
devgpt-58223e0543ef3d22,4
devgpt-8c5ce12cb9fc062c,4
devgpt-120c05643e6ef612,4
devgpt-7238b4b4f5cbaabd,4
devgpt-bb727e6f2f5043da,3
devgpt-02bbccb6b472a3d9,3
devgpt-286b730c9f177f80,4
devgpt-3ec55b63f5c8ac89,0
devgpt-84d70cd499ba36f9,4
devgpt-0eaf846766536650,1
devgpt-3d4ddfabf043c3f5,0
devgpt-1367959a24ba2d69,4
devgpt-4498058e50f28e50,4
devgpt-552aaedff552703d,0
devgpt-d8ad6fca4d557b6e,0
devgpt-b3ebedb89a8b40e3,2
devgpt-8fbf62ef75cc8e93,1
devgpt-d81e0375803c5f6f,0
devgpt-ee4e2a2abcfc904d,2
devgpt-cf4f240ad38dff2c,4
devgpt-95d73cf2b1e65e79,1
devgpt-bacafb59ada7516d,4
devgpt-ca73d97148172f09,1
devgpt-c50b4aad993a58fc,2
devgpt-e5abe45471c1b3bc,0
devgpt-703481cf441b0f18,1
devgpt-04a53f31c2198170,2
devgpt-82fa1ac11e13d749,1
devgpt-7c2e45f731ea3848,3
devgpt-2ec72f63727f3d0b,3
devgpt-00650de6567d935d,0
devgpt-f81b0585c9488aef,3
devgpt-5a82b2fdadb87a19,2
devgpt-9b412f536b947002,3
devgpt-660e499d82d78253,2
devgpt-f573dec2113a1dc5,1
devgpt-dea380525210950d,4
devgpt-35e0e94711e7d31b,2
devgpt-2ffe662ab2ad4f4c,0
devgpt-0705bb957ef4346a,1
devgpt-5c91a8a382aa1947,4
devgpt-345f41925d6da73f,0
devgpt-694e084b1a89be9e,0
devgpt-83d1b861f5bf1d67,1
devgpt-e88e7317b3d0c298,0
devgpt-4f26b9886a0650c4,4
devgpt-10b8acd024e68849,1
devgpt-90127942f4d183b8,0
devgpt-0432858e6e665ce2,3
devgpt-8a2fc3de718aacdc,1
devgpt-64ce24ceb5d5b141,2
devgpt-a16587acc030087b,3
devgpt-5dc07df28779e381,2
devgpt-8596f91be46d34a5,3
devgpt-77e03c63ac174ed6,1
devgpt-2bd000ad2960dcc7,3
devgpt-079224cb3d1d526e,3
devgpt-8b05dd75165fe3dc,3
devgpt-069db4c48d238495,2
devgpt-e8fe2ec680372061,3
devgpt-e3f8e686239e16f7,3
devgpt-be1ce08935350245,1
devgpt-e99f9ffe579ef617,1
devgpt-5812709e18185cc4,2
devgpt-74ac1e19613bff0d,2
devgpt-11d85427d65289d7,1
devgpt-5cd87c5e9ba90ee6,3
devgpt-4a1e2d04c060f2e5,0
devgpt-cdd9e6dd9ef258fe,1
devgpt-cf6b3a615e93e841,3
devgpt-5f6bd904821d907a,0
devgpt-eb097e64cc24c41e,1
devgpt-a9ca207ca1227e57,1
devgpt-af8aea14604f616b,3
devgpt-ae053349e3b2b5a7,1
devgpt-6ebd0ac3fe683b6a,4
devgpt-44b55f7cd1a10298,3
devgpt-29e176ef2c3044b0,1
devgpt-1ef4142dfd5910dc,3
devgpt-62d77bb2c14e3ea4,2
devgpt-057d3aceb99c82de,0
devgpt-46f5f503f4250167,4
devgpt-58c6dfb941a6eb9d,0
devgpt-0782b7257010eea6,2
devgpt-2e8623e65a753502,3
devgpt-41f221ed57bdfa6d,2
devgpt-6e773a64fd1ed5e3,1
devgpt-72523975d54c7488,1
devgpt-bf1c5405a66b7e26,1
devgpt-7ea1df8a93573ec8,2
devgpt-2b435c0cdaa15b21,3
devgpt-ce2a2d3e22defe3d,4
devgpt-52d20860ec78fcdf,4
devgpt-b61b5c7d9d723104,1
devgpt-8de1656425144bf0,0
devgpt-58178c895d8fd8f0,3
devgpt-dcb5d07a3f825201,2
devgpt-2ad2e182c11c1857,2
devgpt-3a785c90add9073f,3
devgpt-0ddf1248d7631213,4
devgpt-dacb9919124cd6dc,4
devgpt-f7ee10ef60c98572,4
devgpt-2353ce073fb80b3b,1
devgpt-8727cbee4a0c2515,4
devgpt-a0c4fd9d8fdd8542,3
devgpt-e29ddc9e718b80b9,4
devgpt-dd4035c569589900,3
devgpt-7f054b3cd243461c,1
devgpt-4b8ec7cbd9eafce6,3
devgpt-09fbfb2d46d82299,0
devgpt-a5b9024fda850209,4
devgpt-664f013523862fd6,0
devgpt-e8825fd3eaf72ffd,4
devgpt-e4fa3f839963594b,4
devgpt-7ef5a07f3a129dce,4
devgpt-861d5254308de6b2,3
devgpt-1ea768ef6b6b7346,0
devgpt-26753f56de1494e3,0
devgpt-a38c5be30f415f40,2
devgpt-194fc6c429c3efaf,3
devgpt-0847db0b1ed68bb3,1
devgpt-6b852cbff471151d,2
devgpt-be14e2810c352283,0
devgpt-b4bc0d739eaa6ea5,2
devgpt-bf0203322cff0323,2
devgpt-5c91c5277ee6c473,4
devgpt-6aea400ef80b1c7e,0
devgpt-359fd80b83c3c79b,0
devgpt-5b4e857969bb03f1,3
devgpt-28c328763eddbbdd,2
devgpt-9f41cfaa122f7d34,0
devgpt-4372823188cb419e,3
devgpt-c94098e3bab2714c,1
devgpt-c658ba3625010997,4
devgpt-da119a822ef48a0e,4
devgpt-6d8547bb28739fe8,4
devgpt-fc0aadf51d0104c4,4
devgpt-76b17da86c822d27,3
devgpt-dce760413c4c6442,4
devgpt-44faa412fcea1da3,1
devgpt-312007a22c8a25a9,0
devgpt-16f75c13ebf96d87,3
devgpt-81c5afc51b17fe23,3
devgpt-5b2b14aef5f4bd4a,1
devgpt-0a1d0bf19d7d6b36,2
devgpt-68322fc06fb09847,4
devgpt-c58223e9fde812ae,2
devgpt-8a9ab98bc3fc4d38,0
devgpt-26da5c3ed45d0c88,0
devgpt-7c1ece9356f7c049,2
devgpt-2fbbcb1efdaee073,1
devgpt-919f24bce6647271,2
devgpt-662659db38746409,3
devgpt-5aae279cfdf49f6b,4
devgpt-4be2c510fed23ae5,1
devgpt-5abeea244912bc47,2
devgpt-bc75b5d8d0009a2b,1
devgpt-a22031bcb5de3cfc,2
devgpt-cbdf67b2a3185f5c,1
devgpt-2f0a6722e5820832,4
devgpt-40346bd4b15a79ef,1
devgpt-47232bce9ac27645,1
devgpt-dbe83e8710c1e425,0
devgpt-fb1711bba9a30824,0
devgpt-594e2411da7f87cd,0
devgpt-44083e09cdddc509,0
devgpt-074d5e0f1e66e727,0
devgpt-5fa7e283250cc91a,1
devgpt-7c3fa98c2b3d05fe,1
devgpt-7c571ad34dbfed38,0
devgpt-9de863500a6253b4,0
devgpt-0e93bc2bda15620a,0
devgpt-6cf2e29f2d21b93a,0
devgpt-c26f4298a1f03be2,1
devgpt-376950ac1b009e2b,1
devgpt-a34c599fc6ca4fb4,3
devgpt-91a31ff6ce6168db,3
devgpt-b391c3d23d70a158,3
devgpt-45bccba0568ca4f7,2
devgpt-c313d4525bb9988f,4
devgpt-c32dc2b63a5d3ffd,3
devgpt-bf3750de9ad1eadc,3
devgpt-0dc66797b8edbe4e,2
devgpt-178e4dffc4f4f3cf,1
devgpt-0fc20d8e78adfdea,1
devgpt-0fd01b8034a27693,2
devgpt-9a0d7475bc7f45c2,2
devgpt-b281df0f751a68f4,0
devgpt-1c81ae96f7832831,0
devgpt-0b1bf7fe3c947182,3
devgpt-9f3440ae687656b6,0
devgpt-201dcac1763a07b3,1
devgpt-17f7c9c3eccd7a9b,4
devgpt-9aeb311dd0900a47,4
devgpt-a9a95ce359cb58cb,4
devgpt-6c38998a21456c8e,3
devgpt-eb3eba953a006c97,1
devgpt-9575bfa84314b495,4
devgpt-0693de997f7f1e6f,3
devgpt-6f208e624f88c1b2,3
devgpt-4e217cf83d3077a5,4
devgpt-4768039c05690d03,1
devgpt-ea4f216204d5da3c,4
devgpt-c7f6e31c4f2aed3d,3
devgpt-97c36cf5089a6d80,1
devgpt-0300a8b0a01944b9,2
devgpt-1fa48e70165e7fb4,1
devgpt-57f0627c928915aa,0
devgpt-50419d64144daf7d,1
devgpt-726e42f55facc2e5,1
devgpt-0fbe1b48313781a2,1
devgpt-41ca379967d7776a,1
devgpt-07c4d84cc85beff5,2
devgpt-a988a0468930aee3,0
devgpt-2d4c6b70c1985339,2
devgpt-c086478632db73e8,0
devgpt-b06237ca45404b40,4
devgpt-66dd727092b4137c,3
devgpt-2613198bc2c07a66,3
devgpt-d8ade88104382deb,0
devgpt-717c79bd1fc71117,3
devgpt-3e5b998162abbcc5,4
devgpt-47751162b9c6b6e9,3
devgpt-849ca9aa1b3d92f8,1
devgpt-811df3162d81690e,4
devgpt-7c3820a76991462f,3
devgpt-4efbaee3bdc84053,3
devgpt-33a92fe255ad090c,2
devgpt-652400261321ec99,1
devgpt-ee80eab2b9327258,0
devgpt-ce3a60c313e4e96e,1
devgpt-940e03d0c41693db,2
devgpt-65d990de0f888c5c,1
devgpt-f554f3f61f09d013,3
devgpt-9f892ee1604ba001,3
devgpt-09074236d0394d4a,0
devgpt-deff44d265f55b4a,2
devgpt-c22f13b22d0223b1,0
devgpt-28a3f48f3a95ee59,2
devgpt-018403836f5e05ef,4
devgpt-040edfca553ee441,0
devgpt-8782ed9fdb2c068d,4
devgpt-8ac1da1ca2bf76ff,4
devgpt-872731df12382608,1
devgpt-6956a86553409e53,4
devgpt-2d294fe55fa79f25,0
devgpt-45c83fc502f0be58,0
devgpt-1aad8ef9f632ff25,3
devgpt-afefff862d8f0627,3
devgpt-cbef23f2e47bc97d,2
devgpt-755f5df4d356e5eb,2
devgpt-40c04c8f49e90410,3
devgpt-143dde2fa7a13162,3
devgpt-8030e348dc96b08a,2
devgpt-3c889aa31260e17a,0
devgpt-abdd41bc78b4f6b5,4
devgpt-08c6b760ed1d2821,2
devgpt-1b08143a007822e3,1
devgpt-78b71638ac84b9bd,4
devgpt-f8ebcc0c7230d7e5,0
devgpt-128b4c401043f9d4,1
devgpt-94391686bddf4be3,0
devgpt-2987733cb6c4fae7,2
devgpt-869f7dd321dbb551,4
devgpt-580f2a181427cf59,4
devgpt-9368891d3ddd7387,0
devgpt-d3f98c2f9f95a0d2,4
devgpt-f8068fd0689ad277,1
devgpt-627a4dc9224a440f,3
devgpt-7c9e40f9a479d663,0
devgpt-9cefae9259909fb6,1
devgpt-728fd70397999940,4
devgpt-aa8625c7a4ca5239,3
devgpt-64a222f40715d00f,4
devgpt-9ae71b34399d30d7,2
devgpt-f52455c90a5818c7,3
devgpt-5cca7671696d9313,3
devgpt-47856ebe853dd981,0
devgpt-a678d10a5558af8a,1
devgpt-559c1c70fd10aad1,2
devgpt-d76c7542b00219f8,0
devgpt-0d8c7aabd296d1f6,1
devgpt-373d9f3d102990e9,4
devgpt-e17898dc75c8239d,3
devgpt-873d7448f50c3c74,1
devgpt-3e8c18c176b073dd,0
devgpt-4a4bafa2494f1832,2
devgpt-1da9285fbfae51d1,4
devgpt-05c7c032dcf7a458,0
devgpt-36b06de424699942,4
devgpt-0bbaa7ce3d0f4f32,3
devgpt-22fd357565c4c72a,3
devgpt-8a41a9843e7fdc34,4
devgpt-8a7b5ac5e6ce974e,0
devgpt-8adce6ee818a3c9b,0
devgpt-a7ddd648a0554343,0
devgpt-43472a96fc189089,0
devgpt-1da30f969deef80a,2
devgpt-4665f0e2c5510941,3
devgpt-cabe030ab733f935,3
devgpt-f165a7c1a554d63b,1
devgpt-6274287daa856964,0
devgpt-e232d7e87dbd614b,4
devgpt-e471d7defd69d046,4
devgpt-bc6f70bd463c1db6,2
devgpt-b9df34211f1c3c6f,1
devgpt-948997e5b3aa0ccc,3
devgpt-badc9eab8e63a074,4
devgpt-023284f8ac501fc1,2
devgpt-dff35bd6364773b3,4
devgpt-501f953d156794c3,0
devgpt-01c3cc5031b51ffb,3
devgpt-fbb1fb87ca01b639,1
devgpt-ff0b15af43abb2aa,3
devgpt-7113c27344a850b4,0
devgpt-abb9be5fe98ae443,3
devgpt-c99616436f975f40,0
devgpt-2e763af6973f077f,0
devgpt-d9e455b1e8dd6d1e,2
devgpt-d4482de0c1ae56be,2
devgpt-15c4269bc2589454,3
devgpt-80d3d8a20ee5522a,3
devgpt-b19b4320336585d5,2
devgpt-1cb9fd40e93f53db,0
devgpt-56de6fc3fc782243,0
devgpt-bd788f26a9c18578,3
devgpt-88cec6607f675a02,2
devgpt-d8e4393609afc212,3
devgpt-dc4a25d8b2ebb398,1
devgpt-13d45e07be76d3fa,3
devgpt-ee7e45556feb8bb6,3
devgpt-27747cc88b4e7e45,2
devgpt-6592aab65095c269,1
devgpt-067ebd1f1116d193,1
devgpt-b87120e4f80b644f,2
devgpt-cccaf554d530d5d9,4
devgpt-ecbeae751273ce92,3
devgpt-0a4ecbe3275d3203,3
devgpt-9ba3034a9f50e6a9,0
devgpt-3a9697d2a7915234,2
devgpt-1fa14ca3867e0b07,1
devgpt-cfcd35cae9f1e05e,4
devgpt-68b0e8d95536fe55,2
devgpt-320478593ff549ca,2
devgpt-f56ffa0a6bee0ea3,0
devgpt-09a2e28d64566420,2
devgpt-c4a60d644fc15710,1
devgpt-ff0c24ba542586d1,3
devgpt-a08620984109848d,1
devgpt-b4c3e841bee0beaf,2
devgpt-fc397c78fbf4ae56,4
devgpt-faf052bdcc0f616e,2
devgpt-30157eaf5a2a7b38,2
devgpt-935875d5e583c2bd,4
devgpt-60aa0f6019815a74,1
devgpt-e6121348cb0ddc6d,2
devgpt-22064b62eb960859,0
devgpt-bebc23b40c873b94,0
devgpt-13d35bf5f87943c7,0
devgpt-e65bb796a13a7103,4
devgpt-2009f31606bb2bdb,3
devgpt-482c6c02161e7532,0
devgpt-cb9b847851391d1d,1
devgpt-da4a1d4118ea1abf,2
devgpt-b47bdd46dff1b3e7,3
devgpt-f6857c331671b190,3
devgpt-36080ee6f3723bf0,4
devgpt-ea2bdc7b3f990731,2
devgpt-8d4eec7c4c429127,2
devgpt-db4e20e1ec8f0a79,4
devgpt-3174a40ccb0d4f95,3
devgpt-818764ea731d59d8,0
devgpt-3f24d067050dded6,4
devgpt-33fe4fa5f3fd8012,2
devgpt-0ee21840f0910cd2,1
devgpt-66f2176c84dbf4e5,2
devgpt-ec48caac3103bdb3,1
devgpt-4827328ee8fce04d,2
devgpt-eb0b95113c8dbb54,2
devgpt-3a08ae7c80a9067f,1
devgpt-a70e8d4f98984979,1
devgpt-14e4ae78de82e82b,0
devgpt-8f5ea2a0c3c41a39,0
devgpt-17271169b6723f2d,1
devgpt-8d47da602b17543d,2
devgpt-563e8b6cb52f88fb,0
devgpt-47deae80cc758a35,0
devgpt-6ab2322c42ab5195,2
devgpt-b11131511b43f1a9,1
devgpt-025ae5079baf6760,4
devgpt-0bb920087e8cab05,3
devgpt-a4054c69db18e340,2
devgpt-adecf169762a6fd1,4
devgpt-14fe904f23f6fbc0,0
devgpt-d6c48f35251e36e1,2
devgpt-b2cc549ea59f9354,4
devgpt-a9e0bfc5dd09847e,0
devgpt-e3f72bf7d2f95f9c,4
devgpt-25c1cff3af818bf8,2
devgpt-dc101eeec8f96445,0
devgpt-b0b526d401636788,3
devgpt-27dc8ebf0b37d7f7,4
devgpt-03a283616b4f821d,3
devgpt-fa9ca5402b59d9ec,1
devgpt-a10a4c28a5aff000,0
devgpt-df6a632f050f418d,4
devgpt-3eb58168b3c7e02f,4
devgpt-1930e53f458cae08,1
devgpt-2bc2c21c61258142,1
devgpt-78c402417affe04f,2
devgpt-6d6c8b633ec8b6b7,2
devgpt-e351960ccf751ca8,2
devgpt-e852c668ab6a7249,1
devgpt-a5d5b244ba0353da,1
devgpt-577a0a17f4cbcb1e,0
devgpt-037b1a8f0d921441,2
devgpt-adea718895b63cd7,4
devgpt-5b4bf6e16f2efe67,3
devgpt-4f8ee720436359a2,4
devgpt-4df8c21278e53c4e,4
devgpt-7f931e7cc37e1eb1,2
devgpt-5398b0d807b8bc41,2
devgpt-b09f8ab76a5380bb,3
devgpt-a45db626a66010f2,3
devgpt-e4edfdef1b2f7ece,0
devgpt-609f1391866bfab8,4
devgpt-b8482f66cd944b53,3
devgpt-c636b9eaf20b1d1d,1
devgpt-41860efc85c80550,2
devgpt-6a67d4fa7316f0b0,4
devgpt-f0ec5e1e89980492,1
devgpt-5a07afea9bf4c3c6,4
devgpt-66b25388d0120bdb,0
devgpt-c670ee945476acb7,3
devgpt-953bf8038aa0f759,1
devgpt-495348616efcf9c0,4
devgpt-88fceeca9082c146,4
devgpt-124b89d648a147bc,2
devgpt-8a6db53c95a05145,2
devgpt-0882fe2a7dbc7dff,1
devgpt-53d1e0f7dc74a6b3,4
devgpt-8723da04af88c054,2
devgpt-533fef1c4f6e4099,1
devgpt-498bca4d837369a7,2
devgpt-83efce394b8c4fd5,0
devgpt-042059c737a3375b,1
devgpt-9d18d3bddd3cd755,4
devgpt-dabb4e1e18c657d1,4
devgpt-ac831e563c127b23,2
devgpt-fa968d603f37deaa,4
devgpt-47b9c95280e3e847,1
devgpt-0f51a78f9ccc019e,0
devgpt-7feefa4c9b1bc56a,3
devgpt-a6b84ab0ab3c5541,4
devgpt-e2d1be7f7f010a37,3
devgpt-f90b1c3d64ef97f7,1
devgpt-0f9be0aba7952b51,2
devgpt-33ec2e18f094746b,4
devgpt-ac7a7bda0d7dd218,0
devgpt-cf21189d81a92b4d,4
devgpt-93f0d5e8826f4818,0
devgpt-ee5994dafa099f04,0
devgpt-d35900afe69bad3d,3
devgpt-d220519fd8d511f1,3
devgpt-71c307a5683faa9d,0
devgpt-9da7d78ee987cc8a,2
devgpt-977d02fa893d8bed,0
devgpt-71a18a3aa7130a94,0
devgpt-41a6e8d87b83939e,4
devgpt-4eed7a74f9c3b1a0,1
devgpt-1bccbfacc30d0ee7,0
devgpt-5b119c71747cc234,3
devgpt-3a05aa75369446ba,2
devgpt-83107e5d139fd558,2
devgpt-630c06be72ae7165,3
devgpt-c00d2cc7787e96a8,2
devgpt-8ca176ed114bc7af,0
devgpt-f004ec10bfb455ef,2
devgpt-b55ed8da6783c1e5,4
devgpt-3a3282ba8810b20c,4
devgpt-65644a4a64972837,1
devgpt-f231371a63e99fc0,0
devgpt-9b1cc9adec189959,3
devgpt-15d43db00eceb25a,0
devgpt-8e65891a0fc5f16c,3
devgpt-d2144a65d808c920,3
devgpt-a7f5427b4bd8fd99,1
devgpt-736e50178ef8ce62,4
devgpt-f7521540607dc16a,1
devgpt-88be991f8694a8a5,4
devgpt-3bff97f3e469057e,0
devgpt-ddd87af0fefc13f9,1
devgpt-a2ca461e78e450c5,4
devgpt-64c68042f04fca13,2
devgpt-e25b12291cc3f6e4,3
devgpt-7bcd86ccf9ecfa37,0
devgpt-75cfa5b18b46315d,3
devgpt-63a9cc45c72a2f3a,0
devgpt-091b4e78efd05bb5,3
devgpt-574f1f9b4a2221a9,4
devgpt-8a609e37376fea61,4
devgpt-5997477249459be6,4
devgpt-50999848cac08b2a,3
devgpt-0928a260e7955f1e,2
devgpt-ce02f3467cc394db,1
devgpt-b2b023e2096572d4,2
devgpt-9de34d6af8f72f70,1
devgpt-2488e5c06e9e551b,1
devgpt-0fe19e36093e6d9c,2
devgpt-28f6906bf091ab0e,0
devgpt-d4d8bf554a8ae97f,2
devgpt-aaedf57c6f580cb9,3
devgpt-56dbfd178057af12,1
devgpt-eecee7479b1f2949,2
devgpt-3e3b85969c017fc1,3
devgpt-fe77b4ec5bb33b5f,3
devgpt-e6ac83c344fed7c0,4
devgpt-180a7cbf917e3eb5,1
devgpt-cfc4cac1dd23987b,0
devgpt-d8cbea2c6f2bd29a,1
devgpt-443f7656491a6cb0,0
devgpt-cc92c59cd51cdbe7,4
devgpt-ea6022ff9089d34e,0
devgpt-0ee31ae328fa0bf4,2
devgpt-a113cf495e0d3ea8,2
devgpt-dec9301087c6f8c6,0
devgpt-0dc0d4da7f4a1137,4
devgpt-ff6bbb8c7e0d7118,2
devgpt-a069f42e347fe649,3
devgpt-7ab17b632159ad82,1
devgpt-c72517182d8e9924,0
devgpt-6fa5206b7976805e,1
devgpt-86db4e83709910ae,3
devgpt-12743238381f5b10,2
devgpt-65248ca3ca9c2bff,2
devgpt-5a3f68c929c19f19,3
devgpt-2004290773656285,0
devgpt-9215fa7d8cecc6af,1
devgpt-bbfb4ad5e353167b,2
devgpt-ac19cc9c7d4bb085,2
devgpt-59cbf7f104c3a5a2,3
devgpt-f25dfeaea098132c,1
devgpt-9d0b27b5c7a43149,2
devgpt-288fbc18c31fd480,1
devgpt-7f89ed3dcd7a5b90,4
devgpt-22077f22719dc796,4
devgpt-390f08f4b946a70d,1
devgpt-37078f90d75a73bb,3
devgpt-0921ad9ed62f2d83,1
devgpt-0a5408519fb62fc7,2
devgpt-c8ae28e82ed62ac2,4
devgpt-fed0740086a3a474,4
devgpt-11a1575de18739d6,4
devgpt-451f0c8dd0f4b7e3,2
devgpt-8ca61e1e6ef283f4,1
devgpt-49b121424324735e,4
devgpt-93a6d021813b11dc,3
devgpt-ff879577089419cd,3
devgpt-a95e99e9b235d7ff,4
devgpt-983588acbde30790,0
devgpt-6997e39f07538588,0
devgpt-497851dacb5fc5da,4
devgpt-ff5e71fdc99436d7,4
devgpt-5cc305a3b1f11f9c,2
devgpt-348c7d5832b007c3,0
devgpt-6c94c894d769eb19,3
devgpt-8627b5c8c249264b,1
devgpt-ab5afd6669928207,0
devgpt-7d0ccdd2e345daba,0
devgpt-15985c598b778305,4
devgpt-a1888e19d65386dd,2
devgpt-dace1c16baa43fff,3
devgpt-d78be6770238b0cf,3
devgpt-9393c41ef226aab6,4
devgpt-92f8705728168bd2,4
devgpt-97e6f00778570905,0
devgpt-92c9b5cfa8d37195,4
devgpt-79208c19049d85fb,0
devgpt-8ed5125f46f1fc92,0
devgpt-de86b391cf06907a,1
devgpt-514a97e4ca1ebf6d,2
devgpt-df4a014d1e2f427a,1
devgpt-50b7e847976beac7,0
devgpt-23afc10e893affd3,3
devgpt-c2270ed703219f9d,1
devgpt-81eb2a8504593c46,4
devgpt-74b0165f8fa4f0be,3
devgpt-d39ba52c4660fedf,0
devgpt-8f689825825d8c8f,1
devgpt-c19382baf4c22933,2
devgpt-b6af80b52889b5e7,2
devgpt-993dbfe5dce38962,2
devgpt-1096fdca38ada5cf,0
devgpt-c861f9dcaa96be4c,1
devgpt-064f00754dac2897,2
devgpt-82f8a40ce55b383c,1
devgpt-ed6b5ce14b555e84,1
devgpt-594b8b5d2cb9ae86,4
devgpt-76c1dd26ea0e10cd,1
devgpt-2c7b70af21047910,4
devgpt-26064e230c350548,3
devgpt-b4b47faeab393bd1,3
devgpt-4060e3fcc57cd42b,4
devgpt-7db9eb914dbeb1b0,0
devgpt-dc619f345f3183d1,3
devgpt-b88158a16b9a3e6e,1
devgpt-7b035392825cd31a,2
devgpt-5bbdf92d6a85738c,3
devgpt-07048f9d865cb176,3
devgpt-7de96902248790b5,4
devgpt-139c474bbebe0d42,0
devgpt-68d5a152cec71dfc,0
devgpt-1cc7e4dcda55349f,0
devgpt-3ce692d018918a60,0
devgpt-5e280607c5a0cb50,2
devgpt-8c7900cb744eaef8,1
devgpt-7dc24ea48848d0d3,4
devgpt-bb6f2737ab4c922a,1
devgpt-f9b98d51dcead4c8,1
devgpt-85d5ad85085265c8,2
devgpt-1bace602e0bc8d87,2
devgpt-5f292c0d22acd2f7,4
devgpt-9237d712e40a3911,1
devgpt-72d340bbb55faa30,4
devgpt-2dd61e25f1fd3fbf,2
devgpt-248c5fd1d52c5fab,0
devgpt-b838dfb1d13a20bd,1
devgpt-f6ed3b635d7acb52,0
devgpt-e4be601610e94539,1
devgpt-787163b763e412f0,4
devgpt-ab010b15b96cefb1,3
devgpt-16bedc26562abcb5,4
devgpt-ab9bde449ee2a540,1
devgpt-b380b57c7cd1267a,3
devgpt-a80a4dab624767c5,0
devgpt-c478c6c6a04877e7,1
devgpt-0ced94a0cd1af308,4
devgpt-b7f860a194acc5c6,4
devgpt-a28fdade8c93412a,2
devgpt-458c93b4ca186d03,2
devgpt-e7d8e4f0a89d4aa4,2
devgpt-a903030833adf816,3
devgpt-0eefb1f3d7332996,3
devgpt-37caeb5fee5b7aae,0
devgpt-bddec8c40be7fba6,4
devgpt-b64266f9c7e19f5d,1
devgpt-1bba184f08dcfb61,0
devgpt-b398e5621affc881,4
devgpt-ff4c44fd1668c6f0,2
devgpt-16945b40204c45e2,3
devgpt-38a08dc0b4487958,0
devgpt-4cfae4c6aeb9f697,0
devgpt-d46a37dfa5b0f299,0
devgpt-9b8d33807edad092,4
devgpt-9eee793ef091a872,0
devgpt-f214b06bbc9fd2ef,3
devgpt-bbf6a38c055562e1,3
devgpt-c5d68544606d92ad,3
devgpt-119819ecfb7e0f88,3
devgpt-5555235c932ad6c7,2
devgpt-1556047ca6800679,0
devgpt-be13970eb94e47fe,0
devgpt-90acc34bc6a967fe,2
devgpt-418528722331d477,4
devgpt-6fef0fffcb2a75f5,3
devgpt-e516e91a1df5a5dd,3
devgpt-441d4c5f77807f04,3
devgpt-015daf358f99cd24,3
devgpt-2eb76cede6faac8a,1
devgpt-bca69f6d713a5e89,2
devgpt-4d91c2ac69ff6dee,2
devgpt-126e30d4a4c3d3f7,0
devgpt-481b4338b96f1cac,4
devgpt-927eacfca9b421b6,1
devgpt-fcf66a2cae37639c,4
devgpt-6e853839bf12c0c2,3
devgpt-e701b3127cd47d49,1
devgpt-43e86d1bb3ec9152,4
devgpt-648be232a5e6f74e,2
devgpt-e74bb42145ac66b7,4
devgpt-fc7632304c29fb05,0
devgpt-0f3ab748adac6983,1
devgpt-515c7f99cdcf09ac,0
devgpt-bfd0722724097278,0
devgpt-fadd870e1cc63acb,0
devgpt-17adfb265a086317,0
devgpt-c40e55ce626c83d0,4
devgpt-fa838b9232f37f69,1
devgpt-70428b955f75a180,1
devgpt-98967162c9dcca2c,2
devgpt-eadfa669c0e52a9d,3
devgpt-265f9772cabd2a7f,3
devgpt-18f380312a4c5a77,3
devgpt-a6c3db4890e999c0,1
devgpt-a09ba62dcd4d9d31,4
devgpt-3c5ff616eaa9b957,0
devgpt-0f61e6361a4045b9,1
devgpt-f87c17002dfd968d,0
devgpt-dcec2f13d000c6e3,3
devgpt-1c3230726490365d,3
devgpt-f5a0c245ae358349,0
devgpt-b9796a72912e91c2,1
devgpt-799736fa1c2614a4,3
devgpt-d1579c1b2567a5ca,0
devgpt-f1690453d2d13364,0
devgpt-e9a8561619704778,0
devgpt-00ecd1a0fcd26f1a,3
devgpt-c78706392d6ca079,1
devgpt-237df3c1abfd6877,0
devgpt-aceeb446c4d0c3e8,1
devgpt-a336107bf3ca3252,1
devgpt-5a294520d9c238e2,1
devgpt-fee1345b03259d9d,0
devgpt-8ee1294c6c4f6438,4
devgpt-450fd9ae7ee5e113,0
devgpt-ef794b2a04b02a0c,2
devgpt-efa2fd4177d95b67,1
devgpt-fac4e4225f02a238,0
devgpt-a68d5cf04b38bd89,1
devgpt-31c5c43dc7c8a11c,1
devgpt-6d88467802346bf8,1
devgpt-6a59a27ba2b86c03,3
devgpt-f892e7ccfb3f4eac,0
devgpt-11cabbfa6338b638,1
devgpt-41d3c347b5488ebc,4
devgpt-6554d4e0c5a35469,1
devgpt-af08b8e275aa3da1,1
devgpt-92f3c9c6864846b7,0
devgpt-e63339fe088f5a5b,1
devgpt-c6fb051f184debf4,4
devgpt-71ca70da379a3595,3
devgpt-62ec0ad9aab3122b,2
devgpt-74848b09c1ac58bc,1
devgpt-fdc3c713395f89b7,4
devgpt-25125ca6b98fece2,2
devgpt-9fd29a0859434626,3
devgpt-fe71950f32808682,0
devgpt-9be0515d49a2e0f2,2
devgpt-df50933398a9ed93,4
devgpt-16a0f4319a3f4d5f,3
devgpt-32c147eb883ad842,0
devgpt-ab93217dadd00594,2
devgpt-aff018f921b3aea2,4
devgpt-13c481f727c3ad18,1
devgpt-4197c2e88f713a04,0
devgpt-64936046bf67aa81,1
devgpt-abbeeb01ecb31edd,2
devgpt-1d57df22ee1a0b6a,0
devgpt-9892e6c84cfacca4,4
devgpt-ca01d6347ed696a4,3
devgpt-3ead2cf869ed942f,0
devgpt-1874d8f13758913a,4
devgpt-87d1be58709d9993,3
devgpt-6960d5d402f08ec7,4
devgpt-cf393179b4d30dfc,4
devgpt-537c8463efb834e1,2
devgpt-f802b028a8286386,0
devgpt-8792fda5159ec321,3
devgpt-5b79684500bacf36,3
devgpt-1f26fc95a8204287,3
devgpt-f5a95eb0a79d799a,1
devgpt-5b308622524abd00,2
devgpt-72abff1225353f58,2
devgpt-5415555d008acb33,2
devgpt-3f32179c9f6baa00,1
devgpt-a9de3700ea94a8a7,3
devgpt-367fc512b654d9b2,0
devgpt-10a28427cf26a0d0,0
devgpt-0293b9aaeb7f64a7,3
devgpt-77b7eb3660960877,0
devgpt-f9fe5b9e6ed46135,3
devgpt-bb7a6b38c1a688d8,4
devgpt-ab8a0cf6b004abe8,4
devgpt-85baebd5eceafec3,4
devgpt-a37696bbd54a36a3,0
devgpt-3bbbafcc7919c4be,4
devgpt-e02e902f00cdd327,4
devgpt-25fde4307e76992f,3
devgpt-2fba7ed59ecd9410,0
devgpt-284c2228ffc316f9,2
devgpt-9a15184ded972f1f,3
devgpt-26a563b0300f721d,3
devgpt-fde712e98d8c048c,1
devgpt-379e073f5a32475d,0
devgpt-3cf807ccc7069578,1
devgpt-e0a176b43af9799a,4
devgpt-7dfc7187dffc174a,3
devgpt-b5750cfb17337934,0
devgpt-61c55b595aa4fa19,4
devgpt-c8673de508787c34,4
devgpt-aab77f4e8e4e00d3,4
devgpt-9651a6388ef91a0c,0
devgpt-a1a157f6db06cce1,4
devgpt-367263997fe6f4ea,1
devgpt-bf215751e4071f5c,1
devgpt-252a5bb31075a0f8,4
devgpt-3f2cd7ee584884da,3
devgpt-38859bb291f75c1e,4
devgpt-a8f7b207f4f432c2,0
devgpt-7d9877f738ede1f3,3
devgpt-a9b9343a53c4cd6c,1
devgpt-7a711ac4561468a1,2
devgpt-bf8f91d8e0970158,4
devgpt-4f6da61ad1e2139e,1
devgpt-0258a3f3b53a66f5,0
devgpt-d9621336d3569698,3
devgpt-5a07a6c5b94c3134,0
devgpt-1181ee4d4d748713,4
devgpt-2d1f1a52e21bc183,2
devgpt-315b7893a03c062d,3
devgpt-8a11036d329c36ca,2
devgpt-15452c567fddf1e6,3
devgpt-6e9476e02abd23bb,1
devgpt-e5fb5c278be410d6,2
devgpt-5d28e0133e0ac8be,2
devgpt-8febd14c508e2ecb,0
devgpt-c28882922914db7c,3
devgpt-bec6f717696f828f,2
devgpt-6bb8296fbbb198a1,2
devgpt-169eec980fdc9fc3,3
devgpt-ac33cf5355f30c06,4
devgpt-32bfcecb69ce00f7,4
devgpt-a9965adcfc8d38a3,0
devgpt-81200185a4d578b4,2
devgpt-bba1a27250c396c1,3
devgpt-9a5b2d3929fe392b,0
devgpt-6741eb2986d08ba5,4
devgpt-c5a9e55adcd5c304,1
devgpt-70dbe17615a7eceb,2
devgpt-e4175855c1fb06b6,3
devgpt-c1a260915c64c1e0,3
devgpt-91db9e73705e59d7,4
devgpt-c49752fa35cf1d99,3
devgpt-ae2c76c65c586630,3
devgpt-9c8c8eb004777a48,4
devgpt-ead0eff5cf11d28a,1
devgpt-482f181897af9fdf,0
devgpt-a458fe306288e6b1,3
devgpt-9515b27830dc0d7f,2
devgpt-e218294c34408289,4
devgpt-0727b10360b9da75,2
devgpt-aabf821dddd5378c,0
devgpt-01ec3d56af726db4,4
devgpt-c49c028ffa13b7e6,0
devgpt-0c510a77202c3dde,1
devgpt-a38795f29cdb1192,4
devgpt-b40baf586c2e12c7,0
devgpt-2d20bfc8420e7c87,3
devgpt-bec5e9e3413a0f9b,4
devgpt-4e2724398d970795,1
devgpt-9d3ff70856fc9699,4
devgpt-c8532921ff9da4d6,0
devgpt-951524e6ecb0bc02,3
devgpt-02734ce120f395b3,4
devgpt-1588e0b00b3a173c,4
devgpt-da6dc722d1ba317e,1
devgpt-f696e14a43c463df,2
devgpt-940e82ef89c74b16,1
devgpt-4bfeaf429e480022,2
devgpt-b148242971a37609,3
devgpt-d76d6b83558a839a,3
devgpt-daa93bc19235bab8,4
devgpt-68e9d61178371602,1
devgpt-fb1720157350eb94,0
devgpt-62399d8b35776752,4
devgpt-b42fc16a1ee27019,0
devgpt-612c73cf02529192,2
devgpt-b1543d8c9ad1b21a,3
devgpt-7705cfb0533d196f,4
devgpt-c8617c0bcda213c5,2
devgpt-2b33fa3218de1ca3,0
devgpt-818ad05f8d4c5622,2
devgpt-0a987ace98289c7a,2
devgpt-1c53a849e1c68762,0
devgpt-825890714a6f4888,0
devgpt-2d07b124973527d6,1
devgpt-84dd15d5f6bc8496,2
devgpt-12690e9e4659be11,0
devgpt-f738ff9150eb2429,1
devgpt-459114df720e83c7,0
devgpt-97b3011c0cec79ac,3
devgpt-6275791a2ffbfb7a,0
devgpt-fc8e600ac0c6f062,4
devgpt-5562f5a76e9b2f47,0
devgpt-d19146cb45440e81,2
devgpt-0a3489b9795e1b85,3
devgpt-5ab9339ca9fc7071,3
devgpt-14a67067ad152cea,3
devgpt-74ab6b3ffeb4fafe,0
devgpt-e2a16896b184ab12,2
devgpt-4b9dc9dec3788461,4
devgpt-2eaa275d218e79b5,3
devgpt-b3e62412a7279cb1,1
devgpt-826967d724a9a27a,1
devgpt-953c144cfa7dc818,0
devgpt-62c9eb8584fab8ef,2
devgpt-a1e445ce44c6cd09,4
devgpt-0ab927036beec740,4
devgpt-0dcfd5ec78dccaf1,3
devgpt-036a8a5838153b82,3
devgpt-4d924901ae7f57f4,0
devgpt-9a61860582116635,3
devgpt-c25e7fb34307d5b0,1
devgpt-6da441d60963f74a,3
devgpt-5cd0401fd1695ee7,4
devgpt-aee34e672a747fc1,3
devgpt-1f1c53b44c43e4dc,4
devgpt-63057e1a9afc9923,4
devgpt-b1cdc0f73a864535,1
devgpt-880649e8c332c5a9,2
devgpt-3328f48e3275537a,0
devgpt-9578f6abc1f169d2,4
devgpt-7f3f5ffcbd78287c,0
devgpt-6db0b70a176f695c,4
devgpt-af455e8c8915f8cb,4
devgpt-8a4c664708a35f34,3
devgpt-154f8c1e961e5f9c,3
devgpt-5648ebb58e29521a,1
devgpt-30928ce68913855d,2
devgpt-091f3c8e7d922b54,1
devgpt-79c533d17ca340e6,0
devgpt-63de39b60c3ebc27,4
devgpt-8b1092645e18604f,0
devgpt-b0fd8c0badf98d4c,2
devgpt-ea0719abca4acd98,4
devgpt-0362edbb289fe5c0,3
devgpt-11675dedfd4900eb,3
devgpt-58696e70dff3b11b,3
devgpt-0e92ed8c14271674,4
devgpt-ef1eb79275f7c7e6,2
devgpt-fa8786843de41368,4
devgpt-118ae015ba575006,0
devgpt-1d2377d36d271364,4
devgpt-11eb379903010538,1
devgpt-50663d7543009755,4
devgpt-b200ae8c7dc46809,2
devgpt-f281fd2d275b01fc,1
devgpt-89d4f0c231c7cb19,4
devgpt-a4220f44fdcf57e7,4
devgpt-cbcda8abf90f964f,3
devgpt-78e039b704fbde5e,0
devgpt-3ef28417be30f2d4,1
devgpt-f5e9e7b89dd768c8,2
devgpt-0ae10fa47b2e57ee,1
devgpt-c1842d9370b05bea,3
devgpt-051c0f1f1dd8c27b,3
devgpt-2504c33f64466f64,1
devgpt-0e453a535cb70ac5,3
devgpt-508b21a3f43f4d99,4
devgpt-e8f32d929bbf3ecb,1
devgpt-683fe442db3ebd1d,3
devgpt-07e956b63c028383,1
devgpt-4539136604622193,4
devgpt-c8a95b0962547bf4,1
devgpt-4157a97b87da743b,4
devgpt-37eb5733ddd42d19,3
devgpt-9a66d3af1e137603,2
devgpt-0fc647da4823bbdc,2
devgpt-2c09bb071dedd95e,1
devgpt-b1873d9f1545f6c0,2
devgpt-db33d53414a3b8ee,3
devgpt-149e51c654a232ab,0
devgpt-93e36072905450c7,4
devgpt-7b4ba31a6924ef75,4
devgpt-f67e548dfbda9f49,2
devgpt-1d00de2ed076eb46,0
devgpt-a5be00a9627d59f8,4
devgpt-f2daf88534fa3c81,0
devgpt-1dcb95afa90650d0,2
devgpt-23b6765595963ec0,4
devgpt-74f8d93b2d48ec1c,1
devgpt-870d50ed975262f3,0
devgpt-d53028107475fc3a,3
devgpt-02c9bd92226cf0fd,0
devgpt-bd80ec817cca84c4,4
devgpt-6f9da63ba410a50d,0
devgpt-9accc7fb15d57c7d,0
devgpt-274d455229ea8cb7,3
devgpt-b4896676f4df8267,4
devgpt-93601991c64bfa2a,3
devgpt-e0a44d1f11503f26,2
devgpt-e16b3c254dcc398e,0
devgpt-2efec19ee5ee2d55,3
devgpt-234cd4b3b016a26d,1
devgpt-172830085c122fb5,4
devgpt-0b8eb9abe40bffee,0
devgpt-f6d70527b42a48a9,0
devgpt-e37458baa5f6e5e7,4
devgpt-dcd34c1a15ae3faa,2
devgpt-68001f366d9a860a,1
devgpt-b4947457d62dc63c,4
devgpt-babf0f249b58e391,3
devgpt-f5c86aa30c9b34a3,0
devgpt-3c1129aec5b0125f,2
devgpt-1b88595ca942dc29,4
devgpt-49295f9876c59650,4
devgpt-000c11096a9f49ca,1
devgpt-30a567c5cf1a6ceb,3
devgpt-75afe243e7667f91,4
devgpt-7f54c2ddef6153ea,4
devgpt-71d2965db53044e1,0
devgpt-481f91b1dfa87225,0
devgpt-efe42dc3fa8b248e,0
devgpt-1228d80a3a950cb5,0
devgpt-1df991d9fc84e177,4
devgpt-49c3b22aa3bf7a96,3
devgpt-780d2ffb957c23f9,0
devgpt-32aa8cf40c7edf7b,3
devgpt-ea3992865c1ddad0,3
devgpt-1acd78725a8d4afe,0
devgpt-49e6de6f0498ed28,1
devgpt-bb5bed4bfd016804,4
devgpt-bf4b0455cb25d354,3
devgpt-bbb8308251a1441e,2
devgpt-18609548445090ce,0
devgpt-16fc35cfe3327940,0
devgpt-391e2a279c9c7464,3
devgpt-371f41c31a07ea50,0
devgpt-1023f71c6941e7a9,2
devgpt-11ad2daa9e4f010e,3
devgpt-8e5581ef82702ef4,3
devgpt-5b9573a2b462684f,1
devgpt-fe61bc41c7f397af,4
devgpt-708552f6a7eba5f0,4
devgpt-91412421adb8c3d9,1
devgpt-49490f7b47a71041,0
devgpt-3e837ad65ebb927d,3
devgpt-fc4a7b73cc1da3af,4
devgpt-85cbe1c52f772c79,0
devgpt-ca7b58cf3b5d912d,3
devgpt-5d62f2de1074fadf,2
devgpt-63ab16ce1ffb5099,1
devgpt-8862e42211b803b2,2
devgpt-b1bdad1e649031e1,4
devgpt-b8c0d2689bb2470f,3
devgpt-e73de232ad0739d7,4
devgpt-483205eac14bc99c,0
devgpt-44c7fc0e92da01f4,0
devgpt-681eb0a6264ba07e,2
devgpt-555c5c9236986e17,1
devgpt-7c6c5047ea7dcd34,3
devgpt-60cc08a1d61811d4,1
devgpt-2153abafcb994e80,1
devgpt-88c11a199b528fe2,2
devgpt-5f089af8dd4d579b,3
devgpt-1495f45f0d8ff244,2
devgpt-55b14a61968c9ee6,2
devgpt-c0be790e0bd42347,4
devgpt-0a44284027108a94,2
devgpt-7dbc4314f02eb493,3
devgpt-60275ccc49fe8a31,2
devgpt-397945b86f1ade6c,0
devgpt-a2104b97baf1eeaa,2
devgpt-c2ccb587659e9709,2
devgpt-6c590e0a11dfaf7b,2
devgpt-1425a610e5f1e070,0
devgpt-cd4bc7adf90c8f0f,3
devgpt-edac1042a7316ef9,2
devgpt-d5bb83a760edf0e2,3
devgpt-8b941077f93fc440,4
devgpt-c13020e12d2a7b7d,0
devgpt-cd76ade85786f6a3,4
devgpt-8bb50ceda74c4e54,1
devgpt-36d094b0bb886a2e,1
devgpt-c005531bbc3c04d3,1
devgpt-d47156416a9b3de9,4
devgpt-38548c9a31e260dc,0
devgpt-b07112f0245dd27e,3
devgpt-d042e9967e48bcc9,1
devgpt-105e92a7f85ef3e2,0
devgpt-a69108f840070d19,2
devgpt-292a842c7cfba92e,1
devgpt-e4f4365f98fc867a,1
devgpt-17d422bfa57c97fd,2
devgpt-093c4fdceda25dc8,0
devgpt-54c3b48eab8b5b89,3
devgpt-73fc86f88bcf7743,2
devgpt-8e13f7decc417e0e,3
devgpt-9931fa696bc58c8b,3
devgpt-31a5ddc059eb04a0,2
devgpt-dc604aa3abe8da5c,3
devgpt-6e0eb7b26a570222,3
devgpt-229fb118e6b67e5f,3
devgpt-36531be6bd05f9f8,3
devgpt-6fca1ad84e72eb1f,0
devgpt-489246028f1e56a5,3
devgpt-806e7fcee3c0f7b2,1
devgpt-3a68f7a6c83e952a,4
devgpt-cf2d82cb48ee24ea,0
devgpt-93b30717971942fe,0
devgpt-ea2f5ae96716388e,4
devgpt-ddc6dd362f72fcbf,4
devgpt-c8d502b4a34ef629,0
devgpt-b62a0a27c119a808,2
devgpt-57a83115a00d28fb,4
devgpt-ec051600c7ae165b,4
devgpt-18d53e38b6f31daa,1
devgpt-6c6a8b30b35e9e89,0
devgpt-df2ab7e996373aa3,2
devgpt-74c362c1909f91dd,3
devgpt-15d02e34e80d5964,3
devgpt-fce6d0b223b8eb81,4
devgpt-42f35d46f5b80fd0,1
devgpt-2053214d0e343570,2
devgpt-e7fdf21a5e4968c4,2
devgpt-36e90795f999ecea,3
devgpt-7a0b0d279bcfa9e2,4
devgpt-6a5d0a0b1606df77,1
devgpt-35386a6af749c127,1
devgpt-ac8d039112eb844a,1
devgpt-07913ff6b7af7eae,0
devgpt-fbb195ca11fc2dfc,4
devgpt-194d10645691524f,4
devgpt-bdf7af2e62a2d409,0
devgpt-ed85ee8afdb322eb,2
devgpt-383923d295e13280,0
devgpt-befd20addf1a1226,0
devgpt-ca05bea036fe7bee,0
devgpt-a8c02ab4ee7105f7,0
devgpt-292411b34d1f2160,1
devgpt-40148c80c1802c9a,0
devgpt-94050795d8ad46d6,4
devgpt-97130b3b48215b37,0
devgpt-c97bf8e54b78e0f2,2
devgpt-8b092428e38166e1,3
devgpt-bdb6808dd360a930,0
devgpt-dbd3474436ae33e8,1
devgpt-5b3a807d401b6a98,2
devgpt-d1dc4bc69318c9b6,4
devgpt-84d6821bcc3b570b,1
devgpt-ba1142763b957939,1
devgpt-03992f8710c51dc2,3
devgpt-01ea745d3c927774,0
devgpt-f254c0735a543cee,1
devgpt-f36bb966bfe99ab3,3
devgpt-2832780aeb00e532,4
devgpt-a8a8ba5df2ec619d,4
devgpt-a70beaedd807d033,4
devgpt-f50aaefc40230a7c,4
devgpt-7f2dd19cff97d3a7,1
devgpt-d8948564c00e90ff,3
devgpt-e8e436478aaf9c16,3
devgpt-6322d3c464ef4050,4
devgpt-b4baca7935680d44,2
devgpt-7c8b86acb11b320e,0
devgpt-3b2a4b907d8e7a77,1
devgpt-acfc40ed5cbb413a,4
devgpt-66446b82c4d6d519,3
devgpt-1fc0b1433045f933,3
devgpt-9ff6a76d6797602d,1
devgpt-871182b6357ffe07,3
devgpt-8dc19deb58328c98,1
devgpt-8a7308c4b00a93cc,4
devgpt-4182d753111f7636,3
devgpt-cac71c94c8f418e3,3
devgpt-84a06a57704394e9,0
devgpt-03c694dece344b16,2
devgpt-943b238b88173b99,3
devgpt-949a1421913e874b,0
devgpt-9409b7d65a02931f,1
devgpt-8bbe794e04e8c642,4
devgpt-6629c4a152ab4548,4
devgpt-e5a0db4d271c7a19,0
devgpt-3219d7c53cde40c3,4
devgpt-d64de5b3334c9733,2
devgpt-fe0210cf850791a6,0
devgpt-d5bf457fa6606ab1,0
devgpt-ef5281968ad498d8,1
devgpt-db4fae60b1c5c3f3,4
devgpt-e00a1ee66ef588ec,2
devgpt-80a45f98edab7c5b,1
devgpt-90590cc17e125b88,1
devgpt-adb3f04b3da9d0c3,3
devgpt-bf45143140ace239,0
devgpt-7477e3b79cd34a61,0
devgpt-4a046be9b9ebc3d3,1
devgpt-a24f80ccb87811b1,4
devgpt-1823e32c5f3cec13,1
devgpt-9a78fea037c92f13,1
devgpt-7ecd0abf4ac67163,4
devgpt-2b555dd38756486d,0
devgpt-82521657bae69955,1
devgpt-c61c2903c4ba82d4,3
devgpt-558dd03a7f212d53,4
devgpt-243132a2c3c95b1d,0
devgpt-0ce014e8c54bbbaa,2
devgpt-c01ee5d26cf56e17,4
devgpt-4d74471b59bfe67e,0
devgpt-e2b36e71265e56cd,1
devgpt-615cfce784dbac4c,1
devgpt-cbbab06754db5de2,0
devgpt-f7d9fb617a58577e,2
devgpt-a0e448f798908bf9,1
devgpt-23eb85240d701735,2
devgpt-3a117fd9ec4d9f82,2
devgpt-601244d14c651197,3
devgpt-b8ade22111f5dc2b,0
devgpt-808a0fa3fdd794f8,2
devgpt-68e0fcd4e865da63,4
devgpt-1a4880ba81087a3c,0
devgpt-65093b34b13127e9,0
devgpt-3e365962616938c0,1
devgpt-39e61c590fe7c4eb,1
devgpt-eb90907ff8d07314,4
devgpt-df188a9cf9842380,0
devgpt-a0123b3ddaea0dba,4
devgpt-a17e0192e8e1943e,3
devgpt-032c3ce8d69a903d,2
devgpt-ddf435923833a2b5,4
devgpt-b09bc915fca16b0a,1
devgpt-ff3abb2e9cc92ef0,3
devgpt-cf54167f886631c4,4
devgpt-34f3d4fab7a55762,4
devgpt-ef6ffb3aaac55ece,1
devgpt-396d107d10c1aec8,4
devgpt-1f3d1329563ed0ec,1
devgpt-f2e2e61f89d59a1b,0
devgpt-ee5556c8f9125fba,4
devgpt-83d574a59aa23b09,4
devgpt-73986b4159e01c97,2
devgpt-6d51ff4b5d99a26b,0
devgpt-fce7a770a189214e,0
devgpt-416e9437b7b060c6,1
devgpt-7001c4506675ead3,1
devgpt-d12b1aa54732ed0f,3
devgpt-8352671f238f7fca,3
devgpt-172c58e051082d2b,3
devgpt-3f804f7cae46c739,3
devgpt-1a18aeafe0025cbc,3
devgpt-3e583811db909093,2
devgpt-a55aa399f2bdc95f,4
devgpt-d087ae7d0981b58d,2
devgpt-e76c8a09888fdfb6,3
devgpt-2fda0fb3932801f7,2
devgpt-ec6ef0f49e7c4e25,1
devgpt-99babaae09ec13f9,4
devgpt-c9ea4a648e5dbcc2,4
devgpt-ded9dc25c4f3ed6a,1
devgpt-a8f9fa17218a0946,1
devgpt-afc84449c33c5c58,2
devgpt-e9193a77bec7ec3e,1
devgpt-89cfe207ea140b4b,3
devgpt-ab606f5989db9ed3,4
devgpt-130ec6936f843f32,4
devgpt-93b268fc44eb94c3,2
devgpt-947778dec3866547,3
devgpt-1518e043c2bd951c,0
devgpt-0afbccb623bcf0e9,2
devgpt-3cac7610cf91e0ef,2
devgpt-b462d8b1e7252dfa,4
devgpt-b3b465cf799ab835,3
devgpt-cbd687df4eb9c7f7,1
devgpt-fb5239a67aa79d65,0
devgpt-d5a6a9f093aabd3c,4
devgpt-ee8b1a0a42d96fad,1
devgpt-8e571e3d4c7a61e8,3
devgpt-21575fdb230ff33c,0
devgpt-3b74417e3d867c43,3
devgpt-3343f5e113c83ee5,2
devgpt-41506a708385ed2f,0
devgpt-d0c111e06e332fbe,3
devgpt-e451cb57fa4f4c1d,4
devgpt-433b5f046157258c,0
devgpt-132b0c35f8aa1e66,4
devgpt-65f4c9506cc41e19,3
devgpt-b0dd6810e1b4c4a2,4
devgpt-af33342cb3a50333,3
devgpt-6d53bf2d8a9dbc8d,0
devgpt-66181bbe425c5081,4
devgpt-cc3f58fa28c9160e,4
devgpt-edb35dfda9415517,4
devgpt-05de536a256cb47e,2
devgpt-4573a7bf521eff16,2
devgpt-12638ca828118a15,4
devgpt-50d5fd2780a91628,0
devgpt-afff96aa42a799be,2
devgpt-b49a8e9092e80a6a,4
devgpt-d3e3e25ab6b5e7cd,2
devgpt-5751494b0018e09e,2
devgpt-c8bf3343f2153e97,2
devgpt-1d19bbf770823df2,1
devgpt-66fe728ae5ecc809,1
devgpt-4dfbd250af6937f3,0
devgpt-7c41b41af9146c7a,1
devgpt-961c341ff6b68b92,4
devgpt-2a8704ba1b47f597,2
devgpt-5fc9bc40537b15aa,3
devgpt-847b0955bac20fed,2
devgpt-02d089c0acbce976,1
devgpt-b00a76eedcb5c543,4
devgpt-7282718d7ecb8f69,4
devgpt-c662bb6d4ff2e912,2
devgpt-6c92be161b2397df,1
devgpt-b08ddef31e81867c,0
devgpt-ca92070cfa7e567c,2
devgpt-b24b3e51a4900e72,1
devgpt-f884c552d0733dd3,2
devgpt-ec1503dc7a3628d9,3
devgpt-63fb0ee284206387,2
devgpt-2911fe8f64f5d778,3
devgpt-00d33139e02a47b2,3
devgpt-71e83390e999df0b,3
devgpt-ee3372c896378a9e,1
devgpt-abb2347512184c61,3
devgpt-29cef8f8b07edbe9,2
devgpt-05652f6084ff1f2a,4
devgpt-3c3100483a707fbd,3
devgpt-d4deaba6723583ea,2
devgpt-75042e999617c47c,2
devgpt-726e12dd5f4dc6f2,1
devgpt-6f35f8af459c6136,2
devgpt-16098b783825391a,3
devgpt-8418b2fc2a1ef7ad,2
devgpt-e1e99f71db6ab72b,3
devgpt-b743c55b3e77505a,1
devgpt-ef330232f5739f5a,1
devgpt-f1beb4229a8434ef,1
devgpt-bbceae97a8c1a3a5,4
devgpt-59e2a0e28e784fc9,4
devgpt-0ac9e35d93ce8af3,3
devgpt-f959264cf1377c5d,4
devgpt-b255b0b20db5a9ae,1
devgpt-c63a5da12d12fb6e,4
devgpt-eb4c43ccc3ded1a4,3
devgpt-407feb6a0e9e1b0d,2
devgpt-428d899a78a6de73,4
devgpt-776168cc6213d6ea,2
devgpt-4ea8d384ff5ee12c,4
devgpt-3a5046f7b702ae25,1
devgpt-16e1d33199d3a22e,4
devgpt-f8ae67934fa55ef4,0
devgpt-dabe2502afab82f4,1
devgpt-883863c229ef3bdf,0
devgpt-7fa17e8af5c6da02,3
devgpt-59fe6e3899bab350,0
devgpt-9e6669149a2ba9fc,3
devgpt-6a5b40be7edb682f,4
devgpt-75fcce311e88bd2a,4
devgpt-27975e359cef92d6,2
devgpt-cc27ba296884d3dc,4
devgpt-0984afc0d6fb0a98,1
devgpt-752943f74069f7a2,1
devgpt-655840c2a4d741e0,0
devgpt-548bc4ce92ecce1a,0
devgpt-21714f2796228ba6,2
devgpt-b064428351bda5b7,4
devgpt-0ee3435548dd84d5,0
devgpt-74f3a151cf4d57ef,0
devgpt-bf671590f759324b,1
devgpt-f84e17e01bf9c439,0
devgpt-79f073ea0343c771,0
devgpt-021be72ce51421fa,2
devgpt-3ecc7f890cb7e3a5,1
devgpt-4b94b88b517ae307,4
devgpt-cd96f8e5e11c0810,3
devgpt-1769b9f6be4c16cf,2
devgpt-b1204587f72ed76e,2
devgpt-42277a86c1985181,2
devgpt-a25b1bf114876c44,0
devgpt-ba3e0abdff255205,0
devgpt-0d0b4a3641ff7851,2
devgpt-eeb41396d343ed90,2
devgpt-6acc99b0055379b2,1
devgpt-9f7b1a2576176046,3
devgpt-52ea1f4ad61c0cc9,2
devgpt-df2e292f6a5fa6bd,4
devgpt-fdf7d334a4095fc9,3
devgpt-53b6e19cf4a307fe,1
devgpt-07f47ca22617bd6d,0
devgpt-091102ebc22667d1,1
devgpt-8a6be708e127e235,0
devgpt-b459a879311f1628,0
devgpt-fbc037610a31f4e9,1
devgpt-c5f556943b0359e3,0
devgpt-1977e79e25d7bdd5,1
devgpt-0e3ff483f823d01c,2
devgpt-ec689d4fc6cb2971,3
devgpt-683f43171e2a1edd,1
devgpt-5e93cefe61c1b162,3
devgpt-99c29f884ea0d554,2
devgpt-ac442928223b540f,3
devgpt-e0e1175bd779fd6a,0
devgpt-4e040e48b280fdc3,1
devgpt-29dabab429211425,0
devgpt-eafcc69d881d7966,4
devgpt-a428e261aa3598b9,3
devgpt-8f433738010086fe,0
devgpt-e3d79090c8a1a7d0,4
devgpt-3c37941aec51b16f,3
devgpt-aa3663aa3af6e361,3
devgpt-5eabb84cb3e15003,2
devgpt-9b3880af59b10bc3,4
devgpt-f23804873df1bf54,4
devgpt-1ee250d5cab48612,1
devgpt-5dbd8cdb54747799,3
devgpt-782db7bc7509b9b4,0
devgpt-64c2953e2bb5e459,4
devgpt-f5eb120a7b1579c8,0
devgpt-d61cbddb745babba,3
devgpt-e5565825ad5ff8d2,1
devgpt-049b0cb1729c6626,0
devgpt-a07b349b40157473,1
devgpt-8a539e49d5332811,4
devgpt-d359e98fb0d83c06,1
devgpt-5a007be762c34f28,3
devgpt-717587de815beabd,4
devgpt-e2545129ff3271f1,1
devgpt-bfa10c5a934d932b,1
devgpt-9a4d9c1d01c099e3,2
devgpt-5a7b3a4284909c7d,3
devgpt-7afe1f34cc8e61a9,0
devgpt-0408471a31195dca,2
devgpt-06be3105066ef801,0
devgpt-2fcadac425ecd6b4,1
devgpt-e6b367fd96ba5ec7,4
devgpt-61a21141dba89dab,4
devgpt-e98a637839a22bf4,0
devgpt-05cbe8793da1e0ae,1
devgpt-73a8d7be0a222e10,2
devgpt-7846631ae43aea48,2
devgpt-600d800f6f9be5cb,2
devgpt-74f47fd83d56402b,2
devgpt-6fe06b8e8c27f24e,2
devgpt-1443b37bfd89ee21,4
devgpt-5705102243958281,2
devgpt-9f793c8830f18893,0
devgpt-45e672c72fdb55bb,2
devgpt-e9b4d4f15e4bd873,1
devgpt-48ccfd4a3f11e448,3
devgpt-f55acadff1217f67,3
devgpt-ca03fb49f346e948,3
devgpt-f990549e4cad3786,2
devgpt-17caa5e112649daf,2
devgpt-57abdbbc9132fa95,3
devgpt-facebd2891e17331,2
devgpt-69a21ea5cafa7e8c,0
devgpt-67374bd503dcefe0,1
devgpt-6b8990c446e3e6c4,0
devgpt-e720edf3ef163988,0
devgpt-b6e0374a8eaaf6b7,1
devgpt-845972b94f1f4fa9,0
devgpt-b121b902ebb30aa3,2
devgpt-ca129fd6ff42dd53,3
devgpt-3cad2c2cf4626cd7,0
devgpt-56f5541d81eb19d0,0
devgpt-94f46b918f6a0d71,4
devgpt-c59a43ea1d2c8896,1
devgpt-4d4734de50c792ac,3
devgpt-71fa70e9fcf01bcc,3
devgpt-a466eab3fb15ca16,2
devgpt-9aa2546a8c9891a2,0
devgpt-fca2b4633c9a9a24,3
devgpt-906a39381b7ee3ca,1
devgpt-ad6ac57f6a9c1f8d,2
devgpt-f715ce6e52502f69,2
devgpt-f2e770fa88a9c217,4
devgpt-7d4d0fd472952b29,4
devgpt-feae8a9c155d4898,0
devgpt-a190d9f32d47d5df,1
devgpt-9061ff1433016be5,3
devgpt-9818a0477efde1fa,2
devgpt-e60b0f960508aec8,0
devgpt-f5218deb0ddf3078,0
devgpt-21693b9c63291a0a,4
devgpt-e6b6a51f8636dd33,2
devgpt-5f0e228899419c78,2
devgpt-c9d55c59595021fe,4
devgpt-37e3977133ec8364,2
devgpt-1cb403d63ab771b7,2
devgpt-a1a5faa0a06d0dff,1
devgpt-74940c5dd7d4be38,3
devgpt-3fee2b3b27b46eb7,2
devgpt-81210af9f5c4e24d,2
devgpt-85ccdf57f39a8855,2
devgpt-e103a47b16eabc24,3
devgpt-9aa55f5a088507ca,4
devgpt-1a943f8f00345191,4
devgpt-4d716f38f4e51d03,1
devgpt-67ee009363927204,4
devgpt-577e79915bd7880e,0
devgpt-08fcb6003de0a93f,2
devgpt-501d382a7b9ecc79,4
devgpt-43b130c301988e73,3
devgpt-481f7b7474820dc2,1
devgpt-8caee6d90a0babb9,2
devgpt-88ab353a9cd079cb,4
devgpt-6ce391591e57106c,3
devgpt-6489c86e28d9ed5e,2
devgpt-694c8863479850e2,2
devgpt-6591a9e526cb37ba,4
devgpt-95ffec00cfdb81a3,3
devgpt-f42d41abaa128f56,0
devgpt-00f96b410883dd5d,4
devgpt-a5f42ca20325c03c,0
devgpt-9530d4098f1525f4,3
devgpt-6f885dcc1faa6ec7,2
devgpt-66e5e311a904c241,4
devgpt-62759f7b5e0e82bb,2
devgpt-cdd0e75657d6b0d0,1
devgpt-af77ee82e2a2eaf1,2
devgpt-6bb027265c42e04d,1
devgpt-d1abe46b6fc23f4c,2
devgpt-4b5e7f5b51bd51bf,1
devgpt-d0a86ba34ababe8b,2
devgpt-1f33b509cf4ed04b,1
devgpt-e3be86db2938590d,3
devgpt-55cdc956a225ce58,0
devgpt-1e9825b1798d9fd9,0
devgpt-1749aa033808199a,4
devgpt-22a73498d3df4e60,0
devgpt-558db7f93b6eba89,0
devgpt-3fce8d58f61efb98,4
devgpt-0ae44191c42f9e2b,0
devgpt-bae0ccaf0e564035,1
devgpt-78ed8938aac5ccaf,1
devgpt-297c52533aa26bec,1
devgpt-a149274d27942c8c,0
devgpt-61e247b7c106fd68,1
devgpt-4e5ae1293c82aca9,3
devgpt-4763123eb5cd946b,1
devgpt-1ca68d33cabddf0e,3
devgpt-ac0aac2c0c4e8915,2
devgpt-6ed3f3921d4b5154,2
devgpt-6ffda8e870b862ae,1
devgpt-c343644b1c8bbdcd,1
devgpt-ffb3e38554d88b7f,2
devgpt-3e1a568f5ee0ef6c,0
devgpt-4616f52917e04b06,0
devgpt-507e389bcaa55c25,1
devgpt-3b1f39a20fea0a75,4
devgpt-6a0c4997d2c92ab9,0
devgpt-eefebde6077937d2,1
devgpt-647a535dc5bb0455,3
devgpt-5174fb898a8a8f68,0
devgpt-813551131c84df29,4
devgpt-cd81f4dda5c9ec47,2
devgpt-63384845c1b5a808,3
devgpt-e28ec7a1f3639d47,2
devgpt-a944edfd9a3706f8,0
devgpt-968686db05c6bf9e,4
devgpt-f33cc76d1c3a7705,4
devgpt-30de452324e87c76,1
devgpt-00f7d64e6d32d3c9,0
devgpt-e4fd9b0332492167,4
devgpt-3fd3581c7a40cf31,0
devgpt-826c378f8419de5d,4
devgpt-57a9151c5e5f7ca4,1
devgpt-b563f6bda0bcf457,4
devgpt-48df50d897fa2694,4
devgpt-95cca18b105d93e7,4
devgpt-de653bc6003f50b8,2
devgpt-f545e315f7976046,1
devgpt-18becae737e1ca4c,2
devgpt-acf26027e319d077,2
devgpt-ff334b4ff6decd23,3
devgpt-a701e463e188acbc,1
devgpt-d734cf8e1ee9e957,4
devgpt-166d5d77d1054bbc,2
devgpt-6b39626d343214d7,3
devgpt-f08bab8480f34c06,1
devgpt-da887cc1cee0bced,3
devgpt-f73dedf70632e24c,2
devgpt-f5ae771b9634d939,0
devgpt-70791e606fee1c73,3
devgpt-0a3ea7b30db25bab,0
devgpt-a0e4f19d6e2c91c0,4
devgpt-88b6e5a74ccbbf9b,4
devgpt-fefa62edbb30c3a0,0
devgpt-325cdac584be4816,1
devgpt-b345e9cef07737bc,3
devgpt-e4f97a1396ac8222,2
devgpt-c612795aac1fcc33,1
devgpt-ef300726496135ed,2
devgpt-177af2bf7f3c519e,0
devgpt-6ea6c62afe3cb893,3
devgpt-1704e07932eb71ed,2
devgpt-8817b2a60e4cb4e4,3
devgpt-017f261887375bf7,2
devgpt-99d35cffb9bd1b88,3
devgpt-e6d5fe2fc535d19e,2
devgpt-9c7278de85f64a93,3
devgpt-95322e302c3008a1,3
devgpt-f0a18aa3c62af12c,1
devgpt-bc323b05b3b094fa,0
devgpt-c56d21cadca1d464,4
devgpt-3b330d7d9a7db20b,4
devgpt-84182210854163dd,2
devgpt-0564c7bf0f583448,1
devgpt-28cb11d2ce2dea8c,2
devgpt-eb97271071eb5787,4
devgpt-b846db9d6852a33c,3
devgpt-2eb2adf0ae13288b,1
devgpt-60fb608eba1b031c,3
devgpt-503346e9f1ec8c8a,3
devgpt-ef486e7eb26eeaa7,2
devgpt-c1d3af103bec945a,1
devgpt-dccad3b64682dde3,3
devgpt-f623b8f680d3dba5,4
devgpt-8575c58751095689,0
devgpt-4670f01681a4c492,0
devgpt-e4bf780aa566a60a,1
devgpt-62f56676a866ca16,2
devgpt-c4be3f7bac3967b6,2
devgpt-a23ccc222fea64b4,3
devgpt-3f9848906f7fadeb,1
devgpt-44d30370b8cea162,1
devgpt-83c7071863882f89,3
devgpt-9d6176edede2823b,0
devgpt-15d16f9fbbaa5fec,3
devgpt-af2e63ed55aba96b,4
devgpt-e43add8e7c8640c9,2
devgpt-9c4e5f6c6d184594,1
devgpt-338489a90a1dd800,3
devgpt-bedc2164080d0ccb,1
devgpt-adcff1af1bd3f0fb,0
devgpt-ddc2509eb856f3d5,0
devgpt-0d7118c2ee2cc3a3,3
devgpt-ad0d96ea45c52790,2
devgpt-b4b4e429f8364541,0
devgpt-a2ea5ba443acf6b7,3
devgpt-06064283a8e40e17,4
devgpt-afbb0877630d1e2c,1
devgpt-6e5fdaaa2163ea0c,4
devgpt-e27faaa57e93e24e,3
devgpt-4ea8c1534b683e6e,0
devgpt-c741365e6175c2dd,0
devgpt-c54da1a4bd0a0367,0
devgpt-74468edacb741230,4
devgpt-1cdc265d88bbc1f6,2
devgpt-af2e1c27661d3f44,0
devgpt-48800407d9a81300,1
devgpt-abf38a77fc710600,2
devgpt-4b763608108e7570,4
devgpt-47558d45bed85ed9,3
devgpt-44aa8536debdc3d8,3
devgpt-bc868222f1308cbc,2
devgpt-852383ef74878a14,2
devgpt-d16f925197ae3ec6,3
devgpt-19d69bba87855545,1
devgpt-e455e5e0b1c52b86,3
devgpt-e49971537a599e62,4
devgpt-228167b99a86de0e,1
devgpt-7f3fc7352e6282dd,4
devgpt-1c95052b10b9a1dc,0
devgpt-c5514bf887f60cbe,2
devgpt-7b9ea17f2430bd12,2
devgpt-54560b1c783e4070,0
devgpt-faa9d73680cef8ba,3
devgpt-bfc69aef19bec77f,1
devgpt-a6132fe0c23c3f8c,2
devgpt-63685767601cb6a7,2
devgpt-0cb83a2faa8fb3c9,3
devgpt-6b662609fc7fd097,1
devgpt-e7bd38bbb19beca9,0
devgpt-7373a50a901e94b9,4
devgpt-6424c3fda071f9e6,1
devgpt-c68573f9143f737b,1
devgpt-dd1c271dade3ceb6,2
devgpt-961bbd61d7ea1d80,1
devgpt-51cb9773e7557b3e,2
devgpt-9fdc689af3c89bf7,0
devgpt-7949fa72f422c325,4
devgpt-a8356923d285e1b7,2
devgpt-229b75edc66bad4b,3
devgpt-dc83990d386443ca,0
devgpt-c4468d5a12863a31,1
devgpt-b45f24944097a42b,4
devgpt-27d9581e7ce63e0f,3
devgpt-3fc3d5522498ca32,1
devgpt-0a197ee1d7c50911,1
devgpt-0e00288b22c60567,0
devgpt-10bca19750548591,3
devgpt-db3edf219bc5189e,0
devgpt-0fc034cad5e54be8,1
devgpt-273d20fc1199517d,3
devgpt-48e8036f0ae09854,2
devgpt-b17aec80e3efa446,1
devgpt-29c4c41210669392,2
devgpt-5d4a2f381038b3b3,3
devgpt-ff728d1747290f86,2
devgpt-d9ee10c65902b87e,1
devgpt-ec166f9b968f3835,3
devgpt-d45ca9bed40546ec,4
devgpt-5b74b9d37c611644,3
devgpt-9bfad03641826e1e,2
devgpt-f4eeb5dc33b16c7d,2
devgpt-7fba83ec478f6fb7,3
devgpt-12160069956a2bd0,2
devgpt-e05762758669ad65,4
devgpt-df4096adf75fde8a,4
devgpt-db2207e13d01a075,4
devgpt-06e93ac0875a8f28,4
devgpt-1ef05aec2357ac93,3
devgpt-8439f94340dd0e2a,4
devgpt-1496485a9d8ca464,0
devgpt-9dc2d09d9ab93c07,4
devgpt-fe17a526374f3e75,4
devgpt-25e0a9ed444e3234,3
devgpt-936db11018cee725,2
devgpt-3efd8992b5d22f9d,0
devgpt-c0df9a10ecc6bfe4,0
devgpt-38f9a43b31199be8,2
devgpt-ce35ce0bdf5b7a6c,3
devgpt-8db4511ddb03af93,1
devgpt-1a760d448026def7,2
devgpt-adbe1e8182e1043b,3
devgpt-36d87032ea107f63,0
devgpt-f910bb65b16e1653,0
devgpt-86ebcbd346b7167c,4
devgpt-758684436db0b2f5,2
devgpt-5d2f81bf26865808,2
devgpt-dfc1a510544c71d4,2
devgpt-c65329cd00fba5df,2
devgpt-06a4c53ab5d6dec4,1
devgpt-d15f00ff8beed6ab,0
devgpt-e9a3c55b41893e7b,1
devgpt-8906d950b626c02b,2
devgpt-5a381980bdb30b0a,2
devgpt-ff22834a9b9e1a40,0
devgpt-7545a16cf0ae5439,3
devgpt-7b514c686ad7863b,0
devgpt-d63285e0fb512d08,0
devgpt-96b3eda5f38f0213,3
devgpt-bae1ffcf20d416cf,3
devgpt-b8ae4527f9860540,0
devgpt-bab188f8082688e3,4
devgpt-2c51b7a8337dcc20,1
devgpt-593a7a84cc05e051,4
devgpt-b6703d15a637fabc,0
devgpt-e77246803ba3f849,2
devgpt-f5f83aac84ecf8c8,0
devgpt-4638e6c8137b0bef,0
devgpt-58ef7992a44d9d9c,2
devgpt-2d1bc2ab0230dee3,4
devgpt-a378277220e8b3d7,2
devgpt-a1ee446c8e567b2b,2
devgpt-08b9e938c2118a13,3
devgpt-d0a827664cef1957,1
devgpt-0038246a341eb61e,1
devgpt-5b30037e537e554c,2
devgpt-836ae66ccf92745d,1
devgpt-9f07ccfadeab4808,4
devgpt-b9dc1b1d124c4e7b,2
devgpt-4ea229eb7fa07208,1
devgpt-7bf884cc0f7c2ca4,3
devgpt-9c5ff7aa264a5209,2
devgpt-3c17c1fefda401e3,3
devgpt-6f7d396d703f8e7a,4
devgpt-b49620dfd6a706c0,3
devgpt-9fd469c4b51ba219,4
devgpt-75577149f5b66443,2
devgpt-12940b4e821ebdce,2
devgpt-7ffe7dace421730e,2
devgpt-cd031c48e410df90,0
devgpt-120c01fa2c8e5cfc,1
devgpt-2a6c103bb7d12287,0
devgpt-de421d8d9658eafa,2
devgpt-fa4b78631808a2be,2
devgpt-13a962809d282494,3
devgpt-ff486f1694aec7aa,2
devgpt-306892ad4349370c,2
devgpt-5339b859e9b55b5e,0
devgpt-fa07060353f6442d,0
devgpt-e6cc5a7c999f093e,3
devgpt-1eb4ebe905776427,1
devgpt-19a64537fe127685,2
devgpt-8d2f916ef8e8cfd9,2
devgpt-5a0952acda4376db,4
devgpt-3b7c21cafbea0e49,0
devgpt-eca8899a4721afc1,0
devgpt-40e6168c2c60ff2a,3
devgpt-7de907704870b142,1
devgpt-ed025b9ed91c139a,4
devgpt-7af5f45804ea2755,0
devgpt-bdeb03253750f670,4
devgpt-de4b890a2d7d7923,2
devgpt-952b9e44af155779,0
devgpt-403a07b4b6e83ebe,0
devgpt-40f9cdbcc9b3772e,2
devgpt-0716c70825d230af,3
devgpt-70f1365ed29dbbd3,4
devgpt-6166c525efdd7a8c,4
devgpt-f45eb5f844c2ac7f,1
devgpt-9ac03308b697a1e0,1
devgpt-9426ea4d953870d0,4
devgpt-4c190821637f28b9,3
devgpt-d4e6d6f8abb5c5fa,3
devgpt-a249dc6cd2412c9b,0
devgpt-69d9d5fb0e1901cf,2
devgpt-504101adff3faa76,1
devgpt-37af263972216c1b,0
devgpt-a07463f0f6ec1830,2
devgpt-a363d35bbba3a4f2,3
devgpt-56370b36bab98dc6,0
devgpt-6bcd511828a9fd3a,2
devgpt-967dc2ac46a53fe9,3
devgpt-8449760b03ba6113,0
devgpt-0fb9aa713b1f75db,2
devgpt-85adb6afaf6fbb99,0
devgpt-3f9f19b6476e2ac1,3
devgpt-5642b564ef7a791f,4
devgpt-96c89da66dcbfb88,4
devgpt-dc54a3e062518b45,1
devgpt-9057c29687feeecb,0
devgpt-321d0e9d78f9858b,1
devgpt-929e16528084dc09,1
devgpt-af20a36ad051129d,1
devgpt-eb76855cb912ac0d,1
devgpt-01af579ca6eba2dc,1
devgpt-aaab58ad4d684e1c,2
devgpt-ae177fb739fb7e63,1
devgpt-a534118473178762,3
devgpt-c6590fa478f90f64,0
devgpt-20cc8cdfa2d2842e,1
devgpt-0f54b3965df48876,3
devgpt-97fabb47f3c97bb6,3
devgpt-4805c231ab52c7e8,2
devgpt-bb5d0dd5237af28b,0
devgpt-b8157083f4dd99eb,0
devgpt-a9b39244994ae025,4
devgpt-a12e61d97613571a,0
devgpt-514fa93b14621eed,3
devgpt-e236e09eb71f1069,0
devgpt-8aa895afc80e4d94,2
devgpt-a691fad62c8256da,3
devgpt-ba8b49ef334d992b,0
devgpt-d35179194d708b11,0
devgpt-254dfe91b2ce7ae8,1
devgpt-3c92a49984109ec2,0
devgpt-10c23936e9564706,3
devgpt-b0eaead2d4b84faf,0
devgpt-5bd583e5edd9984d,0
devgpt-570475ab9d8331c5,4
devgpt-2d3fa382fa8055eb,2
devgpt-65821cee0779f73e,0
devgpt-0a3ec1d098154bdd,0
devgpt-91649c3478e6bdbe,0
devgpt-fa47e8ead5a0b343,3
devgpt-bdd7a0b6e48bd25d,1
devgpt-eb0847ae4aaafab2,1
devgpt-3286a34fc2f9af23,1
devgpt-4a3ba25414155a84,3
devgpt-0da79c10faef5e09,0
devgpt-8ecb8a04dd4a4153,4
devgpt-1d7158fbbfc4cf3d,1
devgpt-c1c277c877f4fa24,1
devgpt-ed9fdfd1463c3aa5,3
devgpt-ca1d5b2fd58eacc4,4
devgpt-c99b0d6e58caa2ba,3
devgpt-4285dd66ea3f6b1f,4
devgpt-31034627eef10ae7,4
devgpt-8a5e9bc8426e5d40,3
devgpt-1ae2ae230923b0cc,4
devgpt-ecf1e2e33a5e7329,1
devgpt-a8190d89717cee33,4
devgpt-4f1a5e3c87571898,3
devgpt-85ef6a6703f19b65,1
devgpt-2bc55c4415fe6abc,1
devgpt-d58f007e037887f6,4
devgpt-9e59f3b06716dd88,2
devgpt-c76b26d40a57f8eb,1
devgpt-cf42e8dedd88ce8c,4
devgpt-ff3eb64853620173,4
devgpt-a89e8137ea61d94d,0
devgpt-6c794052d0c92a1f,2
devgpt-7055f3e55ac57d05,0
devgpt-a3d752dce0416bc6,1
devgpt-c3bcb2591901d6ae,4
devgpt-363f25225788b212,4
devgpt-8d38cb9f9404137d,4
devgpt-b46e6877fb269904,4
devgpt-48b96733c154484e,0
devgpt-2cabb5bfda75cebc,3
devgpt-5fbbecbe464461e0,3
devgpt-5b4ebfd369abfdec,4
devgpt-b8b6365c9657077c,2
devgpt-96d02e093ce3ab60,2
devgpt-721c35267581b503,3
devgpt-2eb3c2dde2c5a29e,0
devgpt-ec324308a354893a,4
devgpt-5382bf10bb016140,3
devgpt-c8077fd78743ab6b,2
devgpt-da7aa31c8456bfd0,1
devgpt-ded2cd2859aff694,3
devgpt-576b4ca7af967445,1
devgpt-5ee832e9a0cdd609,3
devgpt-1aba91396385bd45,4
devgpt-425a59383805d120,0
devgpt-57f4f70d67c54d4f,1
devgpt-3a2d1275012ac385,3
devgpt-cb4867c60a754115,1
devgpt-e551f4e4e7db3b58,1
devgpt-a97e25687905b9de,3
devgpt-62feb2f6e8699cf0,3
devgpt-200c439902e58c39,3
devgpt-324338c19b866b9d,1
devgpt-23712931cd383858,3
devgpt-93b1cc2362b1cc9c,3
devgpt-5d1a7babc1ce046d,2
devgpt-920d6e16fc93a658,4
devgpt-7e8562a054242923,2
devgpt-9d1434a8cc79e9f4,4
devgpt-0f7600a6f102734c,1
devgpt-913b9c27fc961014,1
devgpt-053de56daab35124,0
devgpt-f465bc6ff2c99e72,0
devgpt-736b627691996d0f,2
devgpt-3f772edd89161f10,1
devgpt-cc4b0f99dde325f6,0
devgpt-9eac36f7ce85efc1,0
devgpt-94343e7dfefd69d9,1
devgpt-d9c7a46c59e3bf27,4
devgpt-55aed04f684bb49e,3
devgpt-f0af1b7b8e31e6ae,0
devgpt-a53195e21a54c495,3
devgpt-545127e456398755,4
devgpt-9002619bf722a836,1
devgpt-8d87e546011b7fe2,1
devgpt-f78dc05ccc656cc1,4
devgpt-5303de2c4c0eba16,4
devgpt-b769a5f11a75b908,3
devgpt-37f7448eab727406,1
devgpt-0c0a4c031607e91a,3
devgpt-ed7a4e134d3745f8,2
devgpt-a0ddddc08d98c471,1
devgpt-b6588923f1975c35,4
devgpt-199ac134d677d339,3
devgpt-6031ade79f2b13f9,2
devgpt-4a201fbc06191d49,1
devgpt-22ddf9123cd07f8a,2
devgpt-81d706ce4c6cdc65,0
devgpt-7603e34d7e2744cd,2
devgpt-a46ab7ba0af01512,1
devgpt-4bd0d1d7b204de8d,1
devgpt-0ed6125ac2986165,0
devgpt-bcd05fca7f7b3745,0
devgpt-95c855199bbec006,0
devgpt-4af4d2f6405714f7,4
devgpt-6c0080c2a8943e6b,4
devgpt-e5c29bcccb5ae1d2,3
devgpt-5a879cee1bddf169,4
devgpt-183b77d2c045facf,1
devgpt-a1af68460953101a,0
devgpt-22f3b7e668ab9343,0
devgpt-6d86a83493ffc3e0,3
devgpt-c8c4c3f69619311a,4
devgpt-fcb1ba20f6cbe524,0
devgpt-e32c3e2e37c4b7e0,2
devgpt-8619fc13774ba799,0
devgpt-27a33ce977a30364,3
devgpt-1fe7a2c955a1c798,2
devgpt-4293c5d03ee3761c,2
devgpt-927038b6b5cc26d2,3
devgpt-f4c7b5fb0fa57213,2
devgpt-ad82df5867f82eba,3
devgpt-75d57bb3f5d6542c,0
devgpt-291d4fabeb673bff,3
devgpt-6bbc8f40f0843847,3
devgpt-29a7dd11e0859759,1
devgpt-91cbd0096fc5572d,1
devgpt-96666c16a8310041,4
devgpt-13861b73ebfe6f70,1
devgpt-aff6cda75607c58c,2
devgpt-87fa7516536ac441,2
devgpt-26c4de322e258b14,4
devgpt-da0e0048acd3b94f,1
devgpt-24d435b4db62e660,0
devgpt-ca3653e0295839f6,4
devgpt-dcaa837f3f8b877c,4
devgpt-4fc08cf8b3f421fe,4
devgpt-6cf8d49da81fd884,3
devgpt-e46e803fd8f49233,4
devgpt-0eece1de2c028b49,0
devgpt-78d492722886ea5d,4
devgpt-fd660cf883bc894e,0
devgpt-3448caedefb2384f,0
devgpt-ef2fbb96b8fdd0c0,4
devgpt-e60f5b4552230812,2
devgpt-2a9f086e360bf510,3
devgpt-136b5c304fed114b,0
devgpt-f866cb5c0dd77986,2
devgpt-7aa145b9f81eadef,1
devgpt-0a52a3a10e335592,3
devgpt-b22b6fced37cf981,0
devgpt-7e6aab07cb8921b4,3
devgpt-901eaab61cf1634a,4
devgpt-765d5f1bd2df7db8,2
devgpt-1b85ac9007b8ed92,1
devgpt-2a10026bbf0a59cb,1
devgpt-1643ae94afe6e746,4
devgpt-9bc44da8de0a4da3,2
devgpt-73deb1bddda5e4fd,4
devgpt-a5ca7fc07ec76974,4
devgpt-999a5b5acfe20331,0
devgpt-1beb8b073d22e469,3
devgpt-ccb03d55b0446ea2,2
devgpt-efe247d530fdb0f9,1
devgpt-f3ec05f1652841e9,4
devgpt-02e8bc753c2a797c,4
devgpt-17a82b9b46894a81,2
devgpt-75d67e6de90562b0,0
devgpt-9648ad01b258d7f5,3
devgpt-6d72bcc0cea11803,0
devgpt-3874ae715d38d51c,0
devgpt-8c686e3d053a1b4b,4
devgpt-41081431a4f3a020,2
devgpt-d70c372af0b48dd2,2
devgpt-baacf838b030bb1b,2
devgpt-1802715bd1ab6de4,0
devgpt-9db5ee798cc1531b,2
devgpt-74c91436d275c032,1
devgpt-85b86d56d0305b6e,2
devgpt-6b96a227380dc821,0
devgpt-354c836ad5846d7c,2
devgpt-52c2234f86946752,2
devgpt-d6c4e688f5c89042,4
devgpt-9163dc624c6c51b1,0
devgpt-bf40805d024002a3,0
devgpt-a148de47f598ce15,3
devgpt-7379832d35860ac6,1
devgpt-7331e9ca526ca2f7,0
devgpt-be31432fbcb3011b,1
devgpt-e903ddc981e46b2f,4
devgpt-b69a52dfd59ac9ad,2
devgpt-2e626ae0b010f262,3
devgpt-9f4c86585b9fc419,4
devgpt-58ad27c4ff74e017,0
devgpt-0b09c3a32f38d5e2,4
devgpt-576965f08b21f69a,0
devgpt-80b286c4e04f0701,3
devgpt-d9a2e214513add9c,1
devgpt-4ed1e734c9b69dfe,3
devgpt-b348898cb87346b0,2
devgpt-1b701e17635e8378,3
devgpt-977989993e7ca230,2
devgpt-08d305b2b521716a,4
devgpt-b7474c6106ddd7a0,2
devgpt-ac600343705d5b13,2
devgpt-5afaffb553135ef4,0
devgpt-c08a9a15f24f0612,4
devgpt-e2b223104cf23af5,1
devgpt-d9ac30303055cb92,1
devgpt-338726ffa7e18d56,4
devgpt-90827643071519ec,4
devgpt-5f0ea18d2d5d1ecf,0
devgpt-773f5bd92cf16cc3,1
devgpt-cce57ffe94a3f0f5,0
devgpt-3d6621ff36f49ac8,1
devgpt-abde7f647e9fe0a0,3
devgpt-e8be1dc4ed806872,1
devgpt-72a2f3170c6b17ba,1
devgpt-f030b1f32f9aff52,4
devgpt-c2206313b7da29c9,1
devgpt-cea9dd8c39069ca3,0
devgpt-1df64aadbe49135c,1
devgpt-686b0a244e87bb53,3
devgpt-90c8c2e28fb138af,1
devgpt-b8f9526890382836,4
devgpt-7697521efd9b91e4,0
devgpt-c9204b511f62b2e3,2
devgpt-d9cb8319c0de74b8,3
devgpt-dbcaf679f3801469,4
devgpt-01abd354bb35673b,1
devgpt-8cc567f9939abc60,1
devgpt-2318b363f970325d,2
devgpt-2e81968e16f4d913,3
devgpt-d19e2a659f5c1eaa,3
devgpt-68e82e8e98c2ec16,0
devgpt-01ec3901512a2b87,4
devgpt-cf8a4e7c8b7fa82e,4
devgpt-4434b0055636199a,0
devgpt-87a7cc68ed0a72ef,1
devgpt-e9472baa099165b4,3
devgpt-a34f2cee5dc69a03,1
devgpt-ac8ffcdfd7412f9d,0
devgpt-1e6f75926c1eea19,0
devgpt-212cc1fdb2a4172b,4
devgpt-dd6a1a97791093b7,0
devgpt-2621c97e74820352,1
devgpt-18a38a4cceba3743,0
devgpt-c1a2ac2128dd11d9,1
devgpt-3e1a25d70727f1a4,1
devgpt-b087d21d24e8cd56,1
devgpt-b2c6070313d5590a,2
devgpt-e3506f238252c748,0
devgpt-2e0cb260543c0778,0
devgpt-192aca61094fe4c0,2
devgpt-d836b911a893ee51,2
devgpt-9a5a796598ed6365,3
devgpt-8e9a9565bcacc1db,3
devgpt-bb22211f3cbfb500,0
devgpt-0bea9ad3ba810cbc,3
devgpt-0e6f0c1dbaaa5656,4
devgpt-a7a73426355ba344,4
devgpt-5d4c6edb9f1d2c1c,2
devgpt-8658597f72976b77,2
devgpt-5cc32530de8cf9ce,0
devgpt-5aca7742a475f6ac,4
devgpt-505ef0389e23efce,0
devgpt-14bd9a6719ca5246,1
devgpt-3f23844a02ad8854,1
devgpt-68017f6a3c7db24c,1
devgpt-ce59af5f537ed063,4
devgpt-dc67f9ca5d271b64,1
devgpt-4b1d7df58a5422ba,1
devgpt-ed9985b8413e91fe,4
devgpt-dae38e4c34c6a126,1
devgpt-9d1e04db10e4ca14,4
devgpt-e433c684fe8a5dca,1
devgpt-51e0398d4b800e98,0
devgpt-cd605975a2beb982,1
devgpt-451d2d5a1ec67eed,4
devgpt-cf507da216f00e0e,3
devgpt-4fe15087228c1af3,2
devgpt-99e856e36fd256c9,1
devgpt-52ea1f087d42c054,0
devgpt-68943163c0634ea6,0
devgpt-490e8ab7d19436f5,4
devgpt-913bbb1950a1013a,2
devgpt-7a42e4968b5d8019,2
devgpt-0fc3a346f8707c82,1
devgpt-f851fec0775c74ee,4
devgpt-e01593e4d18de3ca,1
devgpt-7aa71b799b3f34ac,4
devgpt-9c2b6ff09a7ebb24,4
devgpt-63b21037d58f458b,2
devgpt-609c13f6549d905d,0
devgpt-13ea58b668c38bc8,0
devgpt-b338d530d8c45a5b,0
devgpt-e90e942b5ff32cfb,2
devgpt-29519a52dd6763b5,3
devgpt-e3c05324ff982a82,0
devgpt-7b73a4ef4a9564c1,2
devgpt-f4bcfb6ee646aaf9,4
devgpt-bdab8f19bc45590b,3
devgpt-966a1e92ea221d9b,1
devgpt-6ddbd820eb8bcfda,2
devgpt-b5ce0fc9a8febd75,4
devgpt-bf4aee30441c2a0f,3
devgpt-a586ffa80487778b,4
devgpt-2641c6b408e1cbce,3
devgpt-07610838556e6e3b,4
devgpt-df368684d40c07d1,3
devgpt-41e2884eff18f4a0,0
devgpt-1d60382314ea4b4f,2
devgpt-2494db528c7b8642,0
devgpt-097f538cbff2d180,0
devgpt-f895813844b776fd,0
devgpt-87e2c90030a9eace,2
devgpt-08398d173d71b383,2
devgpt-508d1e6811ae3e1e,3
devgpt-1bf755df2dc9cc98,0
devgpt-f293d0b770df1dc6,1
devgpt-367a65b5a1890991,3
devgpt-07489c9580dba9f0,2
devgpt-9b1cb62a792d1042,3
devgpt-4c911eac70570c1f,1
devgpt-9c77650be83fb648,4
devgpt-79d52800b2796a58,1
devgpt-5f944127b3e9e0be,1
devgpt-2c3680b4caeba2dc,0
devgpt-ad8ccc31229184f4,4
devgpt-57c6e7d2e5163587,0
devgpt-b821b7de13735b46,4
devgpt-1974d5e77aea9378,2
devgpt-540d2f07d2f615f9,2
devgpt-155abc1b33259d46,4
devgpt-003548bc349b4a89,4
devgpt-59dba2ff528a49b7,0
devgpt-9c37633dd9be9e4d,1
devgpt-cc05f44707812fb3,3
devgpt-a9f283d43b878de5,3
devgpt-eadf163e3ac06cd0,4
devgpt-b919a406e244b04e,3
devgpt-201e1be7f1d0abd5,4
devgpt-2975e8b0a6758f80,4
devgpt-1440ad7419571478,0
devgpt-7719c10c6d022e04,2
devgpt-7422145d844055ae,0
devgpt-e42196f76a353543,0
devgpt-323766420a8ef538,0
devgpt-2a3747c1edee208a,2
devgpt-ab852b219f593940,4
devgpt-eedacaa7a4fd7836,1
devgpt-cad511884b9b3574,0
devgpt-847cc4d422738517,1
devgpt-66fee9c98e2a3e78,0
devgpt-a851b690ba6852a4,1
devgpt-02f700b1c9d91d18,2
devgpt-93910c4fd4cc26ba,2
devgpt-402e0d569bd74254,2
devgpt-27d8243a1e154f7f,2
devgpt-371b8e9568082df6,3
devgpt-f92c9aab90464aa0,2
devgpt-7e9ae421cb277b9b,1
devgpt-9df02f1dc3163518,4
devgpt-2fa396f4ed6adfd0,4
devgpt-b3be8425e4d7d8e8,0
devgpt-71f52b1354f863a5,0
devgpt-a5d5f4a4c16b8486,3
devgpt-cba6a6d12371135c,2
devgpt-75b67f3bae47642b,1
devgpt-593f5d7ef22f2670,1
devgpt-90aaba2cbb002a5f,4
devgpt-68665d850e2555b8,2
devgpt-ce77aeac6a695048,4
devgpt-56e4d6ed42ab46f2,3
devgpt-f9a366a3f83902de,3
devgpt-4da52308aada0c2a,2
devgpt-2f201d03f8b14473,0
devgpt-d90a44830923c699,3
devgpt-3ed46578a2175458,0
devgpt-5467047ff3917183,4
devgpt-01a4b65f193d9213,0
devgpt-407b378bf67f0719,1
devgpt-7daff21580979d5e,3
devgpt-f8729f5efc6067a9,3
devgpt-9112e647f1e2cd17,4
devgpt-feb065b6c4d3dc93,1
devgpt-90f1b0bf4ff6b1ed,0
devgpt-a834fd7753b3ca65,3
devgpt-280e11fed608ceb7,2
devgpt-09fe0d42f5d0f32f,0
devgpt-814307bdb0de24ac,2
devgpt-dec2d0416c68c147,3
devgpt-0e99ccf605d3c0b8,1
devgpt-42ec3ad0ac698847,4
devgpt-e76c2aef67a6efa1,2
devgpt-2156d533a3202b97,2
devgpt-c393c48fa994e4d7,0
devgpt-6161247a2ae23347,2
devgpt-c587b9adb69a1395,2
devgpt-f9bdda40aa08f0df,3
devgpt-8f39506a5631e4ad,1
devgpt-339fd4763f3343eb,0
devgpt-b8e4b253b62b1ff6,3
devgpt-f5347365249f324a,4
devgpt-1a9d8abcf9585a31,1
devgpt-135a185426511f2d,3
devgpt-77ec1e6186dbf217,4
devgpt-ab24722d658b4582,3
devgpt-ff48df3969fb2553,4
devgpt-b1a27b0f841f114c,0
devgpt-56da078f194a19f6,0
devgpt-cfd28debeb72066f,0
devgpt-8eed84e43bd43f0f,3
devgpt-3ae0876efd2d5771,1
devgpt-6e14137d533a80c4,3
devgpt-929bc108fccd09b6,2
devgpt-28959a7b874732f3,3
devgpt-094512784e2bfa73,1
devgpt-71ef35103e59da2e,2
devgpt-e0556850f2c38f17,3
devgpt-1e8f472a7369be29,1
devgpt-1a891d8bb1a5460f,3
devgpt-6bbe132a8fdfe2bd,1
devgpt-89e9a6b7d7bc3e8a,4
devgpt-26505c4c77fcf9bc,1
devgpt-538f8c15c5cfcecb,4
devgpt-6756f667c2e3fe6d,4
devgpt-a3066711e45f4308,0
devgpt-5460f1e370eb21be,4
devgpt-c3f09cc1411747dd,2
devgpt-a94a5f296008baff,4
devgpt-6aa992e48ed8c650,1
devgpt-aeda293dd3b1b9ea,2
devgpt-6ad81a3fd26785b4,3
devgpt-94b226328be0d68c,1
devgpt-ae1c9bf026113f6e,4
devgpt-281eb64b99beb40a,3
devgpt-73151d9b785dda76,0
devgpt-ba119fde1c9455d4,4
devgpt-8a1080b7b99b9181,3
devgpt-3f69f6f12ffa873a,0
devgpt-1e3e8747a61ca93e,3
devgpt-4934324252adb582,4
devgpt-b9028c0810f29c45,4
devgpt-58781dacf26fc399,4
devgpt-0b4ded598be556cc,3
devgpt-c48c93e329516af3,3
devgpt-a3dada2b80593c90,0
devgpt-d183deb984b89309,4
devgpt-a180f2b40c10bc69,1
devgpt-62fef12d091a6d51,1
devgpt-1cd92838977e68f8,4
devgpt-1afee584608e6203,0
devgpt-30f33b02c4ba06c5,4
devgpt-2aafea57dbf41bf1,4
devgpt-6a7a6ce2719b73c9,2
devgpt-3e16eac134bba3b9,1
devgpt-394974b1202c7acc,0
devgpt-40263efc09e8e69e,1
devgpt-d2bbd21e8b050c1d,0
devgpt-4afda101887b5f52,1
devgpt-610665223c1333d4,1
devgpt-74246c863d3e4c35,1
devgpt-4eeaf9c0ec1267d1,4
devgpt-b2b3086fb1666ef8,0
devgpt-c996cf772780f81a,3
devgpt-fab883b82ec73bde,4
devgpt-c4196437d0ea490d,3
devgpt-801739355c885509,2
devgpt-8a84d2eaee7c8695,2
devgpt-6b85bd39652e0fac,4
devgpt-41cb7ee48e1d0b4f,2
devgpt-7d112ad2d018f804,0
devgpt-40ccf1c83f0ff794,0
devgpt-6f8cdd039323a1c6,0
devgpt-1c967980bb187eb6,2
devgpt-00a5878aebc32bc5,2
devgpt-8d503fcb8b970797,0
devgpt-2dc4ec574cc104cb,0
devgpt-89494f987a77abf6,4
devgpt-e4d05080522e3b1e,1
devgpt-d9d6a714404066be,2
devgpt-fa24974b89a9fa75,3
devgpt-f6956c918985a556,1
devgpt-2694ca03e646d680,2
devgpt-b54b627a61da0353,2
devgpt-546fde0606106d95,1
devgpt-3886facada5d2feb,2
devgpt-f3a504cdc7d9b7d2,0
devgpt-0116da844c4a7f6e,0
devgpt-032a09ee0c08cf17,3
devgpt-89fbb2b6f603ee92,3
devgpt-57897d7e425b12c7,1
devgpt-95deb62937222046,0
devgpt-9848e40ceeef124f,1
devgpt-7b52f3b3bd3674e5,3
devgpt-93b17ba97239217d,3
devgpt-0b736c3420647598,2
devgpt-95f7b53f047921ef,1
devgpt-7e984d8cd01769f0,1
devgpt-6fab84a2a1e533d3,2
devgpt-4447622b146e9fe0,3
devgpt-49c5bd6fb13f105f,2
devgpt-4326674dd53eb076,0
devgpt-f3a0a36d64248c0d,0
devgpt-bdafe0c3b83ea201,4
devgpt-5d7ebcce912d4e95,2
devgpt-cc0d7112c6d036ce,2
devgpt-fc068ae24bea2f53,1
devgpt-581fc67e2aa704d2,3
devgpt-fca0fa242cd52886,1
devgpt-85894b57e8728fa3,2
devgpt-3441350cea275e15,3
devgpt-94357e57ef948674,1
devgpt-7f37a1be7ea7fc81,2
devgpt-9c913b7c337f638f,3
devgpt-96165e96d2fdca62,3
devgpt-784669e9e10d8829,4
devgpt-4b82ed919814ca9a,2
devgpt-82372ae3194b34e7,0
devgpt-ca285a40a8520091,2
devgpt-3d07682ff13c6e5f,4
devgpt-ba5e094056cf1523,2
devgpt-10b5c18a403c8370,1
devgpt-698c6bd9aa8031cf,3
devgpt-4339e21ac58694b3,0
devgpt-fffaf6fa739c7c5d,3
devgpt-97c2a23acd28a2a0,2
devgpt-941bfdb17b1a647c,3
devgpt-73eefd3b2a46ad29,1
devgpt-925d6d221ed9451a,3
devgpt-7b8474a641b666c3,3
devgpt-a6eeafafcac49f8a,3
devgpt-44e6af58962a5995,0
devgpt-c64785853fceeb11,3
devgpt-82ac83a9607face1,0
devgpt-6ffa7aed71588a09,1
devgpt-55b38536b5fba22d,4
devgpt-02f3f9eefb246c34,4
devgpt-4877dd37b774fa25,4
devgpt-4e84a4e4c0aa1493,1
devgpt-3f02a888f6cab31d,1
devgpt-e59afd20b4eb15f0,2
devgpt-2f6161c8d5a494db,2
devgpt-08705a1c9b9520eb,3
devgpt-e4ea13163abf6eda,3
devgpt-d4bb4fd3b6481fad,0
devgpt-5849ea12e513b182,2
devgpt-4494ed10b69d6ae7,0
devgpt-28e706580042487c,1
devgpt-b82cfc3ea1f0a170,2
devgpt-238f6cc81bc2b58d,4
devgpt-5ae3e3f639f5d9c8,1
devgpt-03a3a86151f7c09c,3
devgpt-a475ebaff2e6adb6,0
devgpt-19b696c3a0ac0ed2,4
devgpt-43397c0bc7a22631,0
devgpt-f4675c036e003357,0
devgpt-8d9304f0db05a244,2
devgpt-05e62525339b6e87,3
devgpt-c707f31beed8a20e,1
devgpt-df7d540bc3255685,2
devgpt-b25ac336a3fec0fb,1
devgpt-86140e7ab7f21fb8,1
devgpt-3cf07015030ac58a,2
devgpt-df3a0b95b426b15a,4
devgpt-9d3ef9464331ddd0,4
devgpt-b1df0687b191c61a,1
devgpt-5254b04809b084da,2
devgpt-f8ad56547c03f08c,3
devgpt-bbdc0b55aa57c23f,0
devgpt-281bd3747431f4ef,4
devgpt-aacd054fa7fc119e,0
devgpt-15f4bd6f2e40a9ef,0
devgpt-c702cefa18ba257c,3
devgpt-181641aad3563eab,3
devgpt-9ca48fcddfca9510,0
devgpt-0a44315e54026ee0,2
devgpt-37a57cc7062eabb4,2
devgpt-2992d2c6e511666f,1
devgpt-6f02e515b90a2e24,1
devgpt-691ebdec757fa028,2
devgpt-57d8963e3ceae16a,2
devgpt-6fb3d8d87d5254f9,3
devgpt-846fe664d3c77bc5,2
devgpt-ac5fd51669ee8dbe,2
devgpt-23c09980b1cddd1e,3
devgpt-d25aa7b936803fb8,3
devgpt-850bd4dd562f19ad,0
devgpt-7e058a93884543b6,0
devgpt-0ed1a2b772c470da,4
devgpt-1f0e502419b78a25,3
devgpt-0ae2f831e495ab41,4
devgpt-ecec7a6ac2b0886a,0
devgpt-147948c8675dcaf0,4
devgpt-6ec97c7d3dda6610,2
devgpt-5b6e8ce2cd95d013,2
devgpt-a0ed2d4c523cca11,0
devgpt-0b4c266e388966e4,2
devgpt-d833861179a6ebac,1
devgpt-6b0e4b8a0728b12b,1
devgpt-f80501219ea6d431,4
devgpt-d8d7d8d03d73bfa2,1
devgpt-8877dc489c258144,1
devgpt-ddde3e7c74608e60,2
devgpt-7756a8d82e594c52,3
devgpt-4039d8f709bf6330,2
devgpt-3c7c7d1ae252d352,4
devgpt-ce6af25cded5dce6,4
devgpt-a7c535197e119e2b,1
devgpt-277a21e85930ec05,2
devgpt-352ecf186a989484,3
devgpt-847e3477db2bc983,4
devgpt-b5716768897a0829,0
devgpt-ab4ab25f7b15c30a,4
devgpt-30f13864803bf592,2
devgpt-8683fbbe7e97afe2,3
devgpt-ecd4a63ab27cec80,0
devgpt-6840791fb8dab474,0
devgpt-c1732b09d9d4c297,0
devgpt-2e007b89ac907336,4
devgpt-c57bfb0f3252f34c,4
devgpt-f3727cc32a086a29,3
devgpt-4102e1abd3497524,3
devgpt-6b8c2366c0f4b6b8,3
devgpt-0d7055be5355ac0c,1
devgpt-a679c0ed114d0c66,1
devgpt-12d05841731001b1,2
devgpt-107bb6e0b50c019d,4
devgpt-3a9cb3810e451384,4
devgpt-1797b96e9fbbf913,1
devgpt-026bd272f55270b1,0
devgpt-c0581fff344e36bc,1
devgpt-6c60dfc88cb0e671,4
devgpt-5bcf549879cbbfa2,3
devgpt-4dfdb29580b22aa7,2
devgpt-f54c5d79351aeb80,4
devgpt-1933a6c252b00c28,1
devgpt-76d8c6d1f65256ad,2
devgpt-0eb94ad9c686b8c9,1
devgpt-31cee476a415f50c,4
devgpt-5cb3fda631524fff,3
devgpt-dac1d622ee120b7b,0
devgpt-c01a9eace7b20e8a,3
devgpt-ddce9a9119e0f10e,3
devgpt-33afb06863e879f0,1
devgpt-021cb94b8274f380,0
devgpt-1a1029c8382367f5,3
devgpt-b5e7ca7f01f77753,3
devgpt-f68f3d81ddb03556,4
devgpt-52198a0766a10b2a,0
devgpt-858f3fc43a4a3fa5,2
devgpt-61e6055b611a3d24,2
devgpt-9baf82ea5f24e76b,4
devgpt-1e1d753cb4dee343,0
devgpt-aa99d8b54f73b1f4,1
devgpt-2098a466948c1c3e,4
devgpt-358f3f9a47e79ebc,1
devgpt-5d28561c11fc546b,0
devgpt-14a042f9f3f7cd95,1
devgpt-9f7eff0d34819a2b,3
devgpt-fc193d9be5c3226f,4
devgpt-8e7123aea1645021,2
devgpt-0ffbca2c05b24657,0
devgpt-bc3bbd837864fc35,3
devgpt-c63c5ad7714921dc,2
devgpt-86712c3fc463eefb,2
devgpt-9095a9b4d5f8759d,2
devgpt-fa24e492ebeba5a2,4
devgpt-651dd12609187160,1
devgpt-35141aafd074d72e,3
devgpt-58959c47123d2a09,3
devgpt-27d753154877bea4,0
devgpt-1e53a57ce08c3500,4
devgpt-2f3a6a8f02239b5e,4
devgpt-86e12bbc346c8fe2,2
devgpt-a86828b23d3fdf1c,0
devgpt-f7dbf10b6396537a,0
devgpt-86fb9d95c692284e,2
devgpt-84196460b9f1c101,2
devgpt-511ce537e333ca91,0
devgpt-cc34f5a0e94eac5b,2
devgpt-8ce8e0280657afa2,3
devgpt-8b7a19ab912ecbf3,2
devgpt-5e684d6611675832,0
devgpt-731fa0b1e9fb275b,3
devgpt-3b7a50d77fda5f04,4
devgpt-68a5c66c4d841d11,0
devgpt-2416839f3f19aad6,3
devgpt-22b5810e8469898d,1
devgpt-ecf51dde16bb18a7,1
devgpt-183c7f4129707921,0
devgpt-0a563c475816afd7,2
devgpt-5849ef0dac378e9c,1
devgpt-2de99b6d73b2688a,1
devgpt-05d804fa348f094c,4
devgpt-ceb669225565e062,0
devgpt-0a2b884132e632e5,3
devgpt-d989da8814fd020f,2
devgpt-d5b841dfc1ac7428,2
devgpt-f3b919ee5f275528,4
devgpt-89803c01068c06fd,3
devgpt-00ec40106aeb4d69,0
devgpt-24137626a982c61b,3
devgpt-0224039b030fe3b7,2
devgpt-2b56762f84aa9475,0
devgpt-e9f03922dc93f01f,2
devgpt-872e418c652c3496,4
devgpt-cfec3966699bc31f,1
devgpt-1bc266b0b28f93d9,1
devgpt-8c79d3425b83ccc5,3
devgpt-544ae8f9541361dd,0
devgpt-03ffddbce5802817,1
devgpt-4bca4a84a9887796,4
devgpt-d6d57a051d628d21,4
devgpt-cb786149974743a2,2
devgpt-565031149a46d8e0,0
devgpt-8485bc0aec5d8deb,1
devgpt-6efad70ff5249c3d,4
devgpt-dc84d0bd7ffd7928,2
devgpt-5dabd1bb5b6686b4,0
devgpt-ba0d2909b0b71c43,1
devgpt-36881866d6958b67,2
devgpt-1efa3e1ffd697e32,4
devgpt-33bb385e31208825,4
devgpt-65f9089980c96cf1,4
devgpt-15f46bafdefd5147,4
devgpt-d42b84fd39ca545f,0
devgpt-ff9d44e4ddaca3c5,0
devgpt-86fc5b80ef06de9b,3
devgpt-41657c26774703fc,3
devgpt-0e76bd96d801a718,1
devgpt-c382f0124509c71d,3
devgpt-54940dc984e1bf9a,0
devgpt-34bb66c978da05a7,3
devgpt-5c0e82bbe6ea5214,1
devgpt-7dcfdc65bfca4fc5,1
devgpt-e305dbdd4aca925f,0
devgpt-7e7b5ffc7fcad918,0
devgpt-a7496eb88800e808,2
devgpt-3965b03401e76347,1
devgpt-293ec97b34db0a37,0
devgpt-5780018a73194d2a,1
devgpt-60fa7915a2973ea1,1
devgpt-f354cd8741e3cb99,4
devgpt-196cb82cf74e1aff,2
devgpt-a72e0011ef5cbc91,1
devgpt-d8aa0908982391d1,4
devgpt-e4db238a84b2604c,1
devgpt-9ac1724d32f40444,4
devgpt-fadcb4fa147d69cc,4
devgpt-c3286721cf38fa13,4
devgpt-753c78d94215f587,3
devgpt-8f876e60fbb77ddb,1
devgpt-68c26f169d93efa3,3
devgpt-346129a909ed17be,4
devgpt-4b18277671528448,4
devgpt-13d5189c7945bb1f,4
devgpt-f9716c8d426846b1,4
devgpt-a0b3821bc1561a87,3
devgpt-64a530166fc93082,1
devgpt-c24098e051d35603,3
devgpt-0994c7b72f5120c9,3
devgpt-49d15f0f1706defd,4
devgpt-cbfa61627fd04b1f,1
devgpt-74452584a1f342c7,3
devgpt-d0fe1894a218abe8,0
devgpt-95636729012c3331,4
devgpt-8266b610f2cad016,4
devgpt-66e594b577063f96,4
devgpt-57cb279ba373773e,2
devgpt-804946119097babc,0
devgpt-ac475c32ac1f8714,2
devgpt-5c27be912c884758,3
devgpt-0887cc6620d1659a,1
devgpt-cc5ed249b475bf04,3
devgpt-026075f3e8f8a27c,0
devgpt-c3f105de88cd0fa8,3
devgpt-d5b5de39dc6139d7,3
devgpt-43e97918065801c4,1
devgpt-32f8b43f69e9edbf,4
devgpt-62e65714721ddf9d,2
devgpt-6209f2dcc6abdc3a,2
devgpt-e80280471f2b8f02,4
devgpt-d3098f578ef6f4fd,3
devgpt-d5ffe12a2aa599c8,4
devgpt-55d7812ef88d3176,2
devgpt-8aea8c400aca01f7,1
devgpt-1514950efa77fdd1,2
devgpt-e4991330e144ef5f,3
devgpt-f4f6639e056ee2c5,4
devgpt-2e0a055fefdd1d80,2
devgpt-a66212e546f95d31,2
devgpt-16ba1b2f5d85d8a9,0
devgpt-2608ce701bfd306c,2
devgpt-c9149fcc06f5beed,0
devgpt-69f4fd7f66d293ed,0
devgpt-9522a4df8fdb3b8c,4
devgpt-11db634314f9b654,2
devgpt-3368afb6c56a7811,4
devgpt-d5b1f7f753c11526,1
devgpt-90c37421611461c2,0
devgpt-432984eb8eb800fc,4
devgpt-862e81f0dcfa0c38,2
devgpt-3c55197152cc1343,3
devgpt-8699590643cbb1bf,0
devgpt-3904a86f653f6de1,1
devgpt-543010cbef81defc,4
devgpt-83e589f155aa26c1,2
devgpt-af04a75b1bafd65f,1
devgpt-ba251ff46ad47876,0
devgpt-8eb499aa50608727,2
devgpt-25dbca64e8ef2397,2
devgpt-5e67d431247938b3,0
devgpt-bb452d4fa67b9c86,2
devgpt-df639b99993a14df,2
devgpt-7777e59a9778efdb,3
devgpt-97b1d8996732a0c9,2
devgpt-c0198e54d2937ca5,1
devgpt-a6d95396334119c2,4
devgpt-ee46f9dbd7873c35,0
devgpt-80d82951b4549d0c,0
devgpt-ea319ef3c0571aa4,1
devgpt-be6c41daa077832c,4
devgpt-f0a8d54bae0052b0,2
devgpt-56e21df6a5cd8797,0
devgpt-210ac52fefa3e0c5,0
devgpt-c73c820716b1ed06,3
devgpt-38f3ce7de347ca98,1
devgpt-62f85305522d4d28,0
devgpt-ffb9dbf8f160d1f6,4
devgpt-dd737efc07a75603,0
devgpt-d29ee46d7f45d7c6,0
devgpt-0474517e58371dc2,3
devgpt-b4e8d2c5b236187f,0
devgpt-cd68a4e46b8a19bb,2
devgpt-cb3d7288fa94d02d,1
devgpt-ffae4a47a6fb299f,0
devgpt-ad15c2af95dbcfc0,3
devgpt-a2d32cdfca0b0bbe,1
devgpt-93fbb0084bd55b8b,2
devgpt-1f60b5da40470821,0
devgpt-1dd73ab295c79082,3
devgpt-0c82a63b0e04fd33,1
devgpt-d05668dd88cf1db1,4
devgpt-77fb33e1328a345a,2
devgpt-9e546eeb72845d2d,1
devgpt-19a9e1e36a8879ea,1
devgpt-602cbc542e60ca17,2
devgpt-411405e4f5e4f07c,2
devgpt-68cb2c9078bf2301,0
devgpt-ea0b16317fd9dd36,4
devgpt-6abaa2bca97d5396,3
devgpt-2f96c0d4f6c7df6e,4
devgpt-f5730aca022dec30,2
devgpt-a059c32de32564cd,2
devgpt-6603715557487ad1,2
devgpt-9e0a386318001afb,3
devgpt-bbbf24a18ff5e761,0
devgpt-b846631a9155384a,1
devgpt-8918844986c44241,0
devgpt-0610f0f872e8f3e9,0
devgpt-b98dfabdca4061de,1
devgpt-2e8323099a5eeaf3,1
devgpt-9a7f259e75faeee0,2
devgpt-367fc4c799e6c450,1
devgpt-b2dd8e4ac2905918,1
devgpt-d7ad562cf62f0567,3
devgpt-0f80c49975e1cb37,4
devgpt-1af755e063ed4d37,0
devgpt-d78bcb65d6bf23cb,0
devgpt-5be03397b057a083,2
devgpt-aac010910ea14f78,2
devgpt-7d1a244a05bb0034,2
devgpt-5fdbe5d69ce15984,3
devgpt-1e2abc0647475c05,0
devgpt-8df674cfdb0b5355,4
devgpt-bb4e216c228c6f41,1
devgpt-987b1f5a04de09cd,4
devgpt-c9d6bfbc91706bdc,4
devgpt-2ec9235d9a2fbbf2,1
devgpt-a3e58d885d577d68,4
devgpt-6302710ea6e70039,4
devgpt-579a39c6ce267250,4
devgpt-130b77c80fe89b84,0
devgpt-554e49589086f996,3
devgpt-f8cadfb44f0b0929,3
devgpt-87fc20d94e40e50d,1
devgpt-19381d3dca6df82e,4
devgpt-779d46d6bac26a51,0
devgpt-21135ee4f0bb41b4,1
devgpt-70f033414bca0d67,1
devgpt-f8519e21afbc953c,2
devgpt-d70905d8a3b344d8,2
devgpt-baf44297e6bbc949,0
devgpt-61f6a22902cee4d2,0
devgpt-ef9ebd353418bc41,2
devgpt-53787132655c45e8,1
devgpt-467fcf647c85bae4,0
devgpt-568ce7f894b38790,3
devgpt-c90c51f6d4837f36,2
devgpt-c1c0ccdf337840d7,1
devgpt-27eb5595593f5d47,1
devgpt-6d7a425ceca9d926,0
devgpt-dc74d29b0caa88f9,3
devgpt-a57be0c7349f7da7,2
devgpt-582ba883f17ec6dd,0
devgpt-86a2a0f2411cdcdf,0
devgpt-f05b814e54383c38,3
devgpt-897bcad3fc7b0579,4
devgpt-35e6dc8f8fea4b7b,2
devgpt-4aa7da7ff5cd411a,4
devgpt-6eef1a082083443e,3
devgpt-8eb651cd30fbb266,0
devgpt-64d1d806c7f1a639,0
devgpt-5b1851940216d032,4
devgpt-1bd91396eafb845b,0
devgpt-39b12db597e60830,3
devgpt-71bea087c313cc9b,2
devgpt-dc9ebd3a10dda806,3
devgpt-4c80b2e29c30e1ed,3
devgpt-f3f294ff2086dc7c,0
devgpt-961320928dd3a2a3,1
devgpt-67bb3f3a361af367,2
devgpt-05160f3e51f1be9e,2
devgpt-d19a5b304a17f617,1
devgpt-4be036f8c5a13e89,0
devgpt-700b7b782f5862ea,1
devgpt-e23ff35f860def4c,2
devgpt-20381717a470e7fc,1
devgpt-cdf5f0fa859b1e89,2
devgpt-51ce13df782318fa,1
devgpt-644e4adbe844d7b3,2
devgpt-f863ffd30cc577ee,1
devgpt-f315edde1ef46418,2
devgpt-a8ce64674f2d9bfa,3
devgpt-15ab7443dd8eed68,3
devgpt-dae9f63fdd57e457,3
devgpt-09ec9991133d35a1,0
devgpt-863d70aa4595a292,4
devgpt-4d05d137ac8c9768,4
devgpt-29f4ddcdb46c0ba2,0
devgpt-61ecd8f86ed79e26,3
devgpt-339291f6b8344955,3
devgpt-bc09f18cd555081e,2
devgpt-9b6fbfe3b234c4a5,3
devgpt-def27cd88f943e04,1
devgpt-faed9e05131e90ef,4
devgpt-2ecababef78eb19c,4
devgpt-b61162a0b6536cef,4
devgpt-4614b6ad32ae3992,1
devgpt-e4d419c5c7f08777,2
devgpt-fe26e80c1dbf428e,2
devgpt-48ca1a8cf19a8f9f,1
devgpt-8bffd8b7b3edfe68,3
devgpt-f77fdf422b22f0dd,3
devgpt-7f983f16a7159a91,3
devgpt-0156d246dda952be,2
devgpt-fac3a0f492989fad,3
devgpt-67a4a2e01dfa850f,2
devgpt-158a87569fef3807,2
devgpt-46c9569fbbbbcf1d,1
devgpt-0ebee27ab2841efd,1
devgpt-2563bec7b9a9c9f2,1
devgpt-62cfb723c0a47fe0,1
devgpt-96bef4792aa123d3,3
devgpt-47db0a8c77073b46,0
devgpt-f483d6914a11e0dd,1
devgpt-26d6e888238e7f0f,2
devgpt-514182c01e324efe,3
devgpt-a391da7328fd712c,1
devgpt-f7222d4934727f65,1
devgpt-35101ed2727ed118,1
devgpt-2a65eb522b008ab2,0
devgpt-5c535140fb9aabd2,0
devgpt-14dcf0d45e327671,2
devgpt-103d056500c33207,2
devgpt-5f69505197a6ac44,3
devgpt-6680ac72139b73d2,3
devgpt-55f3aba6c6a4e8f2,2
devgpt-3e8eb24fc820aa90,4
devgpt-6c2bbeb3f2f44690,1
devgpt-969d7ec80d3c5c01,4
devgpt-9053747cc22f7c1f,1
devgpt-d469f7699fd9e339,1
devgpt-5ec58059b21aa453,0
devgpt-a708196470e85a37,1
devgpt-1150a3e4f31ba342,4
devgpt-6803d803fa9d8a0b,3
devgpt-79ffb418bf53de3b,3
devgpt-29b79c09c5d2cdac,1
devgpt-ad345afd7175a7f7,3
devgpt-9f88e7b2a07cf563,1
devgpt-f9d645883f00f0a3,2
devgpt-caa928630992ff55,3
devgpt-b2343d111e0e5014,4
devgpt-2de27b8827da368b,2
devgpt-8fc5b2fe133f7d34,2
devgpt-e8345f4bdfba07c4,3
devgpt-4eaab38632d1d608,2
devgpt-d99d19a619384300,0
devgpt-fa024663f209ea82,1
devgpt-2aa2c8287c3c3b5f,1
devgpt-40f3457c6873e2b0,0
devgpt-3b06be7306a5de86,2
devgpt-b4268288fe560206,4
devgpt-ab44dcd5c4fa2e34,0
devgpt-ff11de3acf719fd9,0
devgpt-673a767b455e4830,0
devgpt-d1832d96b7748643,0
devgpt-12a03b68d708aad4,2
devgpt-b4e8930c1b73f439,4
devgpt-baa7681a76a10190,3
devgpt-db0a3a0d3b48b5da,1
devgpt-23821caa9dd3debd,1
devgpt-ed705de73ac517f1,0
devgpt-b96f752dcf699ce3,4
devgpt-8caa49ea21b23bd6,1
devgpt-961bc3c61fe7705d,3
devgpt-af6ad52adfb7bc89,0
devgpt-9956d4bf6d058f5a,3
devgpt-494a2ee77cc46847,0
devgpt-17eb43ee4f9bed90,4
devgpt-d2bb108554bd2079,3
devgpt-df0e42fdf3ff6f8c,0
devgpt-c9770d8163a8ef37,2
devgpt-3ee584dc3cfda147,0
devgpt-3177b4652ad25a1b,3
devgpt-b1bf7c4cbfadc7ac,2
devgpt-be1f89058c2a5b6c,1
devgpt-dfcc33cb81f00d1e,0
devgpt-9e6531287a853e65,4
devgpt-d372208361627e5d,4
devgpt-86635b36042727cb,0
devgpt-6a54c2ddce8b81d4,1
devgpt-06fbd8e6db00d879,0
devgpt-29c0e2495456a44e,4
devgpt-37a5de5d89587101,4
devgpt-4987f65189e2cee3,3
devgpt-2865388ab18a85c0,0
devgpt-828473bfca3d29a1,0
devgpt-ef3b07492fe1f3fc,3
devgpt-a8ef89c273e04681,2
devgpt-87e6cc19d0549c86,2
devgpt-4ad159dcd8d162fc,2
devgpt-ce269673359501ad,3
devgpt-87a9faf7c9e14139,4
devgpt-e41b52a7d96f8519,0
devgpt-6abd4c6f01042c4b,4
devgpt-751290398c54d21f,4
devgpt-ded3382b5236d598,1
devgpt-16bec5e8f44c46c9,0
devgpt-1a2eab09d8348cd3,0
devgpt-7e8db10766a6d844,0
devgpt-e515712a1befb575,4
devgpt-a6f549d7f0696c40,0
devgpt-082bb210ac986623,0
devgpt-8d2be58588013a8c,2
devgpt-f46db586b25810b7,0
devgpt-949de45176cf1882,3
devgpt-ca0072ce59107d27,2
devgpt-a5b0cee70b7291e6,0
devgpt-e88a58550d0f1c2b,0
devgpt-79ed54a6bc44aa58,3
devgpt-39bf8e343fbf4e25,4
devgpt-d0634b017fc28e32,3
devgpt-7593f916aa8ac0f5,4
devgpt-7dcb186ea39c19e5,3
devgpt-c214e03afa0adeca,3
devgpt-6a318ddcc4784e6e,3
devgpt-1e5549094cd75891,2
devgpt-0fa1a42a89983525,2
devgpt-9b84d62ba0e0aa9a,4
devgpt-c4b07a477d26f581,4
devgpt-aa5047540af83712,3
devgpt-b5f1bd1c435b7953,2
devgpt-2b0d2bdc0ce3941d,0
devgpt-ecf9eacac12ec87f,1
devgpt-42d19c9548d87bf1,4
devgpt-dc26cb4c9d23fb84,2
devgpt-2b16537afcc0de12,1
devgpt-c8bb739bab2e65fb,4
devgpt-b59c825264495577,1
devgpt-1d4b9f186c7f46f8,1
devgpt-d43085ed3610b649,0
devgpt-a9f43f7009cdb71d,1
devgpt-090fb6789c9e9aee,3
devgpt-99cdb23c241733d2,0
devgpt-f886e6be4bb50742,4
devgpt-a64c302258bf43d5,4
devgpt-dd24ba48ca196e2e,2
devgpt-e5fb95eb7bdf349b,0
devgpt-6dab976d7e8c573f,1
devgpt-6861eca74f5d16b3,0
devgpt-d1d69a89bd910266,3
devgpt-a0a090b3be2b125b,1
devgpt-8394b80fc4559eac,2
devgpt-0b5c2ebfddd8db86,0
devgpt-a9a586b0057eb319,3
devgpt-3cbfa3942f2ac0ac,2
devgpt-fd81d2f5ee8df9a7,3
devgpt-fbca1cda2442eb45,2
devgpt-5079188757001853,3
devgpt-2500b8e8a55692ea,1
devgpt-1373c214db016f1a,0
devgpt-44620156b19cf58e,0
devgpt-b1d2639a2b90aaf0,2
devgpt-8b132ef3626f67d9,3
devgpt-c9acf7144c53e821,4
devgpt-f9be7b5658c2d42f,2
devgpt-919384db1c76d287,3
devgpt-3b81e994f184f0e1,2
devgpt-d7569ff705422a7e,3
devgpt-3dfe8331091f98c7,0
devgpt-9a5eddc6b39ecd31,2
devgpt-e1ccee8999e1ffd7,1
devgpt-b73d6c9dec1f121d,1
devgpt-017a8e424197d831,2
devgpt-17320fd578492766,0
devgpt-02c2e37eb1061688,4
devgpt-db1f96ef1fe8243c,0
devgpt-4d828153f0633727,4
devgpt-e9ae5da2f37a13d3,0
devgpt-bc090876efe5207c,3
devgpt-f216d02debc7711b,0
devgpt-0e17f6df9102ba91,3
devgpt-bc7be96212ade949,2
devgpt-d48aa30ab015cd8b,0
devgpt-b78738da84e795d8,4
devgpt-f251b9c942d924cf,4
devgpt-a061d32b8e5f05f9,2
devgpt-06c654e1c943afb6,4
devgpt-dfd5b30e5fafbdfa,4
devgpt-94d7164b885affc0,3
devgpt-8edbf11d932494e6,1
devgpt-918fffeb075caecd,0
devgpt-8e162a0b318a723a,3
devgpt-cc6b5128bcd4f9af,2
devgpt-591002838e4b33da,3
devgpt-6a1f563db2353f21,0
devgpt-004b771a13e93ece,2
devgpt-4ed503202b971e67,2
devgpt-183b0bd947892812,3
devgpt-847d7aba18f92e8e,4
devgpt-98e8892dcd0c079d,1
devgpt-9f8f3274dfa3fca0,0
devgpt-26ce7fbd9dcd2800,3
devgpt-328e7eadae633ca5,3
devgpt-0f741cab647bf1f5,2
devgpt-4587bb75dd51e755,4
devgpt-807873f54ffd0102,2
devgpt-522ce05edff8350b,3
devgpt-505f07dff5d65862,3
devgpt-b65886008c0b862d,2
devgpt-4892935f8ee22f42,2
devgpt-d936a0f1397ac6eb,2
devgpt-2aad5b229061ff71,1
devgpt-1e838a5c6f31a30d,2
devgpt-95c3a6052316fbc4,4
devgpt-b28d6fdef264611f,4
devgpt-c4fc928ac95272d5,4
devgpt-5fd9e25778edf9a4,3
devgpt-eb286a24f707d413,0
devgpt-8bcfeb67187f6e83,1
devgpt-28430bde3ac374c1,3
devgpt-cc0fae3dffabc752,3
devgpt-35c0804fe3503064,3
devgpt-685bfd26a0ecf2e9,3
devgpt-dd4928f4a9448a90,3
devgpt-0df6863dee49cd50,2
devgpt-306ca2d36d5648e3,3
devgpt-8f2d6dfca09e34d3,3
devgpt-a67af719f3d8d3bd,2
devgpt-b5277573bcf27243,3
devgpt-04d8fc2bd79ae3fb,0
devgpt-f6ac7e6b806443a4,1
devgpt-8a83204f61c1f76f,4
devgpt-d02f87ce9fbf6f9c,2
devgpt-fea7ff38053b963c,0
devgpt-91526cc14a1be5d7,2
devgpt-282a733295f61295,4
devgpt-3a4a4475240f0676,4
devgpt-677ae5e86cdf640a,3
devgpt-dbe5e13d2998d5e1,1
devgpt-c2ecae095d22a12c,0
devgpt-56131a4be0482df8,1
devgpt-42863d65f8ee8892,1
devgpt-a506d6ab050c89ce,3
devgpt-ce0172a02ee7dc3d,0
devgpt-fd7d71c3d2852226,0
devgpt-a0ddf9fb68de4468,4
devgpt-3aa0f1a4f8e336df,4
devgpt-0e3123bfff9a3a72,1
devgpt-f3781f0076adfaca,0
devgpt-908ef40993950d37,4
devgpt-7f678978c0394cbe,2
devgpt-859afabb225b9d87,3
devgpt-4f856758132ba6b1,4
devgpt-14a4db0385ff2402,4
devgpt-961cf5e659525fea,0
devgpt-779ad5179b9ff1ac,3
devgpt-1cd81ee3a6224ec2,0
devgpt-91394dd3801b376d,2
devgpt-ce6bb9e9b5e7af08,1
devgpt-a39fa33a8ca33f42,2
devgpt-629067e76b247974,3
devgpt-07bbdf25a54f7fd9,3
devgpt-b4da88a3a7e8d45c,0
devgpt-60ebe0f1d733feab,0
devgpt-6db17acdf9655f30,4
devgpt-095e83a165f5701e,1
devgpt-7f263d206aabc47a,3
devgpt-91c6b8aec8c5bd77,1
devgpt-306d3821ecb4beb8,4
devgpt-bce275eebf5d9831,2
devgpt-56de28af4c8ed0e6,1
devgpt-266895cd872012e9,1
devgpt-92702e7e1313b9bb,4
devgpt-a4dbedade9608b82,1
devgpt-3cc5b8ca0b413c0f,0
devgpt-027b04fd1ba60cc7,4
devgpt-47aa9b46f5743480,0
devgpt-6767e3aaac093866,2
devgpt-a3075e5e57c781f4,3
devgpt-e1c7231fc26a560f,0
devgpt-312979c62fede476,0
devgpt-c19b643814571be2,4
devgpt-762b5916415e0214,3
devgpt-8a8645472fe062ce,3
devgpt-8af8d1df9bec14ca,0
devgpt-277505de0d0168fa,0
devgpt-6dde94bc393cef04,3
devgpt-7764d86929b02bbb,4
devgpt-c48f7ec89a4a4df8,2
devgpt-15b26cb13a0d8b8b,0
devgpt-b19effce50352ec2,2
devgpt-e163e540973f7317,2
devgpt-d7d11917eec619a5,3
devgpt-c458947841b32fe7,1
devgpt-2010af6531404eca,3
devgpt-9535ab616babfabf,1
devgpt-79d41deab850164f,1
devgpt-67a88904a5fc0b2f,2
devgpt-de4be3e76f0cafb6,3
devgpt-e1298b94d041cac6,1
devgpt-df283bdef0e7da57,4
devgpt-ff38d4a3d7faca70,0
devgpt-5f6911b7f01882a3,0
devgpt-3d86431762129938,3
devgpt-94fca2d773e3233e,3
devgpt-cdb09d50ddce760e,1
devgpt-11acd808790775eb,4
devgpt-69deae2c2a2fd896,4
devgpt-fb369d1a7da8be6a,2
devgpt-53c8ed6b54f70c48,0
devgpt-1370959e3a231421,3
devgpt-3dd9e9a66bef0e32,4
devgpt-51b75997ca3ec68d,2
devgpt-8affaa80542cddb1,3
devgpt-ed0a8f93367f1682,2
devgpt-c353e7c2b551ad4f,0
devgpt-09a0ad1949ee58b4,4
devgpt-6eb73d5f46e3b8f6,2
devgpt-5aba5fb8e9467b5c,2
devgpt-6979c3977e9c657c,1
devgpt-63780da47c398ebd,0
devgpt-3f7e8d8c53fe878a,3
devgpt-6b75763ad035c11a,1
devgpt-f46814083bbc3e90,0
devgpt-56cef54cadc3f995,2
devgpt-172143b7b179a8ba,3
devgpt-2432db25a6f69110,3
devgpt-7bcf37dba5ae3e9b,2
devgpt-9be8da5548972e7a,4
devgpt-4c90b68032174597,1
devgpt-6df61e0da4b66655,4
devgpt-ded8fb1af55b45e2,1
devgpt-ebef2b3685065d10,1
devgpt-f05129ae729b0c5c,2
devgpt-da261e8be189e421,3
devgpt-1b4d454e8869d786,4
devgpt-630892f7645304a3,2
devgpt-0596099207461c01,0
devgpt-e2fa59313c81c957,3
devgpt-5204fe026f0f14da,3
devgpt-55109c6f2e7f29fc,0
devgpt-f4d6d5b704d92568,3
devgpt-e7dffde5eae8f8f6,4
devgpt-96c4063885ce0682,1
devgpt-ca784d81720954d2,1
devgpt-ee3230223ad46e29,1
devgpt-fa7149ee8dc67f08,4
devgpt-8febdaa6afbb77a3,2
devgpt-d856b76f987aef67,2
devgpt-9e5c7117fe749a7a,2
devgpt-4f301c2d5f80836e,3
devgpt-9fb115e84b800cbf,3
devgpt-05616d6e2d8704c6,0
devgpt-b59278007dbbd0e5,1
devgpt-6c579088cb9d9fb5,3
devgpt-15ae410d0e65cc81,0
devgpt-058a6ec289333d6b,2
devgpt-8f1c6d668b62416f,1
devgpt-05dc5f960fde48c4,3
devgpt-97cb8995a6ca6549,3
devgpt-9557690826073f3d,1
devgpt-5b2a9c060b6dc3a6,2
devgpt-8f5974e3e3e908eb,4
devgpt-f90c2f6a26937644,0
devgpt-ca1bdeda5aabfcd1,4
devgpt-efac3ff2c65dcede,0
devgpt-efdcee9df66bfe29,2
devgpt-c9cdeb49ccfaeba6,1
devgpt-15578de641dd71bf,1
devgpt-1198ac3dbb8ad650,4
devgpt-9ce0f88823510c07,2
devgpt-6669d03ce3cf6807,4
devgpt-51b09d183636fb91,2
devgpt-b258366601b95ed0,4
devgpt-d7e78cd748dff7c6,4
devgpt-79f136abb0adfb18,1
devgpt-c21de06fbe19ec8b,3
devgpt-fd25c884cfb3f0fc,2
devgpt-f13a9bad8224367c,4
devgpt-26a000c5d570d303,4
devgpt-18bd009c6a31235a,4
devgpt-998f2a612bbcba7b,2
devgpt-f36ec5fe45ecb505,1
devgpt-6e7a6228bf656860,1
devgpt-3636e58e29c916b0,3
devgpt-92be616165204b89,1
devgpt-52488a8c00ed3512,4
devgpt-749d0ef2f7eae30b,2
devgpt-14ca3cfc4c287327,1
devgpt-9908c28b9e972990,1
devgpt-8727d2786098ca4f,1
devgpt-22a37566809d014b,4
devgpt-747299e5f9ca6e8e,1
devgpt-a40c4fac52a770f2,2
devgpt-564eac2c6ba423e7,2
devgpt-f7a38445cd647ca9,2
devgpt-1c43b42479c919dc,1
devgpt-d34c40ba68180bbf,0
devgpt-6e7ef5289c9cf786,2
devgpt-4325118b6417f694,4
devgpt-606dd3b9f76da2fe,1
devgpt-3a43d4510662a034,0
devgpt-49555dd85eaa036a,0
devgpt-a063207072415edb,3
devgpt-e1a5436375004ad3,4
devgpt-1f869fed3d51db49,1
devgpt-c201fff6215f3d23,2
devgpt-a12e19d2e0e8d438,3
devgpt-b09f46a70f061cfb,2
devgpt-5ec280c7ff87723f,4
devgpt-4f05f7644ce873f3,1
devgpt-48cd20b18de71d76,0
devgpt-f3f9cc4a0ac80b31,1
devgpt-e237e19db4dea882,4
devgpt-071778fab0c154a5,3
devgpt-d1d9332036eef23b,1
devgpt-d0abed70a3259e40,0
devgpt-52391a35848031e5,1
devgpt-6ec241e00d1c6bbc,4
devgpt-904201fc092e6674,4
devgpt-8ae31feaff9109a2,1
devgpt-570e2110f06dfef2,4
devgpt-cdeabf0471774a14,2
devgpt-88f728e448fc101a,1
devgpt-5a02c1e93713be71,3
devgpt-2782bdcd90234c2f,0
devgpt-5f6cfc35c1db6110,3
devgpt-4c80a106b7d4e401,3
devgpt-24cf30fcb93a8607,2
devgpt-d31a604135dac969,3
devgpt-76d82a8823e7ac3d,2
devgpt-0860ef010190c5bd,4
devgpt-2894a0665b26e253,0
devgpt-f8622268b3bc1fe3,1
devgpt-428705f2b50111fd,0
devgpt-5a112f7449037b4b,3
devgpt-2f8b8941325226de,3
devgpt-e14cfc52ca1ee8ae,2
devgpt-d5b459b364533145,1
devgpt-e27d7fff11293813,2
devgpt-dd5e9d02decce122,1
devgpt-a40be78a9fee4871,2
devgpt-602e1c413e208323,4
devgpt-dcdba7047e791775,0
devgpt-4be73a7d2a7245d9,4
devgpt-a05ab22732f450ab,1
devgpt-a31112cbe31aa34c,1
devgpt-3421274d267cfd8c,4
devgpt-e22d808aae7868e4,3
devgpt-bffdda52f0240456,4
devgpt-ca2ef8a849608542,3
devgpt-7fec4cb8ea438384,3
devgpt-59035161b75e814f,0
devgpt-44b8a65ade6738bd,1
devgpt-7979d6fe94b9dd22,2
devgpt-dd4a0f85307c4f21,2
devgpt-9af8027497025706,1
devgpt-ae6461ba995d9918,2
devgpt-76ef609c01393da2,2
devgpt-310ee6277bcdbba7,0
devgpt-e119140bc54e2471,2
devgpt-bc8aba2fa4ce5f22,0
devgpt-6f6556582900e45e,3
devgpt-5c914ad596561eb0,1
devgpt-a0be60b0fb2ad1e7,1
devgpt-a308b4653af4111a,2
devgpt-e5c2a8a48314778b,0
devgpt-5dcc5e2e8c890927,3
devgpt-4c228f4e7c1eee4d,3
devgpt-85976706e912b07d,2
devgpt-d458ac094e8bb952,4
devgpt-c086af4f68226ef1,1
devgpt-7bd8336d457ab380,0
devgpt-4b681f7836289a13,2
devgpt-393dd26db10f1982,0
devgpt-5eba7e9b68133999,2
devgpt-8be9f9e9ed24e394,0
devgpt-056feb707876c1db,1
devgpt-aa5c0e189556fde2,2
devgpt-3768340631138883,4
devgpt-14fd608f19f10bbf,2
devgpt-d7da66863902a4f1,4
devgpt-2ff5dfb9141d1c94,2
devgpt-7558afe2b77119da,1
devgpt-5cebefc043ed617d,1
devgpt-dbacb655fe420dbc,2
devgpt-7fa37bb311e66630,4
devgpt-6cbdab2562c3a1f1,1
devgpt-0bd846fb5b975761,1
devgpt-5e4caa669a451ec6,0
devgpt-3d6a7d4bd6cb7685,2
devgpt-48ddaa0d08f2641a,0
devgpt-91cb153e7f6bab2c,3
devgpt-550e8d1b94a780a6,0
devgpt-e0b95322b479eb56,0
devgpt-e4bdfe72cb75d12e,2
devgpt-272f6760a8c547a9,0
devgpt-b9f8f18b491eb534,2
devgpt-55519c8e2ac992e9,1
devgpt-1d57e651077741ac,2
devgpt-e58a0fe4267252e0,0
devgpt-f8df49ec99feba69,0
devgpt-13f3170009423f27,2
devgpt-8ecbf00d77e48aeb,4
devgpt-9bc6b80d2299a938,2
devgpt-5cdb71f5d66e5175,0
devgpt-f92a5d882ae4ec04,1
devgpt-897f94970e70f68d,4
devgpt-531532a4d0c0fcf0,1
devgpt-bcb19676911db551,3
devgpt-f4d70795e786268f,2
devgpt-2f520df6a645f240,3
devgpt-818ed6e1cd9bb83e,3
devgpt-3f3e5a503ee9d35b,4
devgpt-e880d6a236061721,0
devgpt-8987a42df4e20291,3
devgpt-9043ae91ad6bb939,4
devgpt-beb5d6cdd2d6bfdb,0
devgpt-57813eee626fc242,2
devgpt-d8e384718e97e6af,3
devgpt-ba371687a52dc411,1
devgpt-89a6d01634c59b01,4
devgpt-9ab10e0ea2b66842,4
devgpt-5376f6b83f5ba59d,1
devgpt-541b60304dd3afbb,2
devgpt-7e62b0c5b1ff8f4f,3
devgpt-ae62998be55239f6,1
devgpt-2ed30ff46e801b78,4
devgpt-297c2bebb7e81f7a,0
devgpt-312ba23aadd18311,0
devgpt-e39cf74ef0c7294b,0
devgpt-c282bd8d342975e6,1
devgpt-fe6b83fe8fa7857e,1
devgpt-c64e4819f5708a4f,1
devgpt-3c72bec049279fdc,1
devgpt-d84776e24da5ba65,1
devgpt-c9fd4e839ff190d0,2
devgpt-a7c0ff8bd53b1d73,3
devgpt-580fb6c1729caa6e,1
devgpt-586263781562f88c,0
devgpt-4f65e6c563a16155,3
devgpt-5dd8cd49c7d56b45,3
devgpt-cb80329f4f8f11df,3
devgpt-7a6a2644e7e12cfc,0
devgpt-ddc296cf6180d9a9,4
devgpt-7976bbebf4c26014,0
devgpt-dbc0f1696043c576,3
devgpt-891c50d12b835dce,1
devgpt-65080fe82c2e841a,4
devgpt-c400b26705ceb9cf,3
devgpt-aaef09b86fa61a2a,1
devgpt-13290f3072d4b508,3
devgpt-cef0797897a171c0,2
devgpt-2a00d93ff4c1b18c,2
devgpt-5bb1287867963867,4
devgpt-d8323d36cd77a470,1
devgpt-57253ad5ede797e7,2
devgpt-545fca19019f3701,3
devgpt-8b5541863d5218b8,1
devgpt-8c7f3fc5cdaaf667,1
devgpt-e8eafd40f1aafd14,4
devgpt-aba5578f3c70f7f0,0
devgpt-a6572a0799ad01ef,4
devgpt-d140b7f7f9e521df,4
devgpt-1005b745655f1163,2
devgpt-ea22da9b75f10776,3
devgpt-9cbc41b80537452d,0
devgpt-c143daba0033939d,0
devgpt-8809907bf73fc8b4,3
devgpt-8eb0b71def72471a,2
devgpt-119b272b0e7cef8c,4
devgpt-f39c9cd48b8008c8,4
devgpt-e0db9a76e7ca38de,4
devgpt-d198e83e24642844,3
devgpt-dc130bd1d68cd66d,0
devgpt-ffcdb428e5db2b2e,4
devgpt-b0012697a7afb3df,3
devgpt-3d5c3fdb159f8f3f,4
devgpt-8bf061d82e058320,4
devgpt-35bb79264f48014b,3
devgpt-a5f269b566ede802,3
devgpt-9cd0fc4fa97e97e0,4
devgpt-ef576ac6d6fb9905,0
devgpt-d0e535526c0840b0,4
devgpt-b4c6c91a66a3ceb0,3
devgpt-32c6775b9125e307,1
devgpt-3a42c87df0605710,1
devgpt-82c76b2968b23ad5,2
devgpt-ddb50bf78451251c,0
devgpt-e635d560414753ec,1
devgpt-39f77d4e361fff3e,4
devgpt-d1b22cb1bf499723,2
devgpt-34c1278593d1c840,2
devgpt-360e19b925785087,2
devgpt-e4492a2015aef052,3
devgpt-3fc725fcbf469850,0
devgpt-fc1c25bfbaed261f,4
devgpt-01c34139b3ef41ee,1
devgpt-7611e3e623b7072d,4
devgpt-55e6da0ca0ace1ad,4
devgpt-4dfe7d2f63c8d04e,1
devgpt-179cb931c03e0672,3
devgpt-51acdbf8099b421d,3
devgpt-f91544000ae98f2b,4
devgpt-263a534e6ca6f281,3
devgpt-587c64c198356b94,3
devgpt-140d2c659fcb4e7f,2
devgpt-60e0fcc5b28397ba,2
devgpt-2802a530218afed3,4
devgpt-a72bb7d559c7d3e5,3
devgpt-0deabdea52a4515e,1
devgpt-69dd2e474c0507ca,0
devgpt-036227284fef5571,1
devgpt-c3955d03719c5297,3
devgpt-a5dc67277997f7b2,2
devgpt-6de3cbc6718bf3ee,1
devgpt-4b9c4249cc11e07f,4
devgpt-d17ba8c9a8c4aa9d,2
devgpt-d8aabfd4801a2e9b,4
devgpt-a8941f01d7dabb9e,1
devgpt-364348e6005a8519,3
devgpt-e809b274c0079c48,4
devgpt-b022a9fd0e009422,2
devgpt-7297028f704aba62,3
devgpt-b111309a1ef7e38d,1
devgpt-f04232d16cf45d17,1
devgpt-e7d3a3317b799b4b,3
devgpt-27dcbeae1911c6df,4
devgpt-2b4562ed67b4971c,0
devgpt-2e5c6dbce0857847,4
devgpt-f438566bd90846bc,2
devgpt-c84fac8672fa910d,4
devgpt-0c6d769a2de327a8,0
devgpt-47574e2289c53930,1
devgpt-214ff00ce82f46a4,2
devgpt-c30bee81d6e71b05,2
devgpt-06b2a9fc4be489b4,0
devgpt-33fcdea3ca3536f7,2
devgpt-3b85c322409ceb43,4
devgpt-11fedef2fb725b9a,3
devgpt-9951edfe9aa91f63,1
devgpt-c9d5a67c5ffcd839,3
devgpt-56b333fec9236a76,1
devgpt-d61aff43af0507b3,3
devgpt-726ab867fd316c7a,0
devgpt-7c76263d84475d28,1
devgpt-6d296fe4543c2744,2
devgpt-0cdd8b91b32fc5cb,1
devgpt-6390c4771f5d228c,3
devgpt-2d88c65ec1fa3bb4,3
devgpt-f1df920f8aadf94c,4
devgpt-490c9baa5d51db2a,4
devgpt-7f0350276c452069,3
devgpt-35dd085f5904cf70,0
devgpt-9b529424fba87810,3
devgpt-40dfb3e02c706bce,3
devgpt-4401c62668c36d2e,3
devgpt-68105cd5069c0c49,1
devgpt-d4cb3115114e654d,3
devgpt-0790510db707997e,1
devgpt-0be2ca49c2856c3f,4
devgpt-7d948c9c5a0ddea3,4
devgpt-072786f938acdbaa,1
devgpt-29e1b9bd43fd9989,0
devgpt-2843a4a61d5e1c80,2
devgpt-e5bef7afcd3188ad,3
devgpt-0d3abff621998315,4
devgpt-70736c61277a24a0,0
devgpt-bcc12d9e79886c4a,2
devgpt-b038ba5d349f1b33,4
devgpt-86a85cdc59009ecc,0
devgpt-3138a0ebcae5521c,0
devgpt-a7057880b71a1b0c,4
devgpt-87d53961ebf70e43,1
devgpt-a4077189fc00387b,3
devgpt-976099fe330d4685,4
devgpt-979ac5546550efb7,3
devgpt-728afa366b2cc826,1
devgpt-4548c8803669267d,0
devgpt-8ca4bb66a4d5b932,1
devgpt-c7f765f8568244bf,0
devgpt-7618e638787b264f,3
devgpt-0f5ca71e0a3c9ef6,2
devgpt-0afe4d72f6bc1057,3
devgpt-16655cdde09a7fc6,0
devgpt-ace2e3ff77ba961b,1
devgpt-ba9f93ed0bdafc2b,0
devgpt-4234f6ea51424add,4
devgpt-8e861c7cee11f80d,3
devgpt-a03b8a781e0c791f,3
devgpt-12e4f62b4330542e,3
devgpt-aea3cad1635ceb92,4
devgpt-b0fb546f65a9c4b3,1
devgpt-766dfa35090de332,0
devgpt-be6bd050db41dd9d,3
devgpt-b6354f0de5180a0a,3
devgpt-922f02c788f751cf,0
devgpt-54e7365718724ccd,0
devgpt-3b5af2ceb6c4d71b,3
devgpt-8c2788be984e1b9f,3
devgpt-84d404753eee562e,4
devgpt-d2fd78185c8cabaa,4
devgpt-f6107ce0dc4f0e02,4
devgpt-f7b7a6d07f61e3fb,1
devgpt-fdea7954012b6469,0
devgpt-0e448f1e1debf33a,4
devgpt-9f6988e2a35d19e9,3
devgpt-3d8958118daa9b68,2
devgpt-f277dd77db66e8e2,0
devgpt-a7e30c5a8714066c,0
devgpt-39da5c70a4fa9b33,4
devgpt-638c4ce13f39cb08,1
devgpt-28f399a22382d39a,4
devgpt-5295078e48a62f03,1
devgpt-3e6de5050d7aed99,4
devgpt-1432ef71746cde05,2
devgpt-53bad9406554f9cb,2
devgpt-62cf7bbc55b6fcda,2
devgpt-6decea2bbacb9d5a,1
devgpt-5bbaa3bc952ef0d9,4
devgpt-ad226bc1019a9418,3
devgpt-18d128f2e5b63c2c,4
devgpt-ea960d9ae969e1f5,2
devgpt-1603719ee3ab875f,0
devgpt-9c14df16df7fbed4,0
devgpt-62dcb0014f661c93,4
devgpt-270b1b6a5041a80b,4
devgpt-32b68a1ac6598e6b,1
devgpt-6f6441a81e82e9dc,1
devgpt-1ea78e5dfa32b2ad,0
devgpt-d11ec0c94423d959,1
devgpt-e9ccf11bd08a88cc,2
devgpt-000164c47663bb4d,2
devgpt-99032544057773a6,3
devgpt-de8f20a486285233,0
devgpt-4deee90522363628,2
devgpt-6197ff3b6404b2b9,1
devgpt-dae603f4e9ae44fe,3
devgpt-68741fa20cfa20b9,0
devgpt-fa3fb5177c22572f,1
devgpt-3a9cb103a4ae8566,1
devgpt-2a65fadf93499f0a,3
devgpt-d41456cd9dc14651,3
devgpt-b6ef97c663f6d5d4,4
devgpt-f4f4667fa809a7f1,4
devgpt-f007aca01628c6bf,0
devgpt-c33d4a152edaff62,0
devgpt-c72400f180d3c58b,4
devgpt-e7025b7d2a3688d1,2
devgpt-3c461969d385b9be,2
devgpt-853d254c1c61f9b3,4
devgpt-f830326df8ce5d01,2
devgpt-8ced8d69ab37e721,0
devgpt-1930cb95e64c5e26,4
devgpt-791180401da0f046,4
devgpt-e17a4b4995107d6e,3
devgpt-7f7be8959a459500,4
devgpt-6949af7f2ff89796,1
devgpt-63893b88bec1dfbe,3
devgpt-e99f760ea078afa5,4
devgpt-cdb2d6dc5f1bf6ae,2
devgpt-fae5da9c65671217,3
devgpt-4a79c0c67c990c4f,3
devgpt-866294a573f09128,3
devgpt-e849724eb1601239,2
devgpt-dafdba607840b829,1
devgpt-64e1df4664b9ebe8,2
devgpt-ba1813a050540e0f,0
devgpt-c5a0f7eab92ba4a0,3
devgpt-b3b1b23d0cb17213,1
devgpt-c1b1462278e3dea1,3
devgpt-e3b4a5895f4f8409,4
devgpt-674792aea3e2f817,2
devgpt-65107b01d3fc2841,4
devgpt-cd12cd577fedc97d,0
devgpt-39cc7256f8a9dfd2,0
devgpt-9490333bd41bb5fe,4
devgpt-0cc375caeb04ba4a,2
devgpt-ec57d6be861bd250,0
devgpt-488c46965ad83595,1
devgpt-1e3a6f0f414824e5,1
devgpt-b6edc03737d5c961,0
devgpt-076e223a9f93e368,1
devgpt-a68c44646d3d1487,1
devgpt-7092d84f76da1144,4
devgpt-cd49b98c9a69ffd7,0
devgpt-e8c50c62b6023558,0
devgpt-6c3617e71e8c89f0,0
devgpt-df68eb136a65b134,3
devgpt-8d97a00bd723cd19,2
devgpt-68a0fc7122a68194,0
devgpt-669ef19d4ce70749,1
devgpt-62526822413cf84e,2
devgpt-e0a39e1c68f00518,4
devgpt-a730069e642e620b,3
devgpt-97d7bce3569e3db8,0
devgpt-f53f4e2fdb43cee6,1
devgpt-75a3fc44be6fbeee,0
devgpt-a94ece2d78c7416c,0
devgpt-3b607e0adbcf1f65,4
devgpt-d0cdb97c4424a165,0
devgpt-71e454e26cdafb04,1
devgpt-a5da06103386385e,1
devgpt-58925ad98acefa14,2
devgpt-9de429c67e0eb2cd,0
devgpt-ee56bcc9293264d8,2
devgpt-35434de4b34b0061,2
devgpt-4649743b5fd30326,0
devgpt-e43b7c0ccb0948df,1
devgpt-df57695257ceeec0,0
devgpt-43af6accc6adc82b,4
devgpt-59a77664f9677e6d,1
devgpt-44971a1e90f38eda,4
devgpt-9cb3669ea02dc3a3,3
devgpt-6f0dd62f4c22ed67,3
devgpt-66af83e6ce8e986e,4
devgpt-b99e439ae58ca189,0
devgpt-2b4a1d4c41862473,4
devgpt-23e12594b4a3ddd9,0
devgpt-c80ebc7659afcdd0,2
devgpt-78321f9282eb7b77,4
devgpt-70a61e8f39dd6498,4
devgpt-dd4c9a5a71b2ded5,4
devgpt-aed598f50a91a530,2
devgpt-c302ec4847d5cef2,4
devgpt-3ec278c930f0d031,1
devgpt-a2e9f2f4ba3367f3,4
devgpt-51df929ee3c7d30f,4
devgpt-77fd68de68c2326e,1
devgpt-472f0da2cb4bff3e,4
devgpt-f3444ba094dbeecb,1
devgpt-05f9af3b004e4ef7,1
devgpt-9583bed97b6d6c12,1
devgpt-9aac9ff38e09a3e0,3
devgpt-3e1837ffbc3f0914,3
devgpt-175894bc70e3105b,2
devgpt-a824b23a15c2b06b,3
devgpt-e7b107a4b2529e1e,0
devgpt-840b26cbcbb051ce,0
devgpt-cfced9e14d2c0cc9,4
devgpt-1049dd33ff54fc75,4
devgpt-2fba05b5ee035638,3
devgpt-ee746737d86ed306,0
devgpt-34da9fe5fc070d83,1
devgpt-2d356bddb9b07e62,0
devgpt-d55b94244e79f817,4
devgpt-a04ef12db11cd8ee,2
devgpt-7e17a251d747cc97,1
devgpt-1ffb93e74574162c,3
devgpt-af5612c007fd3ddd,1
devgpt-ddac53912557d25c,0
devgpt-418be08e7fde6e0d,0
devgpt-86628362a52097b1,4
devgpt-e671025bf6bcadc7,3
devgpt-428335b5f148a036,4
devgpt-55da85020f98ba95,4
devgpt-61b1b64e8b7d60df,4
devgpt-9dbc096a090f68c7,2
devgpt-b072dd3de50c7406,1
devgpt-be797df26e1b5ba1,1
devgpt-9b7f295081b7c914,1
devgpt-245565442ce19ad6,2
devgpt-9fe9c3dcd761e809,2
devgpt-52954e659b1eeeed,1
devgpt-2570d7362128dc0c,0
devgpt-2c25ed9d347544da,1
devgpt-936340f95450de32,4
devgpt-1acea8d7dcf134fb,0
devgpt-a8946ba0c6717947,2
devgpt-92aa04d7200fb05e,2
devgpt-f60e421e0be3571f,4
devgpt-50bdc42024161efd,1
devgpt-b7bbdf569e38aeec,3
devgpt-dd736d1c6505cd52,1
devgpt-e88051a6bb186da1,2
devgpt-743d6d526c5044c2,3
devgpt-880ed6a98a6c5f05,1
devgpt-92bb87257e259506,3
devgpt-e154980ca3680c67,2
devgpt-61eb1be36b386d7d,2
devgpt-1709cc567d390f26,0
devgpt-46ed5b84e945e25c,4
devgpt-69bf0b8dd1e3a0c3,2
devgpt-2678bc56decce053,3
devgpt-be573d164f894391,1
devgpt-f9cefc3c31dcf415,0
devgpt-4eaab827e55e39ea,1
devgpt-48ca37ee7aa459dd,3
devgpt-6d6b7c3b849f2ae1,4
devgpt-d2ad0e6e15efcdd4,1
devgpt-9b559316ebc10ce3,2
devgpt-79433ac33ecba2a3,0
devgpt-e68652351405021c,4
devgpt-34c39c0c66dc234a,2
devgpt-adb24449b5f97dcd,1
devgpt-d9714e7bb21db646,3
devgpt-622f0cf9e6a55fc8,3
devgpt-dd9d93168b079738,3
devgpt-8209e83bf971c731,2
devgpt-9f2b1f9ebcccf164,3
devgpt-01840682f8d5dba8,0
devgpt-af36d89d3c7b7dd8,2
devgpt-c0f99a579a8c92f5,1
devgpt-50face0b66e1b65c,0
devgpt-7c075ab3205ea552,2
devgpt-7d40dceb757c549f,2
devgpt-fd2b596aa31898d9,4
devgpt-4a24735e9aea4309,4
devgpt-b2671c97161e8119,0
devgpt-d88911b38b93b1dc,3
devgpt-f5adb3091772d0ea,1
devgpt-f312b1d6162952ef,0
devgpt-5ed886c09e14e90a,2
devgpt-fbbe26e11d5ac47a,2
devgpt-8a6cb568f806ffae,4
devgpt-d4a241e521eebda6,3
devgpt-40617904d78a2047,3
devgpt-ea490e15e2918a86,3
devgpt-4b4caba7ec6e6bfd,3
devgpt-ba8f7c2cac1ef735,3
devgpt-da4245bb667be611,0
devgpt-4b3c4e589bd55bcf,4
devgpt-6456cac268abda18,0
devgpt-99a96b95c099772d,0
devgpt-801ddecc0ba50019,3
devgpt-98f87ecf052967fd,1
devgpt-def41b68b1f14a40,4
devgpt-ec8fcbd4c8db503d,0
devgpt-359d2a38789d5bb8,0
devgpt-22386e8ad6e60133,3
devgpt-ebb86c60c021b0fa,4
devgpt-25252c350a88395e,2
devgpt-3ef28730118ea8af,1
devgpt-e6d15eb57ff1e659,1
devgpt-c1c51fb614395f59,4
devgpt-64f8bd5ef70a68ba,3
devgpt-5df2d717e3a39b82,0
devgpt-04817558a419fc81,4
devgpt-209b1a823a250e30,0
devgpt-0bb2e8fab7c8ad3e,2
devgpt-baecbf47ca446808,4
devgpt-3e1375526ebb2354,4
devgpt-b4e504869080ba82,1
devgpt-62c00b2bb5789c3a,3
devgpt-0a749d586f608d4b,4
devgpt-dc57bdad5eb947f4,3
devgpt-7f7b79819cd94fb7,1
devgpt-29d03089e127ae3d,4
devgpt-face3ab3e69350e7,1
devgpt-cedfc3438019920c,4
devgpt-612f9839e69420ff,4
devgpt-f58bbcceaf3e5148,1
devgpt-1b1ee212822f2674,2
devgpt-d5423a7628814ec3,4
devgpt-13440569fd7c2675,2
devgpt-0614cbd05f696e14,2
devgpt-9b57587e9fbe8abf,0
devgpt-13d8417ce59d5c5b,3
devgpt-7c0f6fb90cf5d60f,2
devgpt-75f30612ec77a112,1
devgpt-0964c64f632e0863,3
devgpt-c1db8e809d1eb401,4
devgpt-a09e02926ca92a1c,4
devgpt-1d50d7ff98f87cc5,3
devgpt-9bac0386aa27f93b,0
devgpt-7857205916bf18e0,2
devgpt-aaddb95d3675abb0,2
devgpt-50f9dd9bc74f7cd7,3
devgpt-b620d7673f2bd343,0
devgpt-8eead4b3a6f586ac,0
devgpt-fe5eb716fb8e7386,4
devgpt-e82aacf29983cfd5,0
devgpt-4eda6246ddfd5f39,0
devgpt-c00be2f7dc54c0f1,3
devgpt-3636e5a0f3f8895f,3
devgpt-bd95c573fe563c9a,3
devgpt-2f531df7babdf339,3
devgpt-651d4b603124c11f,3
devgpt-8b4e8859b9a75469,4
devgpt-d1aa04c3855d644e,0
devgpt-c0664ca211497cc2,2
devgpt-f0ce4f811bca64a8,2
devgpt-7f7cc0470fe46867,1
devgpt-f14b9df390fa6072,0
devgpt-bba3bc2558784767,4
devgpt-1681691ad2ffdd62,0
devgpt-f581223d11112e4c,2
devgpt-e645891b10a19e80,3
devgpt-471390fad7ec163e,4
devgpt-7b4444890f97b67b,3
devgpt-d290fac548c8590a,1
devgpt-3c3194ea52b9f239,3
devgpt-b117a4eb8d12bbe7,1
devgpt-d82679457b36d3c4,1
devgpt-0fc61f48f056a570,3
devgpt-c327b8a4121851d1,4
devgpt-5577c9c5514e2e78,0
devgpt-c5a00e0585617277,2
devgpt-433b8a1d1510a5c4,1
devgpt-c5ef57741826d4c8,3
devgpt-a1e6a86691fc3da3,0
devgpt-d58897f18954d04b,4
devgpt-8a12809bfe72fd2f,3
devgpt-25c46ae837f2e5a4,2
devgpt-437b85cb681d7741,4
devgpt-b87fa03c66ae89ff,0
devgpt-436df0c0535d1008,2
devgpt-f9921e40f59471f5,2
devgpt-a841b8afa62b02d6,2
devgpt-e99f4835ea0fd6fc,2
devgpt-ca0fafb26c15de13,3
devgpt-f45f9748752c328a,1
devgpt-348783e2b45e7242,1
devgpt-978ee3b8c4f7ab5d,3
devgpt-1a15a7d9facd5154,0
devgpt-a09b6016f5eb1f21,4
devgpt-4ae1aa78e5cfab9b,1
devgpt-99fd7024a3f7ac3b,0
devgpt-d135078d5573a406,2
devgpt-48cf369812163601,2
devgpt-42ea9dd9aad44a4d,1
devgpt-139c67ea605d1c24,4
devgpt-10c626236bead495,2
devgpt-878e313fbe105515,4
devgpt-29b9748a0278d124,3
devgpt-844d5fcdec6cc10a,2
devgpt-3efa11c25b18aabb,4
devgpt-0ccbd6d986baad6f,3
devgpt-c8b7c236cb2a02e7,0
devgpt-9dde5c0c81444617,0
devgpt-e92f00bed89dbcbe,1
devgpt-602735513cd0c71d,0
devgpt-01e72af8cf8c42f4,2
devgpt-a7a767080dc4c9d9,0
devgpt-802dcddd7f0965f6,0
devgpt-23a6aff976575e03,0
devgpt-f897040833b48a29,3
devgpt-bb62634f0c3e3ca9,4
devgpt-61a4fc843050d626,1
devgpt-6f775cb85927b1d8,3
devgpt-a617537186a46007,4
devgpt-2da24318594cb1d7,0
devgpt-c4d35e4f605b6654,3
devgpt-68dd287e47a6d3ec,2
devgpt-93c7e699d2429208,4
devgpt-ce3d2f9546fc2769,0
devgpt-14c9d096cad369e4,3
devgpt-4541ea19a57e22f1,1
devgpt-51cbca794a3a2872,1
devgpt-96d8a3a7c0b2cc46,1
devgpt-71790d828d961472,3
devgpt-99a0f077203866b0,1
devgpt-43dc333df61b58d5,2
devgpt-e9be5103805ad6b5,3
devgpt-463d5298bdbd04f4,1
devgpt-eb3e6b797d3aed1a,1
devgpt-479872c5e6e2a84b,1
devgpt-b842b2e3e2599b48,0
devgpt-7875d0d7dfb5b8e0,4
devgpt-019b40f1e8a51525,2
devgpt-5f13e8dba724d85b,3
devgpt-29c2570d723cf2af,4
devgpt-7590a4134b472ecd,1
devgpt-8e11e5577329f64e,0
devgpt-097635a2bc82c922,0
devgpt-1a1d26e4bade738b,1
devgpt-9f2176f4a95d2e5b,3
devgpt-18b20053ee186a75,1
devgpt-6b1686491ba67039,3
devgpt-d9053c406cd45ba9,4
devgpt-9f48838f80a23dd0,1
devgpt-8ebc1c214f5adbb0,3
devgpt-a59bd1250dd7d513,0
devgpt-ba78bab283b72657,4
devgpt-e0fb8e11a07ee0fd,3
devgpt-baa656012d3b93bb,4
devgpt-5baca173c840650d,4
devgpt-335b50c327dfcd6b,3
devgpt-46a53f228f2f68be,0
devgpt-45a740689aac840a,1
devgpt-51fbc7a25c0fd403,4
devgpt-da438ab12f2f20b8,1
devgpt-072e044b4f2618ca,0
devgpt-47ade0ab96b88e1a,2
devgpt-b995190bdb95256f,1
devgpt-2dd837725bfd77df,3
devgpt-03c1efee199d7819,4
devgpt-a4968f71a6d9389a,1
devgpt-08a6628f22d8052b,0
devgpt-785aa94d64d16db2,4
devgpt-8d61c710c80fa414,0
devgpt-ceeab58c0d87a278,4
devgpt-58301e0bf30cbb74,2
devgpt-9dd88a1b6dd7d69b,1
devgpt-c247e2e73719df48,4
devgpt-7e3d1ef9502cafc6,3
devgpt-8963b45d69379d6e,3
devgpt-90a86d570607f59b,0
devgpt-087b7f992568d06e,2
devgpt-b4ecd8329799b863,1
devgpt-2ec290145ec697bd,2
devgpt-004df565b70a7a69,1
devgpt-913bfbdf4dbfb0c4,3
devgpt-590ac692cb8bfcfe,4
devgpt-3959ae515e3a099f,1
devgpt-57ba955d1436936d,0
devgpt-45fc9fe94e050d4b,1
devgpt-681cb47ca526513e,2
devgpt-d908f3ece3dbd581,1
devgpt-bc12e92579dca320,2
devgpt-d06c3c72fe7a525d,4
devgpt-1fbdf176ae131591,4
devgpt-1cd2a7b7452fd916,3
devgpt-f32f1b7114939452,2
devgpt-0bf54dbbf17fcae8,4
devgpt-b1299c95341cdf7e,0
devgpt-6cae274d6e3400bf,2
devgpt-56fca22b0d1b924e,4
devgpt-a28399e24b346d2b,0
devgpt-e648647fda98a03e,0
devgpt-be382f35fb32c417,1
devgpt-6f8a61dd8e540555,3
devgpt-d7f7d95d0b87ad52,1
devgpt-9f3c9866adeacb7c,3
devgpt-7f6fdc65b491677a,1
devgpt-f59f97a3825d67e8,4
devgpt-31b00e615b77eca0,1
devgpt-6907988a652265c0,4
devgpt-86b0db53eb016126,1
devgpt-aa9981e6797edb01,3
devgpt-a1d5a0aa7740cc4e,3
devgpt-7a71a21aebd2694e,0
devgpt-39e22fe6386561d0,1
devgpt-41303411d0260d4f,2
devgpt-3f54e760c92da282,1
devgpt-b2729cf06303de95,4
devgpt-81f6b358eb888f5c,2
devgpt-7e12c99b4a420e66,1
devgpt-b26542ae5452e8c7,4
devgpt-211f99564ee91238,0
devgpt-d3deca99b8b276d8,1
devgpt-d20448b05492182e,0
devgpt-0133a593b46e8577,4
devgpt-1a7c6356b83bdffc,4
devgpt-bc171bef256d7b28,4
devgpt-d0e22a6951e3c6ae,3
devgpt-6db17a0b62c6c9c1,4
devgpt-cace30be2e593486,3
devgpt-5188eccd3883db45,4
devgpt-fe16ca6c22ce1603,2
devgpt-0af81d356eb8f382,1
devgpt-c17bcfd125db2691,1
devgpt-ea6022819d6a4d25,2
devgpt-40c27852444b0a37,2
devgpt-0b179047e9ca4453,1
devgpt-d766864e57b8e2cc,3
devgpt-ba30408807d0357b,2
devgpt-8c3f5cc5bd264cbb,3
devgpt-55d0b70f6a09dd29,1
devgpt-34702f9d9656aa6b,0
devgpt-fbe98f8198b668a6,2
devgpt-07efd503297d1729,4
devgpt-e141e742a58e1b96,1
devgpt-66db9c6bfb788910,4
devgpt-d3b117ee8819ea4c,2
devgpt-6ada2995be5947fb,0
devgpt-459983191183045a,4
devgpt-4d05a8f411c7827b,0
devgpt-6e0da04a454ca1bc,1
devgpt-8aecec2bfe55da3d,0
devgpt-cd78f70fce25b9fb,3
devgpt-e479f16147e5f0ed,3
devgpt-f911108a532f64b4,3
devgpt-d6018fcf4c0ad264,3
devgpt-f20cacbeed507bd0,0
devgpt-2df1d7c255edacb8,0
devgpt-6674c02737ba920f,4
devgpt-ed8e9cdb80683fb0,3
devgpt-7ab405f60e1fa06e,2
devgpt-33b3a637e0cdba3f,1
devgpt-38dcd7486083f8a8,3
devgpt-b4ff189db83e2cf1,4
devgpt-803dc93ea95200ac,0
devgpt-d9207dfc33ee2ac0,3
devgpt-c7cf1960e180db06,2
devgpt-914115f59ac3e41c,4
devgpt-ab4fdf47aae90229,4
devgpt-279304e82fb4d856,0
devgpt-b0a33d99b1327010,1
devgpt-430f325deaedca6b,3
devgpt-70930c7a71df7ebe,2
devgpt-0b2a02e1f46d0851,1
devgpt-b54588d75e0b8326,2
devgpt-b3eb4290ae35e302,1
devgpt-14e020dcf2e25cec,3
devgpt-a7b56554b6bfbe19,2
devgpt-f1afd2a49ecb344d,2
devgpt-50c7417309cee02c,4
devgpt-47fe42ec29973709,0
devgpt-a2fa07930548aef1,4
devgpt-93a0a4ce825f8053,3
devgpt-2a08d82254ace9d7,1
devgpt-bd1d3a7e03bfd62f,4
devgpt-d3a0292a68cbb6c8,2
devgpt-9e9f182f4f577c80,0
devgpt-d5d5720a7edb8298,2
devgpt-18f5df19cc265a95,1
devgpt-cda45bd7697ba163,2
devgpt-873233886d496705,3
devgpt-5476dfa50c58e0d2,3
devgpt-45ef8d8b2c183469,0
devgpt-058465ce14518303,1
devgpt-48aaafb373aeb13e,1
devgpt-438db561e329e7a0,3
devgpt-0a64392a3883f72f,3
devgpt-91d8998a588fd624,2
devgpt-e48ab6b77961935b,4
devgpt-889d9d026275f3d5,0
devgpt-96f19e212feeba5a,1
devgpt-c4c0ea8e1801faed,3
devgpt-c9bc9e574d84b999,0
devgpt-71a15e8aa0ca0969,3
devgpt-081ca783728a05ca,1
devgpt-e9181d4f3c36f4cf,1
devgpt-aad42771e7d2c9cc,4
devgpt-52b9380c8e4af1fb,0
devgpt-7b2ca34cf1718fb1,2
devgpt-ef84626bcd6ca45b,0
devgpt-04f8050bc9355a45,3
devgpt-d1496c28e9e647c5,3
devgpt-741c0e2ac612a0e7,0
devgpt-b3c283056fd6d759,4
devgpt-085ac0c8f9f04f44,1
devgpt-b22464f797e302b4,2
devgpt-53852da1d9037c52,4
devgpt-c7cc17d31e77f014,0
devgpt-42ea7a9bcfc6d806,4
devgpt-ae9ce01a601254e1,2
devgpt-e8ee5be460a6569c,0
devgpt-9b2b81958b65d49d,2
devgpt-3f16de081f50ec70,0
devgpt-4bf15feabac84c3b,2
devgpt-7820b9df27333e10,2
devgpt-aad40ecf01f750bf,2
devgpt-4168f0c44b912b5b,2
devgpt-bb8188c6343b9e35,4
devgpt-cd3604f2269546dc,0
devgpt-e53e7c50a9517eb5,3
devgpt-d3a0ca4aea91a40a,1
devgpt-d45f53c22072af00,3
devgpt-fde388e20c9b958c,1
devgpt-1ba43dbfcb359086,3
devgpt-1682992554100bd6,0
devgpt-9619f47b80f36128,2
devgpt-55d19a586622fd32,0
devgpt-5148713a0fef6e70,3
devgpt-a6e748b0b304a9d4,4
devgpt-a5f83dafebd918b4,2
devgpt-cf94b83658a28179,3
devgpt-dd88e5c27297d137,3
devgpt-4e524ea8630b97e3,2
devgpt-2a3b14dccbb60d76,2
devgpt-bfbe00a1b6584948,0
devgpt-3abfc86c3a0de0a2,4
devgpt-f86cddcdc2915100,1
devgpt-e48ea097c3627f63,1
devgpt-134aef1519cb2dcb,3
devgpt-ac48fe3e0d61dfa6,1
devgpt-646d1d04ec0e262c,4
devgpt-f2e2e792f217ae17,0
devgpt-acae6181e4ec0972,0
devgpt-4e706d422c368530,1
devgpt-ae6a89253917a3bb,3
devgpt-ded933c9f88f86c4,4
devgpt-c9456bfa9d0d972f,3
devgpt-ff38b13e2bd3d88c,0
devgpt-a7da308acdcbff50,1
devgpt-436cf8efdad2f92e,0
devgpt-394bfb4548fad99f,4
devgpt-936581ae08cb82db,4
devgpt-83ddb94838758754,4
devgpt-e70c37879b517c0b,2
devgpt-455a3a818d7fa38b,4
devgpt-0d03e73232a70b2d,1
devgpt-95b73b5dcd736778,4
devgpt-88a556f04777867d,4
devgpt-a0440b3e92a44415,4
devgpt-577152cce5629387,2
devgpt-d35c80dafc4b1bb4,3
devgpt-1028c01ac4422aba,0
devgpt-3f01727cbf4667f0,1
devgpt-6ec729c11e20c6d7,2
devgpt-661f4fb6f19723b4,2
devgpt-c4cc9324c6776e1e,1
devgpt-f67ee22dfa6f8f65,1
devgpt-278c9a198a91580d,3
devgpt-5a9792927ea1d666,0
devgpt-53e094f24d448c92,2
devgpt-21e94cdc9998ecde,3
devgpt-c0165a608cbf8b4f,1
devgpt-008f53c91f51da9f,2
devgpt-2698bdc459f225ef,4
devgpt-27a987e2325bbd4d,0
devgpt-464cd38a2346c905,2
devgpt-73383122e469c409,4
devgpt-9fcd0e2bc955a13a,0
devgpt-25b60aa8e2e0c1a0,1
devgpt-4b555e90210afd82,4
devgpt-60f1574ab8b2d4f7,3
devgpt-711a3f1da1e98f4e,4
devgpt-fee6469a9b6281d0,4
devgpt-e8b6c271ee48b29a,1
devgpt-21aefe3e407e5276,3
devgpt-301dbb2bf2b0bced,3
devgpt-f883612b007adf27,2
devgpt-e8793f8da7b7b3ff,0
devgpt-d8478d1ed9073547,3
devgpt-2ddccb40db75f977,0
devgpt-66f0f3f25cc1cbf0,3
devgpt-a661523cd59e73a3,4
devgpt-bfd4b2dd4cac5b59,4
devgpt-37dabb8034f0ea38,1
devgpt-111a18520fe38468,1
devgpt-ae61f46ab9e523f5,4
devgpt-3d142866aa4633a4,1
devgpt-76cd4df15ff82cb9,1
devgpt-74c53cdacdf81964,3
devgpt-cf70ead126961c5d,0
devgpt-1e691a4c63161d93,3
devgpt-a4eda20feb61b645,0
devgpt-24287799ac1d63ab,2
devgpt-51b38117143df99d,4
devgpt-9f7e744e88789552,4
devgpt-0894856ffccc1dd3,3
devgpt-f7d637d060501125,3
devgpt-ecf134c6aac8764e,2
devgpt-7959d7e52920b655,3
devgpt-2117b8067b16556b,2
devgpt-e341b441187634b4,4
devgpt-05a941229157ce08,3
devgpt-5e934ed293b48488,3
devgpt-a4fc82c6a9ab27a8,3
devgpt-1c39101739ec2e66,3
devgpt-ac8a166141cd3271,4
devgpt-7746d84f3aa77270,0
devgpt-d2a3285bba991d55,2
devgpt-b295be150a29903f,1
devgpt-7fa5ac430441ecaf,3
devgpt-801ef230f32d784e,0
devgpt-abd16c03ef7f0957,3
devgpt-47e65e92d11d5c6b,2
devgpt-d6acf60072c47028,1
devgpt-4f0eb3942139a6fa,1
devgpt-085030dcb9901217,4
devgpt-14123d7fd01bcdbb,0
devgpt-e5fc275f6f214b75,1
devgpt-7dfedf41903bbe9e,2
devgpt-51e2d914e9fb249f,2
devgpt-1b19be39a242cde6,3
devgpt-bc0a0737bd74c9cf,1
devgpt-4866e210b47ab16b,2
devgpt-6e12708e6b119e53,4
devgpt-af46c56763929c6a,4
devgpt-e14b4888a19974ae,1
devgpt-260e670233d73f0a,4
devgpt-65f34204dbe977d4,0
devgpt-f929687823d39fe4,1
devgpt-c9a0018f6d6322d3,0
devgpt-a75d179364ea76f4,4
devgpt-9a0d88e26ae9413e,4
devgpt-3022a42e10599e1e,4
devgpt-d356119bbef75435,3
devgpt-10dd6a7ecbdc32ed,0
devgpt-3280066cf80d55ca,3
devgpt-9c42d5cbc3f7e510,1
devgpt-07dbf9f7bf9e86b9,4
devgpt-23828fbf6d4f063e,2
devgpt-7e088cd3b3050bc0,2
devgpt-b7b9c8ecb016335f,3
devgpt-53dcf1434eb3ce7d,4
devgpt-44eee8ff42bc5d86,4
devgpt-2e71abfc002ecf13,3
devgpt-9631a2e183721cc7,2
devgpt-de7c06bc3c31f6a5,4
devgpt-b0356e9c98febe0e,2
devgpt-e90e7ee2043df5e0,3
devgpt-79581b37db6d597d,3
devgpt-fe7b8ed50449d6cf,3
devgpt-3cbc714620c1a08f,0
devgpt-acad986e968fce90,2
devgpt-f582f5dba39caae0,2
devgpt-0688faaa9d6317b7,1
devgpt-10e9996fd9251c9f,0
devgpt-bc6dfe0a752a92b1,1
devgpt-b0f2743e106d7e8a,4
devgpt-1ef27302984eeaa3,3
devgpt-89a2bb2ba2719dce,1
devgpt-6a712d8f9a75cac0,3
devgpt-2f0d13038983ee80,0
devgpt-b67238dfe1c6a8d7,1
devgpt-3cf479b46d2b5287,1
devgpt-d6e73ed7fa2746b3,2
devgpt-0b77f47b06e4de04,1
devgpt-c7f4579f27fcc9cb,4
devgpt-ff5cb96ac85ca254,2
devgpt-b28a2150dd88096f,4
devgpt-2d9f1be2bf583ebd,3
devgpt-276b0c9cf99f0696,1
devgpt-0685496581234727,4
devgpt-0f76f062d1a2123f,4
devgpt-afa73befc3927f0f,0
devgpt-6b6ffc33b9412ee8,0
devgpt-f4b789fd9c7eb770,4
devgpt-b8918bb3943d82f4,2
devgpt-01bd1138e80c94f7,2
devgpt-7ddccf9f11982c5e,1
devgpt-5fce40204d32e37d,4
devgpt-8cf0e698f9f1af51,2
devgpt-f15b583f52a28f2c,2
devgpt-49523b3a9fea19ce,2
devgpt-f6dd04be835d92bc,2
devgpt-d3ee64497fe1b984,1
devgpt-5450c66a9e89964f,2
devgpt-c5cfd35200902fd6,3
devgpt-3363ee64f94d3fa2,3
devgpt-c3997d2e6a1e4943,1
devgpt-629daccf024116bb,2
devgpt-b80b07845d73e8de,4
devgpt-065ae08d527ccb49,2
devgpt-17f54502833707c4,2
devgpt-02bd1b66fa2d6fa3,2
devgpt-543f6900f9ee829c,3
devgpt-21473d6a2343f78c,1
devgpt-e80e96199bd0191f,4
devgpt-c910993da91916c4,4
devgpt-3e7a9540891f91a1,3
devgpt-2109696c162bd22a,3
devgpt-a42b649c6550c112,4
devgpt-214da36ce4b9829e,4
devgpt-d96ad3a5754a3a11,2
devgpt-21cde29399802e5a,1
devgpt-b117a46ce590be4c,0
devgpt-8b3f42b7f7a2c5d5,1
devgpt-575dc598d962edf7,0
devgpt-1f5e4b1378a8c0a8,4
devgpt-97020591529184d6,0
devgpt-cc5da27a9dc6c1f3,4
devgpt-4ff4ede457f737b7,4
devgpt-ee7e42ac9aff35ad,0
devgpt-255c90e5848957d3,1
devgpt-5fbd1f6108021984,3
devgpt-e2d221e952813602,0
devgpt-d1cfb8275f6c5b4c,1
devgpt-b0dd7247fa074ad8,4
devgpt-07bca896d7b6080a,3
devgpt-7409cf4600d3a848,2
devgpt-eca746ec6fe25a80,1
devgpt-55220dc1b30a83a1,4
devgpt-7c4e591e3df870a7,2
devgpt-6fc492a566f65fd0,3
devgpt-9cc39e631bb84a5d,4
devgpt-25def5c5588d5ee5,4
devgpt-0c563d14a3b229ef,2
devgpt-57549e74ea4a83a7,2
devgpt-98c8dbb642bf47a6,1
devgpt-40837ff918bc4823,0
devgpt-b5ed9b71353e6337,3
devgpt-f1d667a915c75cb2,2
devgpt-3b5361d5a8139a26,4
devgpt-7c4ff3c2272b0576,1
devgpt-f9c79c61ddc0cd9f,3
devgpt-fa2ac747fc3af8d2,2
devgpt-c58017c1ccdd690d,2
devgpt-ba5f4f94d0481770,2
devgpt-fa7bfdf19b74db49,1
devgpt-d508ff6ae51a1e45,1
devgpt-6dc4efe34dc8613f,4
devgpt-7c5c6a8e9ec54e38,2
devgpt-97a8be99d066a4bd,3
devgpt-82a2da885e71680a,0
devgpt-8d3c65f0db61b6d6,3
devgpt-761ddb0a6974eb44,2
devgpt-e5f182fa7adce505,2
devgpt-0001c9e4ae62b511,0
devgpt-3f3b771db9730b90,4
devgpt-ce77b67e9e7dd445,1
devgpt-f48fd42a41f611e5,2
devgpt-a9f188be85ed13a5,0
devgpt-559e7064abba26b7,3
devgpt-127df6f4d299aa3a,3
devgpt-ecdcbd72b1fe14bc,0
devgpt-a899e17d8d1d9220,0
devgpt-329089fb8a02c516,2
devgpt-d8f5a1e29ce4c06b,1
devgpt-e4ffbeef3da93872,1
devgpt-fe2edf8163baa5c3,3
devgpt-706327adee8173ec,4
devgpt-c2410650dd0d06be,2
devgpt-1924663da769460a,2
devgpt-38cf865d0c850807,4
devgpt-d599a4d533480634,0
devgpt-af7e1bc2c08fb98f,3
devgpt-2fb792b3ecdba668,3
devgpt-e128ba2b70fbb576,0
devgpt-69ae53f111358daa,0
devgpt-d9b8b7c03fe161b5,0
devgpt-697ea134fb0d4c98,3
devgpt-454d43003587cb72,3
devgpt-fb4b0689b5d9bc3f,3
devgpt-f17d1b6fafe626b6,1
devgpt-6757f134a7eab5c5,0
devgpt-520b73011d7e2a19,1
devgpt-dce9a622a521d9b5,2
devgpt-c22f60d8229ed71e,1
devgpt-f38ee2fdf2fa6fa1,0
devgpt-f5c2713b770e5f4b,2
devgpt-ae1c29e7eb965e29,4
devgpt-ccc0270ca41befaa,2
devgpt-302ba3333893393d,1
devgpt-8ef5b88cdd9c6dbd,3
devgpt-b283f5439ba5bf02,4
devgpt-f619d187895ede16,1
devgpt-be7ffa28f304ceaf,4
devgpt-da92f78b46ace867,1
devgpt-f1593dcf0a8cfd6b,4
devgpt-16e27765a3f89839,0
devgpt-993a748a7014a365,2
devgpt-53c9b1f814c172b7,1
devgpt-09c4163a47783ebf,3
devgpt-2fa67f03ccb4cd84,0
devgpt-a9db691572636be6,3
devgpt-d7d436bc538c3647,1
devgpt-885c95095b6d12b3,2
devgpt-b6fc45e86ec9f9b8,1
devgpt-278bd8198958e2e5,0
devgpt-433f3355b39e03b4,4
devgpt-5423d4ed9af77d81,4
devgpt-3d828e96487b1e19,2
devgpt-9f1b600757508a22,4
devgpt-1ce8e9f7aef973bd,2
devgpt-39275a42489c79d0,2
devgpt-57875cc56e7fd908,2
devgpt-7e7edb721780e793,4
devgpt-e2a0041223a6610b,3
devgpt-86812a0ce4a25c38,3
devgpt-ef27a47e825e4603,3
devgpt-c2db1e02bbe7aea6,1
devgpt-207cda3d83d7301c,3
devgpt-75cc869d2dbd737b,0
devgpt-53761ac78ef69206,0
devgpt-d6296dc5bc47ad4f,1
devgpt-3445b578c86f6917,4
devgpt-75c5bc53eafeef21,3
devgpt-c26f63def1ac2023,4
devgpt-41d2623e0b8db22a,4
devgpt-1967c3f049955f82,3
devgpt-c780950bec8e8f3e,1
devgpt-cb67c2a8835c7f3f,4
devgpt-a5e8dae0698011ce,1
devgpt-e1c62272dd3cfa3d,3
devgpt-467baf27d0f63450,3
devgpt-3286411e3bc644fd,4
devgpt-df044eb036135245,3
devgpt-38d2950923962f16,4
devgpt-abc8ab2bd9de3429,2
devgpt-70b2714b6dcffa5c,2
devgpt-86c029c8261e304f,0
devgpt-032089bcee79ffe1,0
devgpt-ccd0c3dccf997cc6,3
devgpt-2f4a3c32a8208aa9,3
devgpt-3e49133ece688adf,1
devgpt-7e27c8d963f7c123,0
devgpt-5f1dd15edc1a34d4,4
devgpt-0ca284eac6d7bf99,0
devgpt-a452ff77a808d0b8,3
devgpt-f4e466f26fd42c6e,1
devgpt-dc999ab427e4a3cc,4
devgpt-771b654cb988da6b,0
devgpt-a92ef8c354264433,0
devgpt-2967a10be9729670,4
devgpt-e3752023a31033ff,2
devgpt-4cd770d8daa01a8e,4
devgpt-6a58bf0cccc8a44f,3
devgpt-58d6bc06fcc0eeb1,3
devgpt-2c8bc6983124e8aa,2
devgpt-b7dbd5240cb7c6fa,2
devgpt-25503379cdb4c449,2
devgpt-bbb2e63e8a42958f,0
devgpt-e6c23060f805cdaf,1
devgpt-5ce481e17a745c63,4
devgpt-492b146eadc6c55d,1
devgpt-138eba2b16b6711e,0
devgpt-f5e9f8067652fe05,2
devgpt-10aa0b7898a39222,2
devgpt-dd3c9be0864c2cc5,0
devgpt-a5e0973739101f4a,3
devgpt-be87208313314d9d,2
devgpt-9de851f3f980f09d,2
devgpt-4aa289843bf5cdf9,2
devgpt-49d3dbc377abfccc,4
devgpt-092730483da2761f,4
devgpt-a9aea7836ad543e8,4
devgpt-fec5847bae340c77,0
devgpt-4c14403ab611bd97,4
devgpt-b626adac4d5afa26,2
devgpt-d7e5c1b4bcc964bb,1
devgpt-13d884c82862c738,2
devgpt-95f76230df413d82,0
devgpt-2bea6686cf066a93,4
devgpt-6b6bd5a95a6765ff,4
devgpt-3aed0a0268e5ab01,2
devgpt-4c115d7e72459d35,2
devgpt-e31324d408cc7425,1
devgpt-05d1cec2ce7a6649,4
devgpt-2a63c1e9f2b69e8c,0
devgpt-eb18cfa13c5c5468,3
devgpt-6a1147dbdc980f2e,2
devgpt-f2a97e74f6bbef9a,4
devgpt-53f452988cea8515,1
devgpt-82349ee2b45b96b3,2
devgpt-366487b0c99c5963,3
devgpt-1e8fd2395eedb133,0
devgpt-5d38edf42a03a4b7,2
devgpt-f068edae317c482b,0
devgpt-68500f045e3c19a6,4
devgpt-20f876fbea339a7e,1
devgpt-114e170fe2fe34fd,3
devgpt-268cbe941c1c4279,1
devgpt-f42b6e1819aa1826,0
devgpt-b3d9cca40cac4f8c,0
devgpt-1566b04682de7a7d,1
devgpt-967f196450bf1216,3
devgpt-8f61899ac94cc658,2
devgpt-305725e9f711045a,3
devgpt-9ac1c72136ff8c9d,2
devgpt-01e9c562f8607fea,1
devgpt-5b1db52bc641b994,3
devgpt-ca2a8dbf04746827,1
devgpt-35c2d9a10efbfc0c,3
devgpt-0bc226afec1f4d37,0
devgpt-bcbee134219dc90f,4
devgpt-0a1e611d618c1c34,1
devgpt-86f17e363159bd0c,0
devgpt-54e9c8c0a61ac277,0
devgpt-f3e08f6acc74cb1b,3
devgpt-cf8a9b51866a1a1a,0
devgpt-a7ba644bf43ce480,1
devgpt-9c54b5de3e1145a2,0
devgpt-3988a93d1a31e2a1,2
devgpt-bb646b38f553bfae,3
devgpt-be96cb2d1dfbd3fe,4
devgpt-31657c707950453f,1
devgpt-6092f82c5f3859f0,2
devgpt-f2cbc3bc5620ce84,4
devgpt-0584b388b81a2b68,0
devgpt-465d6544f103cc1c,4
devgpt-1c9ffa969c67a43c,3
devgpt-77a1cbb7d87bcba3,0
devgpt-62882af3f5397a86,3
devgpt-e0996e94b55d20ce,4
devgpt-dabe6db310e6e9a8,3
devgpt-644aa0d1d513e92e,3
devgpt-49a26c2fe714427f,2
devgpt-776550405bfdb83f,3
devgpt-4e623fd91975a475,2
devgpt-68107a94927c5166,0
devgpt-7e9cd0f6b8f0876a,2
devgpt-dca2473768063463,1
devgpt-86490b12626ba2e9,0
devgpt-3a63d55c759dbab8,0
devgpt-4e909d57c4338833,4
devgpt-b3e24e61a54a6769,4
devgpt-5c5e48f561c4173c,4
devgpt-562d08b4ea8dcf97,0
devgpt-caa8461052a41a71,3
devgpt-e3738205582adb1b,4
devgpt-2cf9e4f05e653419,4
devgpt-51bd19ac2445d5e5,1
devgpt-99c6690cb37e555c,1
devgpt-624b201dac186809,2
devgpt-3e1bd2a8bcab8794,3
devgpt-3d1e38edbcf7bf2d,3
devgpt-b56cf680ec6e3df8,1
devgpt-4be108a9c41c1873,3
devgpt-b1a461936560fe42,1
devgpt-3266517048c4b67e,1
devgpt-aa822d3dbd92ed7e,3
devgpt-222df8ef0648d649,4
devgpt-d9fc802f6a1c1554,4
devgpt-56acf56d25d30cab,2
devgpt-356678a8d8a297af,4
devgpt-d75178662b53fd84,1
devgpt-e9e22ae614002d6a,4
devgpt-ffd85fa41d010feb,1
devgpt-8836d64b2bb67946,1
devgpt-5694e4d319b032ae,2
devgpt-a38ea8612ef85eb6,4
devgpt-2ae03367ef7dbbe9,4
devgpt-33c6317b34c94dd6,0
devgpt-b97fd3ed22259ecc,1
devgpt-e6ca65b4bedec340,3
devgpt-b3e066bb836012d7,3
devgpt-d74eb04d9798d2c0,3
devgpt-e8c2021e7f27dbd7,2
devgpt-6b93653e446c4092,4
devgpt-0015beb56f518b3a,3
devgpt-546f695296fdc910,4
devgpt-85025b63aaaf3314,3
devgpt-c5e81bdfb42c7bf9,4
devgpt-de8eb749f8b903c4,2
devgpt-0aa647af8ac05b61,4
devgpt-1509dc752e42ee9c,3
devgpt-e85a9b74c9068d18,3
devgpt-38b850064796889c,2
devgpt-a33c996f0ddc1d50,4
devgpt-f6716bde17fd7b5c,0
devgpt-7ff50e2cdf2080d4,0
devgpt-6c7588b036a32408,0
devgpt-a83c6c8653447a60,4
devgpt-d9a621966f074c76,3
devgpt-43a6e0ca30186814,1
devgpt-2ac821ccf63c5ff4,2
devgpt-40068d1ede943003,0
devgpt-8ee12ccbad9534b2,0
devgpt-f4db7fd1a9b839eb,2
devgpt-7682a8817c3dd93d,4
devgpt-905a9ae44905a709,3
devgpt-fbcc8b4eac3f9d70,4
devgpt-759183c04b619547,0
devgpt-642c79dcd497d479,0
devgpt-8f1f9a9d42376a8d,3
devgpt-cf32f23df2a5e77d,3
devgpt-b604815c078a492d,0
devgpt-1eb6c9ad0f4b628b,1
devgpt-486dde201870699b,2
devgpt-d82edad1c44aefc2,4
devgpt-0637fb1ae6a30098,0
devgpt-636357bdc2d49546,2
devgpt-0479728f7c456bbf,4
devgpt-4f3dfa8e028b54b4,0
devgpt-40a641ee0c8bbffe,2
devgpt-57c7896721a41844,1
devgpt-8f8347caf78c979c,4
devgpt-118d6bde625260e8,2
devgpt-cd266a3b6f6df715,4
devgpt-b885fe825adfddd5,1
devgpt-7caa19d5be849501,0
devgpt-fb77a52298d32fdc,2
devgpt-00e9fa9950d05307,2
devgpt-29c0713ce7db2943,2
devgpt-43975d1111ac0c49,4
devgpt-15c211d48480b963,0
devgpt-d667a538ed22ca1c,1
devgpt-163b59c6f428ea36,4
devgpt-a0a2477e16c7d11c,0
devgpt-a4152e786d4dff58,3
devgpt-88bce90d586bcdb9,3
devgpt-1c0c9da22cb79f7c,3
devgpt-b203589fc1ae0c12,3
devgpt-482732268beefb79,0
devgpt-f6a8376f071f0d5f,0
devgpt-212caad5b3a49b8d,1
devgpt-c3f704a375ed6a15,3
devgpt-da945b6fd9c6fe9e,1
devgpt-4099d628968f5021,2
devgpt-09ce5b4a720dd66c,4
devgpt-1c421163da152b1b,2
devgpt-873521e38e93f186,2
devgpt-0e949accd88fb193,4
devgpt-0a85fb75ff20eaa6,2
devgpt-980c8a0219ecc05c,2
devgpt-91de27002cb9102a,2
devgpt-f4ea6fec5a37cd47,4
devgpt-61ab7cc327099b36,3
devgpt-c7d4b757fb613b98,0
devgpt-8dbd44ebbd30851e,1
devgpt-15fc7bf217dfc29c,3
devgpt-c185352d448049b9,1
devgpt-7488540ae125e210,0
devgpt-9c902caa33a9e89f,0
devgpt-cc915c9ab3b9550f,1
devgpt-1b260f178efa6a15,2
devgpt-a169587bd46fde73,2
devgpt-97fef5523513011a,4
devgpt-7ad52654ed10a158,1
devgpt-366298ba4751c948,2
devgpt-56909791f2493510,3
devgpt-767ded6ad6e98fe3,0
devgpt-7cca25e39b4ecd98,4
devgpt-5d5cf359b52eebf2,2
devgpt-a0a00c5d322283f0,3
devgpt-4306f49c73da4573,2
devgpt-5c7fa8fb34a63b49,3
devgpt-4e4ff68089c27c7a,2
devgpt-981162d6eeba1467,4
devgpt-022a54574c998a6c,4
devgpt-7a15f99a56bff808,2
devgpt-089edda0f993b432,2
devgpt-71b3cf3f97477de1,2
devgpt-547d7c998aec9de4,1
devgpt-c16b9a2d8f96d78d,1
devgpt-8eaf338449729934,0
devgpt-7d3183c5dc4baab6,3
devgpt-b8e66fba27687d69,4
devgpt-6cb2692473e7fbb6,3
devgpt-24d6fda7d7fcadb1,1
devgpt-5f2726e2aa858535,1
devgpt-4faa6209f3dea3c6,4
devgpt-927c0d724e63ee27,0
devgpt-cf9abb9d0e542575,2
devgpt-ec439c58210c8132,1
devgpt-7ba394edc0aff4e9,1
devgpt-4ba97f886922bf90,2
devgpt-cb57d479d470d0ae,3
devgpt-e708fc73dc8e91da,4
devgpt-7fe5b89906ccb02e,1
devgpt-0f355e0b5564d12e,1
devgpt-551a16237a81f4cf,3
devgpt-5c5eb5ab763b95c6,1
devgpt-c05a891ab6e7365d,2
devgpt-179e72d561ebdf35,2
devgpt-55e5ef03d719a780,4
devgpt-79a57db48d889614,2
devgpt-c6e5cec4b3657670,0
devgpt-916e7f1b2141f360,2
devgpt-007218768f5500d0,0
devgpt-d65e67a4272edd4e,0
devgpt-4ad3436dd2bb5231,3
devgpt-df1553a344591b5e,4
devgpt-a3b5e3782e5efaed,1
devgpt-9967698988aabd1f,1
devgpt-bac55a260346ed61,1
devgpt-21acf7426d0d91e3,0
devgpt-bae72a32a80100ac,3
devgpt-28e574272a4a3adb,4
devgpt-9baeea6c0b229e21,1
devgpt-be31ed97f2386b01,3
devgpt-9ddd1c527bd53e80,1
devgpt-f511577b92987f60,0
devgpt-f0cef5fca78f99d5,3
devgpt-7b4a2319411472c9,2
devgpt-8111661f44c64d4c,3
devgpt-d8b5c351ded6fe6a,2
devgpt-4515a7c385f23550,3
devgpt-b51084d2a2b127c6,3
devgpt-6592d90e51c4096a,1
devgpt-14ac978aa1e0fc89,4
devgpt-f87a47672a8d763b,3
devgpt-75c6c73c3ef8cbfe,3
devgpt-be105cb9ddecefd6,1
devgpt-b8809581afc9f667,1
devgpt-fd7945de57e5c3df,4
devgpt-7f074cdab45b4c44,2
devgpt-7f03bc6cf64dbd56,2
devgpt-6b61d8d121ef6149,2
devgpt-ade7aa069736102b,1
devgpt-dd2a95106cb9186e,3
devgpt-434b241e48993a87,2
devgpt-49274b516d37dca1,1
devgpt-1eabbb67a924cf95,3
devgpt-11303ab4e842b706,2
devgpt-6f3d0dfe4812daf4,0
devgpt-dcca94ef62e7c3a0,2
devgpt-cb209f1b33563ae8,0
devgpt-97b20dc56eda7fff,3
devgpt-41b6c59032586b27,3
devgpt-b0e663ee37fa2ee2,0
devgpt-bbaf27baad8b487c,3
devgpt-c2e1ea78d6f52b2c,4
devgpt-915dae9e62c38aca,2
devgpt-996ea3548033b846,1
devgpt-b280d7dba72dc010,1
devgpt-ed17483b2f6eadf2,4
devgpt-7d10bd31d110ea81,2
devgpt-548a0a74ebb0ad1d,2
devgpt-23e9f3f5687afdeb,4
devgpt-f6be478101405f64,3
devgpt-4dce993dd8a7e9eb,4
devgpt-ff80f4f13d62534c,0
devgpt-f28f21b9c24bba7f,1
devgpt-19d501ba045892b4,1
devgpt-8ccdc63187f17826,2
devgpt-14534fa10c64c90a,1
devgpt-aa6a62efacf70c09,3
devgpt-9e2f11a6d07fcbe3,3
devgpt-80cadfe15dd9db6a,3
devgpt-f3b9645ee74ab8b4,3
devgpt-7531b963d96adbd1,1
devgpt-7695426ddfa680b8,1
devgpt-28e1494283028b44,0
devgpt-08665d406dbd8378,3
devgpt-fffe458c0208b72e,3
devgpt-b24bda460319bcfa,1
devgpt-5bcc935225d71653,3
devgpt-708e3aecbf8f2e3d,3
devgpt-1278e18c17c2818c,0
devgpt-5ba011ca15bd9ed6,3
devgpt-5903c87bcce2029f,3
devgpt-ee8f398dc478cbf5,4
devgpt-3b28c243d61b4bd5,2
devgpt-a911b94217017699,2
devgpt-faf793ba50411d9d,1
devgpt-771dfc289cbb23ab,0
devgpt-b0547dfd1ddbabc7,4
devgpt-2e75755d52dd2e9c,2
devgpt-a1d90c4bc0c33f12,3
devgpt-4b12d677c70cb9f1,1
devgpt-1bb8eb6f4efdca04,2
devgpt-004639c23a2a42fc,2
devgpt-0ccfc22fca077f9f,2
devgpt-1abaddbe3abcf3d8,1
devgpt-4c00ff2e38dc9f12,1
devgpt-92ea4d224f917536,0
devgpt-30693745db9e22c4,4
devgpt-f0958b8f9c15fd73,1
devgpt-1dfafe953aabc032,1
devgpt-405b20e7a81bb27a,4
devgpt-2f1edc4b68ca8fb9,4
devgpt-ca0fe1ad1ae81b11,4
devgpt-689c5797d598c610,1
devgpt-b2ded5b63f61c6cb,0
devgpt-6e702a4fdfd39dc8,1
devgpt-3283a68b597edfbf,2
devgpt-6aa6676c1cfa596d,4
devgpt-013b0218a582451d,2
devgpt-d8129ba869f64603,3
devgpt-7b633f4876dfa404,2
devgpt-c4a634cd366f76f7,3
devgpt-f8488d5260b46ef5,1
devgpt-4ffb646be470b3ed,3
devgpt-887a62a15509b1a1,0
devgpt-9fe7e5ddafc05289,3
devgpt-6d7ea638c3b53c79,3
devgpt-939b4747152ae507,3
devgpt-15ee63cd55b0b669,0
devgpt-6cb6a8d92163935d,3
devgpt-07af9a0b6b829580,2
devgpt-66e7f87b6ba8ed5c,1
devgpt-9c456a05dc96028a,3
devgpt-6df61f1ff63ac1a5,0
devgpt-c9ab46891f2face8,3
devgpt-8d4545b3aacb29ae,2
devgpt-cb0a0560092e3e6c,2
devgpt-831e0a52f79ffe2e,1
devgpt-4bcbf837571a7134,3
devgpt-9c8262d2cb63bb2b,0
devgpt-d86b2c0cf9483471,2
devgpt-ea6ba51d6703e5a6,0
devgpt-18455ad487456358,2
devgpt-5d0904a6833043dd,0
devgpt-b16c88230e6c41bf,1
devgpt-4db8b2bd4150d191,1
devgpt-70c377d0f48b5b20,3
devgpt-28e0932e10531068,2
devgpt-a2712c4f67dee9ca,1
devgpt-20fcffe709528d14,0
devgpt-f3a04432a04e692f,2
devgpt-c034e5f33a9b599c,3
devgpt-1c875d83860dd876,2
devgpt-896bd79a9a7a72d5,3
devgpt-04abde9401440e65,1
devgpt-5eb19855482ff0c7,1
devgpt-1806ca8b3ce1a904,1
devgpt-1ca3d67129340a90,4
devgpt-1ab3c8280173a8c7,3
devgpt-8e826aeae5fade6e,2
devgpt-3e4aed660077020d,1
devgpt-f623b9bb3c89af0c,4
devgpt-67cbb2f1b7f9dcd3,2
devgpt-ced6a007032c88ab,0
devgpt-6e9b132a140a65b5,2
devgpt-3c3733875d6fd916,1
devgpt-a15a92c5d530a7e5,3
devgpt-8352b1ada045105a,0
devgpt-5296f3d290dce32a,0
devgpt-ab1067e3c9b3cc87,1
devgpt-610459371460c288,0
devgpt-deeede36186e041e,2
devgpt-71f57d134c4a776c,4
devgpt-b565148c9a3a11ac,2
devgpt-23f6c854f2dfe435,1
devgpt-531d8edb25fd645b,3
devgpt-88a46ac4fd6f4fee,4
devgpt-1b546833ad91fd42,2
devgpt-22aac32de833148c,2
devgpt-49026fc91e7366ff,3
devgpt-8728a263ade95d98,0
devgpt-3648608c0c929823,3
devgpt-1bed0897dbee5172,1
devgpt-5a248635769f8f17,3
devgpt-44c36dfa61c8a8fb,2
devgpt-392a0eb1e4e24866,4
devgpt-80e9d20a7dd37ca2,1
devgpt-583383248ed9ec55,0
devgpt-4f1ec6cb4a78470f,1
devgpt-38e5765b8f56c461,3
devgpt-d4c1f5760c51f9d3,0
devgpt-e0f38cfe4f370a4f,2
devgpt-7921326f75936231,2
devgpt-12dff0221a0ec2de,0
devgpt-09853ee14eac0816,2
devgpt-97d6fc6b6d5f57b0,1
devgpt-40e784c4c6c42b7e,1
devgpt-d53e9d0156aafab6,4
devgpt-bccac1682e5c503f,4
devgpt-398ffc29feffa390,2
devgpt-f5b6bc4efa90bc40,3
devgpt-b8eba32fbe446632,4
devgpt-445f0038f3c9fa22,1
devgpt-d8e3529620924051,4
devgpt-5fa8c5dfc1e1f077,3
devgpt-1954bb5aeea5dd8c,0
devgpt-3d4326fb126a7890,4
devgpt-159363d13eb251cf,2
devgpt-40ddff76d67a4592,4
devgpt-5df9304f498ac0dc,1
devgpt-b3597ddc1b6a3ea5,3
devgpt-4337a82bee538315,0
devgpt-a0066078f7fc5362,1
devgpt-f3633ad3b7fe5069,4
devgpt-5c8f39356867dc49,3
devgpt-af097bb8a55d7939,2
devgpt-2c6b4389c2101bf2,1
devgpt-cbd2a6354e0ec12d,2
devgpt-a7e2d299ebae9191,2
devgpt-edc2cbdcdbc31431,0
devgpt-f0ef4a1d711f3918,0
devgpt-a8c99393090d991c,2
devgpt-70547b4cf545fb04,4
devgpt-b8f9d75e5da8c4bc,4
devgpt-19012f576a43b3f0,3
devgpt-d697baacc8aa98b0,4
devgpt-daca4e772625a5c5,0
devgpt-03b1e25a9089f97c,1
devgpt-6eb7243dd12da704,2
devgpt-23bcab9d40d99431,4
devgpt-1d0b76d628f1de03,3
devgpt-58a462fb33fc7d6f,1
devgpt-f3b133ce02848cc9,4
devgpt-3fd41b541b86bfa8,2
devgpt-a5495b238b333f25,0
devgpt-87a54759b395397e,0
devgpt-c766de7d379eb862,3
devgpt-a7a07e252527e27e,2
devgpt-03a5c3d785be2101,0
devgpt-49f82616ff87eadc,3
devgpt-cac22baf4137db3f,4
devgpt-a3ce7e6363d516d0,0
devgpt-c1de7c0eb705adad,3
devgpt-c394b6ab187878b0,1
devgpt-ea68163ea181442c,2
devgpt-781b17cc2a7d5044,1
devgpt-e06eee9f9e808c66,2
devgpt-7e34fc0a89cc6776,1
devgpt-89c2dcba19b1f09a,4
devgpt-91acb453fc876a1b,2
devgpt-ffd6117380a02523,0
devgpt-22ae10f630312355,4
devgpt-cb5e09958a779694,0
devgpt-a00a742e63be25f7,1
devgpt-5de7ae80c120425e,3
devgpt-7f5723e4d339283f,2
devgpt-32569a535e05954c,3
devgpt-07731c8be5c83287,1
devgpt-171d3c0090676d48,4
devgpt-797c21a640c08a5c,0
devgpt-ce99c770c9abd028,1
devgpt-ca66e81fbde8fe2c,3
devgpt-abec0bb2e010d575,4
devgpt-327b3a1f311ca279,2
devgpt-332ba7e227ca816b,1
devgpt-9eb88b00e5991414,3
devgpt-da6c2a9bb579dd74,3
devgpt-3de232e2f6299b53,4
devgpt-0490d200dfc52c5b,2
devgpt-be11546d9b61f648,4
devgpt-6ad65c606eb4b253,1
devgpt-1622abfd521ceb37,0
devgpt-e4b07837514487d7,4
devgpt-af86e3838033142f,2
devgpt-b1f698a0017adfc5,2
devgpt-2c5849be4d8e3b9d,0
devgpt-b17cb387a3f7886a,1
devgpt-2041a676f6b85394,2
devgpt-03bb0935ea3781ca,1
devgpt-5b6811462a4a0b7f,1
devgpt-b225fd90667d40ed,2
devgpt-e40ab2363a6a8ee5,4
devgpt-91ac3d805a05da64,0
devgpt-0aa70feff5a674e7,2
devgpt-5e7f90513e50d22d,1
devgpt-9a35f8226436e948,4
devgpt-2294e3e5c45714d4,4
devgpt-d5ee5c81686398e6,0
devgpt-3334de6b4dc16be6,0
devgpt-d670894ffc9230ff,4
devgpt-8616bb309130fe92,0
devgpt-7e89cc1391059558,1
devgpt-7756fcfcca4a98c5,2
devgpt-068dc7ed492f7d70,2
devgpt-ce734e1353807c27,4
devgpt-9df16ac215213709,0
devgpt-30d5267e52f88c4a,3
devgpt-e5ca65112481298d,1
devgpt-0afc81c453a98419,3
devgpt-560c86bc2a294efa,0
devgpt-d14fb49b88036f5d,3
devgpt-362be7c02c1830eb,4
devgpt-a91642542e9c322a,3
devgpt-503cba00f808f35d,0
devgpt-2a4971d510e0fcc4,1
devgpt-8412774de448e5b8,3
devgpt-4495d524da565f79,4
devgpt-5030ca78bfe6446e,3
devgpt-0d435414e8cddb6f,0
devgpt-393c9f0ce05308ad,1
devgpt-10e4a32498f3fb66,1
devgpt-1fe0265cdd61736f,4
devgpt-e256495e749963fc,3
devgpt-5924034540b10a4a,2
devgpt-c11519cd9f0695a0,0
devgpt-fb85da4e07373a4b,2
devgpt-2342e73c20229845,0
devgpt-781eba1f3f702b44,2
devgpt-721c05feba41ac2c,4
devgpt-2e46ebceb91b08dd,4
devgpt-e7a90c868d0ebffc,4
devgpt-48c5b990ef5710e9,2
devgpt-b6749d411eceae43,0
devgpt-96fde69574e4b11d,1
devgpt-8ce95d5fa1e0a7a8,4
devgpt-cb7a27338a95b80e,3
devgpt-ab0ea3cf2525125f,2
devgpt-23e3da312e330cce,3
devgpt-f35cbfd30e74f746,3
devgpt-64729a0497548b99,4
devgpt-96dfc644993afac3,1
devgpt-d34b4940f613595e,2
devgpt-8bda7fb4a93d83b3,2
devgpt-42c649383efcbb9e,1
devgpt-da47d69299b68d62,2
devgpt-1aa5eb111d467159,0
devgpt-3f776c32f7d05445,3
devgpt-5bccc88aff035670,4
devgpt-7f464c4c233ea232,0
devgpt-2e0c59f64ff48f0a,0
devgpt-bcd001b6e53ae7e2,3
devgpt-d8082c96e234b583,4
devgpt-8ae5f7839671bd0c,4
devgpt-b209f551ddd0ed50,3
devgpt-8501d591a7e33af3,2
devgpt-5a496988a7de23c8,4
devgpt-0ae3c42c78783a6b,2
devgpt-fb0c898b7ee6862b,4
devgpt-f397c576ce0464c7,0
devgpt-8ee16d3a52082f3c,1
devgpt-05a4b96ee43e501b,1
devgpt-265ecafdfd66bc14,3
devgpt-a8151d35f18b4429,4
devgpt-2ac3f13d3f12265d,2
devgpt-fb597ef53f765ca8,1
devgpt-0958a9f4b9912130,2
devgpt-f590d3da3b9342cd,3
devgpt-b27a099d1d5581d3,2
devgpt-29a16a6e986e0925,4
devgpt-d632f0d7d6aa440f,1
devgpt-a054c241664c9c3d,3
devgpt-39ea6f8eb67e0c87,1
devgpt-234b20eba9c4b163,4
devgpt-50a54df731d545b1,3
devgpt-4dd563dafdb94bd1,1
devgpt-1b648175218bd761,0
devgpt-3508b1e8b410f619,4
devgpt-4911aac98ff04702,4
devgpt-ba0e266eb9a3587c,2
devgpt-0915aadccbca86cf,0
devgpt-de05cc943714afff,1
devgpt-adf4590df4b42782,0
devgpt-3dc74f4d00204441,2
devgpt-9d60650a37b22c4c,2
devgpt-fb6c7241697da9c1,0
devgpt-f6564615f2321c78,3
devgpt-56e2350654157353,1
devgpt-1628ca70c6c2c1da,0
devgpt-3dc0f609ef598ca0,1
devgpt-f60081aee2dbfd04,1
devgpt-c064639e33601738,2
devgpt-1e4cfaac5600e792,0
devgpt-5805de3126aad0af,0
devgpt-d32411f14058d991,3
devgpt-6007bbc73c42dcae,2
devgpt-3c3ae265997e5553,0
devgpt-7e810ea5eba5db35,3
devgpt-7e918fd2f185fc3e,1
devgpt-a468143d105b55a8,3
devgpt-0ee6763ca7fa32c9,0
devgpt-144964276e2ec786,1
devgpt-759c4a9be26552ef,4
devgpt-07d1af20261a6e6a,0
devgpt-7997077e631690b7,0
devgpt-d20d1edcedf7b204,0
devgpt-3c9490edd3e817ef,0
devgpt-c9403657224f3262,1
devgpt-a5757e07f4d5f3dc,4
devgpt-f0b6d079998c75cb,1
devgpt-d1c8ba63d910cf4c,1
devgpt-df00e9da564abad0,0
devgpt-9ad1e8a00dc0855a,4
devgpt-dd28e8bbbafca316,0
devgpt-b10f4ab93eeb2b06,2
devgpt-45b7ee5cc8c61910,4
devgpt-9c37cae5363a25f5,2
devgpt-10a9b1702b94667c,0
devgpt-725eefbe5749e5de,4
devgpt-d747c8a2cc95fc29,4
devgpt-0b6c8ade505e18a7,3
devgpt-63a0767c86025af7,2
devgpt-8ec9f3d5ede1432e,4
devgpt-f2bc73e45af59212,2
devgpt-1fed3adad5df56d2,4
devgpt-b590681a758e2089,1
devgpt-be858982e8032466,2
devgpt-54c40f22670857b3,2
devgpt-9d14cb2985698105,0
devgpt-5e5a05f3e76035aa,4
devgpt-844ad664fa16bc39,2
devgpt-95011d739a59fde1,1
devgpt-b18c383708008614,1
devgpt-b31a98a3037abe84,0
devgpt-9a8c464f61d36bbe,2
devgpt-30efc6b1c8ce8de6,0
devgpt-d67ed8e5ca90f7a6,1
devgpt-9bc4c3b3330db099,3
devgpt-d70d31b8d4029f2d,0
devgpt-59f15ab1ec0a3b8b,2
devgpt-ae026ae15e22c1e7,2
devgpt-e34019bb80e7a22f,1
devgpt-dae9d84729332d2b,1
devgpt-ac125bb4696a0368,4
devgpt-c4472222219704fe,2
devgpt-de4eeccc8b17020f,4
devgpt-8fb550e29700175e,2
devgpt-f00f671fd633e672,0
devgpt-49e738c0efb87665,2
devgpt-6dd0d161581daef7,1
devgpt-7800773150a46147,2
devgpt-4dcae91e4c1ae9d7,2
devgpt-a6b25687493c0c21,3
devgpt-18528b407c1eb4aa,1
devgpt-e0055db86cfe5550,0
devgpt-599e146de82a309e,0
devgpt-cf3516dfd11efeab,3
devgpt-5d90e41542c46606,2
devgpt-a9b7096c1a90f405,4
devgpt-82d14135a350e6b3,2
devgpt-2b9cf73c691162c6,0
devgpt-017878366ed1bef9,0
devgpt-71ebdc12f25d28da,3
devgpt-9777a5800e480a5d,1
devgpt-14dff53a0820f256,4
devgpt-0df8024c44a6d232,3
devgpt-7c502e98ddd3c4a3,3
devgpt-e7a60bf2b84fb192,0
devgpt-c5ffebe1ee8bf5db,1
devgpt-b3bb0d184b239b92,0
devgpt-a4b7e1c634056fc0,3
devgpt-2cb1ffdeb3ae5619,2
devgpt-df0e16ec192b23f1,3
devgpt-f177f34ef6f57abc,1
devgpt-73c87a5548cd4c2b,3
devgpt-955752000a7f3212,3
devgpt-9a713ddaa18ef9f8,2
devgpt-fa9c78301e6f4e3a,1
devgpt-e3d24335c38bf98d,1
devgpt-2d3b8dd8999b6ef5,3
devgpt-48fd586cffab6450,3
devgpt-403e07992f4fb795,2
devgpt-8eda7dff58f2b68f,1
devgpt-abafa4939e6ecd58,1
devgpt-d67357d7e1918a4e,1
devgpt-40c37753aa5db7aa,1
devgpt-335b54f973f4b91c,0
devgpt-912025aa72f9b575,4
devgpt-d256aad8c5b355ab,4
devgpt-2e55b0a4e05bf135,4
devgpt-4b70a640c7f14117,2
devgpt-9a8857cc219e04ac,0
devgpt-0059e07fcd296304,0
devgpt-a0bd76fc8422b003,0
devgpt-893906fd0b4c2b6a,4
devgpt-b31f19a896805068,2
devgpt-b64f789057d1bdeb,4
devgpt-e99fcf655debce71,4
devgpt-e7f9aec3903d3680,3
devgpt-ad03ccef4aa6cbd5,3
devgpt-63ed3821fbc074c3,2
devgpt-4f9fae8cbf08ad55,0
devgpt-98dc142050452f5a,0
devgpt-f44d09d168189bbb,1
devgpt-94bc8a110be9cedd,2
devgpt-64861edd4cc2b5a0,0
devgpt-e9af02b07feca48e,2
devgpt-9c60ae5689f15b04,3
devgpt-5063dafb168c848a,0
devgpt-fa4034849a63fd06,0
devgpt-94dcdd3b27e702f8,4
devgpt-d475721030ce1171,1
devgpt-4d96f87e182bb68d,2
devgpt-524c2908c14b7824,4
devgpt-313bba4625fd7900,1
devgpt-abf5873289e90945,1
devgpt-9ccb088e3a5f261a,3
devgpt-c8b070b9f546807f,2
devgpt-a05c866470f868d9,0
devgpt-bd7ba5076e6c80d2,4
devgpt-61e8f448c0f5b4cc,0
devgpt-b63b8f9d50a5d80f,2
devgpt-deda0fdedcb9f4fb,4
devgpt-5b29603ea3224314,1
devgpt-974678259411c48d,1
devgpt-eda7e4bf30094808,0
devgpt-55804a900db0ff53,0
devgpt-7911938bacb30868,1
devgpt-52dc9b0699617d27,4
devgpt-05c22e0a447f9b71,3
devgpt-2fa2807439806706,0
devgpt-edf64fafc809156c,2
devgpt-ae40bd907c0b7d4f,0
devgpt-58c63bbf1346deb2,2
devgpt-1efef60088f0423b,0
devgpt-b4016b8fbb64b35f,1
devgpt-0777913da9594a2c,2
devgpt-299a35249205c3f6,3
devgpt-b54974364dad39bd,3
devgpt-8bb90f3475889fc9,1
devgpt-8ef73192f867ddb8,1
devgpt-cb5e80a3977e78fd,1
devgpt-bfaa9982c1dfc4df,3
devgpt-506ba4c17dc3eb78,1
devgpt-5a8ea8113f714092,3
devgpt-1bcf69d3f90bf360,2
devgpt-00800d2be9caf1ee,4
devgpt-c2b82f230cb18244,2
devgpt-5b3aa2e963fcf3fc,0
devgpt-81d943a515dfafc6,1
devgpt-55daf22a17eb3cd6,4
devgpt-98203fde81881235,2
devgpt-b1ca08514770610f,0
devgpt-21d133544e49dce6,3
devgpt-24a450e91d109b56,0
devgpt-c667e2e5c291564e,4
devgpt-c92eb6f0c51cc176,0
devgpt-f0b7ae99ab307ca3,1
devgpt-47a5d9b1aa3f20d6,2
devgpt-147faed7ac9bfe23,4
devgpt-5e9b9298e9dba56f,1
devgpt-d0688215bae208c4,1
devgpt-af0cf504f8224206,1
devgpt-43cfdbe8234658b5,3
devgpt-7bb56545af2f3538,0
devgpt-74d74254a740e0fe,4
devgpt-e9920550b656d72f,1
devgpt-4ac370368cf966b5,2
devgpt-6227366ea4ac1a80,2
devgpt-a9aaa5c5d71cc1af,3
devgpt-d4e4c836365c872d,2
devgpt-8725653ad500d6bb,1
devgpt-22f30a27af089ff5,1
devgpt-2b2726bbdaf9adde,0
devgpt-55570f6c002cb461,3
devgpt-83ed08210734f7d5,3
devgpt-27bd9425990519d8,3
devgpt-d699cb2c7bfdd32d,2
devgpt-03dcdffd6b1e9f9d,2
devgpt-66ce9b8f94988544,4
devgpt-47ab23bacce9fab2,4
devgpt-3bebd8e9e31ef91a,4
devgpt-c193dcfc50ffe691,0
devgpt-2146c8d5701e8bd3,2
devgpt-99ec3b65c697dccc,4
devgpt-fd610942bb6f6a3c,1
devgpt-3b2480b1fc3b6516,3
devgpt-9d43de893d106bb6,1
devgpt-6728f2f5a04fc7ab,1
devgpt-ad1a8da36a06b654,0
devgpt-e74713289d3be8e5,4
devgpt-febd960119cd4f82,3
devgpt-4c0e90830e8badf7,2
devgpt-9c577cbcefb12226,4
devgpt-03701563218842ee,1
devgpt-0c1ca47d7259db0b,2
devgpt-074a7e1ab8d6a043,3
devgpt-ba9dab06aa72f5b5,1
devgpt-2f1d423720e0b3c7,4
devgpt-bfe9b684673bffbf,1
devgpt-a3b28c76f5b7c3e3,4
devgpt-d689afdaedb2a3f1,3
devgpt-817e49248bc7689a,0
devgpt-dc802a6bb99becb9,3
devgpt-d2f415736bb08f53,3
devgpt-5aec60839936855a,4
devgpt-830783df70a4f9fd,0
devgpt-e2229caa9213443e,0
devgpt-9b465de853e35c93,0
devgpt-8a0a03f6be9da1fe,1
devgpt-87f90a9fc32a3d2c,1
devgpt-217331e12e5ec2fe,4
devgpt-37ba26f9345a732e,2
devgpt-b1a2a7226e90d9a9,1
devgpt-9c3b8cadab16b5c5,0
devgpt-a93c13b11d6224d0,1
devgpt-f1ad6897a2b62c16,1
devgpt-e87ef575377788f2,3
devgpt-99a0ce715a2164be,3
devgpt-aba2c4b357137f2d,0
devgpt-c2cc8a5bf0ed91ae,2
devgpt-b70623de14e80fa0,3
devgpt-f08cf51136a9af72,1
devgpt-5c72261acb4c1b56,0
devgpt-f290ef6ce3728019,3
devgpt-a18d21cb463e1fba,2
devgpt-0eb6b970f4101aac,4
devgpt-d487c91fb8d851e4,0
devgpt-ccdc5644c41bde1f,0
devgpt-d281431a5e464434,2
devgpt-0630734de3bf1c12,0
devgpt-f7ca2637669cb98f,3
devgpt-e9f2fb0c80cdad27,4
devgpt-db8abe328e939caa,2
devgpt-03e3c62e515907c5,2
devgpt-bf39d9b956459a58,3
devgpt-4c20496c44e34e69,3
devgpt-d467fe8c065477eb,2
devgpt-2343ec7b510dd885,0
devgpt-496bd57986a83d88,3
devgpt-af4c9ea07f9429c2,1
devgpt-77ae172043dfd574,2
devgpt-981ad07bee539175,0
devgpt-a75f227f79650b8d,0
devgpt-f7ffd36bc6df7f50,2
devgpt-900ae8309c1cd654,3
devgpt-68d949e39ac1a646,3
devgpt-a54e960f8eb7ea04,1
devgpt-156324cd68149b05,4
devgpt-67e9e6a95fa8b19b,2
devgpt-7584bc92014cf599,4
devgpt-8ea09de51556f145,1
devgpt-1f7309b7cb36f8e2,0
devgpt-b2eed8b0a0b34b54,1
devgpt-84c5165d0183a624,0
devgpt-f3ed94fffed03567,2
devgpt-61c1cf5f5f8d8ec0,1
devgpt-e7257cce44c2070e,2
devgpt-f4c01a91346c8111,3
devgpt-94dbac1691dfb5f0,3
devgpt-5898e50903ea5541,3
devgpt-9581ddcd7b154c60,4
devgpt-b0ef4647d59c4ab3,0
devgpt-d0465b8e4559f122,0
devgpt-9b113052f9a66a74,0
devgpt-14abeaf35f91aeba,4
devgpt-9c8118eb25bd95ce,0
devgpt-6e4f10f3f554d4b2,1
devgpt-aaa4e77459479333,3
devgpt-8df2c477150256a9,2
devgpt-8ef78b3269f6f844,0
devgpt-1a48fa2844be1b04,4
devgpt-47ccb891367755f5,3
devgpt-5c123dc46fd5202b,4
devgpt-317f9f4e22a74cff,4
devgpt-5cf5730c9183e9e1,3
devgpt-f96933ce65a5b0d9,4
devgpt-d75344a10baf8160,1
devgpt-15eca96439717f65,0
devgpt-431c0db8fa216683,1
devgpt-12695956c2929658,1
devgpt-4c9fc9535b36f9ab,2
devgpt-c0f9ea35cda4ddbd,0
devgpt-1496b77eec84b0b4,4
devgpt-66af9b5588edee59,2
devgpt-8bde70717ec47761,4
devgpt-60f050bd5680ec51,2
devgpt-f4a4c29b69d66c0e,0
devgpt-c89584f149b754cc,2
devgpt-176af434f0d7b66d,1
devgpt-fd025e8f05736d1e,2
devgpt-42d8ed538ed9d251,2
devgpt-a1b86bbd2d6fd452,4
devgpt-305aa3be85e95f9b,4
devgpt-bb14f930c4c8cb35,3
devgpt-124ca606a05c5ca4,3
devgpt-c61d3cc68ee72c98,2
devgpt-e8af44e4ae26e47a,3
devgpt-e4a057ce5aaccf41,1
devgpt-dbd0ae1d09513f8e,1
devgpt-8e8241647d2e847a,3
devgpt-5fc8548250784ea2,4
devgpt-6b65b24235c8a330,3
devgpt-b555521d1d00f0d7,1
devgpt-cabeacbd48924df5,2
devgpt-9e0255c25dbf7464,0
devgpt-4647f43aed14495f,3
devgpt-faf11e0588eddf0a,0
devgpt-d48e93f9bd7f47e5,4
devgpt-739f9fe802631251,4
devgpt-0ffb961ab238c7bc,3
devgpt-c3cb0a465214ba77,4
devgpt-a780345d7596202d,4
devgpt-6960244bc921e049,3
devgpt-ce3e6260bff1b370,0
devgpt-c772dfd941a2cb8f,4
devgpt-7b96b1db42f97c94,4
devgpt-b2f3bc44627b93f9,2
devgpt-f640a54bf85b262c,0
devgpt-4c8191fa407687ee,0
devgpt-38dfa8001c4964e6,1
devgpt-ff83dd2092599e25,1
devgpt-2286122a003e1e71,1
devgpt-8226b2687cdad5d5,1
devgpt-c493de44beb4c50f,4
devgpt-4075fefeab424f38,1
devgpt-e1b164651b60a54f,0
devgpt-35992639e95f6627,4
devgpt-25251cec6a1ec4dc,3
devgpt-7e6df8c8b5f80ddf,0
devgpt-8d5a80c0ea83bf31,2
devgpt-2729e20d8ae65367,1
devgpt-bf3c14e457df3193,0
devgpt-669ae55ce5293682,3
devgpt-ded67788e83ff9f3,2
devgpt-86ef5c1318e3a887,4
devgpt-42346487bfd89e30,4
devgpt-a929c5e7a6b2a902,2
devgpt-165c4259f74248be,3
devgpt-fb25f5a369ef8402,0
devgpt-6ae17033d2efeec5,2
devgpt-56e9f07648c1b579,3
devgpt-8f6de69359b90bf6,0
devgpt-230a1366e4ca9765,1
devgpt-8bb5fe4c95417558,1
devgpt-53a65de35bc881db,3
devgpt-5c6d62d8d51103ed,2
devgpt-cf8ad6b2859de304,1
devgpt-5596a4837230e068,1
devgpt-31372f25809375c0,3
devgpt-b3c89b64fe38d827,3
devgpt-5c69ed40a71f9b75,4
devgpt-ef3679c2afa5113b,0
devgpt-75e2e2133850d914,4
devgpt-9e47d0a669e4b87c,1
devgpt-f82b4dcd1c92c708,1
devgpt-fdfddac0ac5a0ef0,2
devgpt-68340956f6ce8de2,0
devgpt-7951405bd80625ba,0
devgpt-eecbb1e8d703a975,2
devgpt-82782e3444ffea69,3
devgpt-6b7923f31536cb9b,0
devgpt-17a7e0526d247ffd,3
devgpt-ed970f61d0a5e5cf,1
devgpt-540bd43b8db11499,3
devgpt-a9270fd235dd17e4,2
devgpt-8e15a0b5d782e727,3
devgpt-230eafb7d3b59bb6,1
devgpt-79639120e57c63ea,0
devgpt-8a2a3804d8327344,4
devgpt-94ccaa0415c7b142,1
devgpt-135c280289196285,2
devgpt-7ebbc4e5dd8df588,3
devgpt-c78b902de49bb7ad,4
devgpt-54b1421a74b87965,0
devgpt-00e7b3aa781952d4,0
devgpt-1adb14dd26b93930,3
devgpt-8f51cad4deb88186,2
devgpt-194efb23835bacfd,4
devgpt-29e6b8d280b07ad4,2
devgpt-42e2db4b90153be7,3
devgpt-7e94ec60c4432aba,3
devgpt-13cb7df7b9e9c00a,0
devgpt-1ac7aba793523c08,3
devgpt-eb38d53da6d2ae09,1
devgpt-fe1dd5da483eb23e,3
devgpt-49ef0eec1702a0d4,2
devgpt-09ca3667efef6e7e,0
devgpt-305967422345bbbe,4
devgpt-b55ffe44524fff39,0
devgpt-ba3000ddb7b49a10,1
devgpt-1e562870f9470d9c,2
devgpt-dc97794755134459,4
devgpt-e6df8d57a8ad135d,0
devgpt-821359652cf06db2,4
devgpt-97074435877cd23b,1
devgpt-c6c718b098104be7,0
devgpt-877305f75f942b74,1
devgpt-4eb37f4ac05d597a,0
devgpt-c1a0a2c5151992ad,1
devgpt-49825d1b288999d4,1
devgpt-1dfae99911d8efdd,2
devgpt-f7ae619ecbebed3a,2
devgpt-ffa6d080f0e6cadc,4
devgpt-78197636d33a0618,1
devgpt-56be659b1c76c072,1
devgpt-02d0be72e1b7bfde,2
devgpt-801a7fe031dfb52b,2
devgpt-77afb67607e39de3,2
devgpt-c72ce71d72b918cc,3
devgpt-fe17f3857bb8097a,0
devgpt-98a36bd681ac243e,0
devgpt-227d36fde742233c,3
devgpt-e0b239c4cd04f249,1
devgpt-b868ace321f7a9ae,3
devgpt-fbe777224797f04f,0
devgpt-4b29632bc70ec0f9,3
devgpt-df2de2449dc650de,3
devgpt-466bfe65f5dffbe3,3
devgpt-0568cbb50fe16541,4
devgpt-000c4a138c743461,0
devgpt-771df45e978625f2,4
devgpt-8e3be349f147eee9,3
devgpt-4367d88795e03039,4
devgpt-b5e6c95380e19a16,3
devgpt-4202a7e158c4e78f,0
devgpt-a5cdfb9ffaf2c54f,1
devgpt-739553adfcc6c89a,2
devgpt-8e269dd94cdda1d8,4
devgpt-94ff0a2ceaaec3cc,2
devgpt-9193461699e2e0cb,3
devgpt-9fdf73cde7659f58,0
devgpt-f3cdc1a23b62eb50,4
devgpt-d697399b80ebf9dd,2
devgpt-134b020b0452a000,4
devgpt-17fc746d3d954358,2
devgpt-660cb265bfa21641,0
devgpt-b7aad570fb9eb0d1,4
devgpt-94ecf8c48a0713f2,2
devgpt-eba0707afa2e7bd3,2
devgpt-fbaed3002d1bed83,2
devgpt-95c00054ab22663e,0
devgpt-132d0c61346f2e55,4
devgpt-1d057d44008dc226,0
devgpt-a6bdf2b6e406690b,0
devgpt-34c13d29ef03ab85,2
devgpt-a037678b43a48e3e,3
devgpt-93d2be1ca36a506e,0
devgpt-c82c60aa324245f5,1
devgpt-b69ee489dbec0c91,2
devgpt-b13153fed3bb702d,4
devgpt-178b412f7f344405,1
devgpt-9baa9ff27dea6c0a,1
devgpt-09220b1605d61bfd,3
devgpt-48a333c6219c954d,4
devgpt-1f4ec621d8d62203,0
devgpt-ea02f3d09b0a74c1,3
devgpt-5e3f700620c5ff46,0
devgpt-c8d21cae91597a74,4
devgpt-07149fe0dce1f993,0
devgpt-5179f49abe2a91b4,1
devgpt-f7979995a60a350f,3
devgpt-fc6f3822362cfe8a,4
devgpt-ebd17436d87c292b,3
devgpt-dc955fd1e534f08c,0
devgpt-61a4e1f91d92191b,0
devgpt-c4d192a03c8ba8da,4
devgpt-1769655c543b67dc,4
devgpt-e9075f1df343f9c4,1
devgpt-47aec9b5a91eb7d6,1
devgpt-ffb9f03709cbebcf,1
devgpt-d1e93c39568acc1d,2
devgpt-eed69a0489daff9f,1
devgpt-2b0089527c806359,4
devgpt-6b561e3496b024f0,3
devgpt-b9d245606fcca47e,2
devgpt-85c61d8773b63fbc,4
devgpt-732c93d88bc50869,3
devgpt-47f19e79597a09d4,0
devgpt-da6ba6f9b3b63906,3
devgpt-0f8a41307af9b8cf,2
devgpt-80a3e8460d832fb6,1
devgpt-9def0f67756a2f94,2
devgpt-f912088847024bf3,0
devgpt-35619814cd2419a3,3
devgpt-934dac6fad21fd0a,3
devgpt-11bff0324b0443b1,1
devgpt-018e993762c9f5c9,4
devgpt-a3181749955715bc,4
devgpt-0706ab73506ad5cf,3
devgpt-d48ce9429537ef03,3
devgpt-6ed923b56e717882,1
devgpt-e6862592222d5a14,4
devgpt-f5981c54002a5732,0
devgpt-7aa3c5cec1525d7f,1
devgpt-e86c64b709417fa7,1
devgpt-6fcb669ec2e9db57,4
devgpt-12ed2c7973b2ccb6,2
devgpt-9a623e60062c1cb5,1
devgpt-119a975f54a68ce9,0
devgpt-374998a08e5bb1fd,3
devgpt-0c148d0f72210042,1
devgpt-5aac5ca0dfb45b37,2
devgpt-49cf9d5c541684bf,0
devgpt-b544cc67fcb86e94,1
devgpt-e92b3921f68a837a,3
devgpt-256869e4a6c46851,1
devgpt-3872a2a139f616ff,4
devgpt-77780bb44e23b9de,2
devgpt-635c72388ce4f8d0,1
devgpt-2540a8c29223f6bc,3
devgpt-942d1f98bacc1539,0
devgpt-7f8527bfc4196da8,0
devgpt-86ba9c50a379226d,0
devgpt-9ec9b7b146077db9,2
devgpt-21f72a77e5901ffb,3
devgpt-93a2239a8fb88f9f,0
devgpt-6139e2dddbf916e4,1
devgpt-3052c19161133ddc,2
devgpt-b5db7a1a25231512,1
devgpt-1837f4ed6a4d2a3e,2
devgpt-c8f1a45ec71c24cb,1
devgpt-7c9197d019313735,4
devgpt-9abdd30a60aadb39,0
devgpt-d0db00e4abd2aa0f,1
devgpt-59a7e80d7dd6b3df,0
devgpt-45099ac7acd8df47,0
devgpt-56fd807570b91048,2
devgpt-496870ea886d36b1,3
devgpt-90e22b69a66191f2,3
devgpt-839a95b11fded8aa,3
devgpt-a98e627720cfba23,3
devgpt-96c525c32a1504fa,0
devgpt-922891a62f7d54c0,0
devgpt-7ea143575f827099,4
devgpt-8331bd079f13ac70,0
devgpt-7d6adf3610500eee,2
devgpt-73b89727723c4e36,2
devgpt-097a939f63c73ccd,4
devgpt-c01ab39425d4a4f4,3
devgpt-0f54a1483ee2aa15,2
devgpt-1b28dcca97ec6856,3
devgpt-6e172b1a594e5c59,1
devgpt-682780e3df0be5ba,2
devgpt-9f9eb8259d0ba777,2
devgpt-f394e27071e8201f,2
devgpt-b80a221d32570456,4
devgpt-7763e953ec177daa,4
devgpt-8a0791dce6f62c06,2
devgpt-5997fd6b9c84cac5,4
devgpt-0c7ff3102fbe6172,0
devgpt-4ff8aaca48d358a6,4
devgpt-183e9f9444890663,0
devgpt-051ebdd68d5b56e3,4
devgpt-09565ee21f04513a,0
devgpt-76b9a5474c32e594,0
devgpt-43ec596f133c7ab3,0
devgpt-b5f1655856934d38,2
devgpt-572afff5c2ad99a0,2
devgpt-955598297cd3588a,0
devgpt-a8bd27cd3b69a4f1,0
devgpt-e57f21c713e47237,3
devgpt-0162b739e164d163,1
devgpt-3f2b6f44c7ffeee9,3
devgpt-5884dec33ac2bd02,3
devgpt-8e3a2293eadfc778,4
devgpt-5b66bfe508d6c0b3,2
devgpt-3f55beb2815f2760,2
devgpt-aba82cb7d97b43c9,4
devgpt-ad5010002b76d5aa,1
devgpt-28eb51ec75a2912d,3
devgpt-8dbcf08c2e74bc1b,1
devgpt-9d7613abc20ccde4,0
devgpt-a7e23e51fb63c708,1
devgpt-afc0a7ad69499511,3
devgpt-8a84a46369cf635f,0
devgpt-92cd75c361493d64,4
devgpt-dfe800461bfc74c0,1
devgpt-613758f4fc866461,0
devgpt-fd14f32a4cf04cc8,3
devgpt-e18fda9239ab3c15,1
devgpt-ba72a6cd494b2f75,1
devgpt-80f661335ce4a055,1
devgpt-90287cbac7bce7c0,1
devgpt-55372c626dc0af30,3
devgpt-3150fe70b2422a5f,2
devgpt-89261e3e85120bff,4
devgpt-12b8abbc8bb1cc56,0
devgpt-bee711f6c07cf8f3,0
devgpt-4e9b9c488dc88afc,3
devgpt-0d959d8fc743e510,0
devgpt-0036d8c1378519cf,0
devgpt-a8444f1818e8768a,1
devgpt-c17959b0db8568fc,1
devgpt-1c591fcae66235cb,1
devgpt-025c718cd9847987,0
devgpt-7727385177e9b87e,3
devgpt-c140029a9216d459,3
devgpt-2da2d3718735eec7,4
devgpt-3c08811e2e933cf7,4
devgpt-042016d92313e167,2
devgpt-3778730b26402469,2
devgpt-25191d43d26d03c8,2
devgpt-758e0e0c76dab6d8,4
devgpt-ec1120d6761ee9f5,2
devgpt-244b76484aed4fbd,0
devgpt-3fe0eca552021411,2
devgpt-475d9c03de3625de,0
devgpt-bdf3782a1f4729c8,2
devgpt-e30b3660a4ac9a82,2
devgpt-476dba3f7c543d38,1
devgpt-e51c954f01577864,0
devgpt-1b486afece7d87b5,0
devgpt-3f393f6aa22e1990,1
devgpt-da95b8ea089e40ff,1
devgpt-b65c005233f0ad4f,0
devgpt-fcddfb6e11b77e2b,3
devgpt-a802ee50331a3774,0
devgpt-8d83b3861639fc7e,0
devgpt-b7ac39daa5c24349,1
devgpt-84886a8196cf75b7,0
devgpt-c4639be4bf9a952f,2
devgpt-d6bed6bc273b3446,0
devgpt-3ff87d1f9c5c9d6a,0
devgpt-341687d96eeae1c0,3
devgpt-cfd5b17f86b1d64a,1
devgpt-0bd9b8e2a609a03e,0
devgpt-1ebd0dbc1e2b09a0,3
devgpt-705e967387646e51,2
devgpt-0be47ae1eb4a470a,4
devgpt-9628211dfc8c4979,0
devgpt-00483f57091f4f36,4
devgpt-71bdd7e67e052bce,1
devgpt-bc67cf88e5263100,2
devgpt-8eb2d3948db42ee0,4
devgpt-b048e779a534b9ba,0
devgpt-3a8d971b208145b2,0
devgpt-35f863fd4a725f8a,4
devgpt-48bfb96f6feb0d78,2
devgpt-f7e18fc3f265359d,0
devgpt-3d0ae7514f416a59,2
devgpt-7a67d15b529ded58,3
devgpt-45cc72c7dbb35ad6,2
devgpt-c8e7b0fab945ce59,2
devgpt-d2a5ca24e864abfc,3
devgpt-b57dcd0d51734965,1
devgpt-c5a5537336fbaf9d,0
devgpt-d85a35c33b10ed27,3
devgpt-6ba6b281339cc0cb,3
devgpt-addd5a3ec75feea8,4
devgpt-bef22e67bb795f55,1
devgpt-2cbf192c7ae83d3d,3
devgpt-0bb40e8329a5d14a,3
devgpt-c121e175ba6641fd,0
devgpt-c873fe789752901b,2
devgpt-4a31f9a77d7a07bd,2
devgpt-872b908b78f1f2a9,3
devgpt-61ea90d73af14723,0
devgpt-0c4d8f24b2925eb2,3
devgpt-e32e6dcfe5597685,1
devgpt-1c6637496751e1ee,3
devgpt-68cb6e1562049900,1
devgpt-0bf414e95ef2edc1,4
devgpt-599e7c1531852a91,2
devgpt-667848fc49ecf8e2,2
devgpt-c42ad26abfa2233a,2
devgpt-93f942650351ff04,0
devgpt-b4a2aaa9ec2ec1e6,3
devgpt-98ae4ec379c22da8,4
devgpt-112598e6a9e5e861,3
devgpt-8ae4d081e014bd70,1
devgpt-38b792036c2e293b,1
devgpt-de94081189fb4ca6,4
devgpt-ec6e70f3532cb4d5,2
devgpt-e63c95f8419d3a66,2
devgpt-a69fb9d8e6ef2636,3
devgpt-0571006c8ec797f5,2
devgpt-6b33004646d06fca,4
devgpt-f4c7d7f14cad4967,1
devgpt-598fcb9b45a33cc5,4
devgpt-b517ffd59cdb7bbe,4
devgpt-ca65b675d5daff85,2
devgpt-8b2603fb24a11d6a,1
devgpt-818a2e636ec824c8,1
devgpt-213ae45ca72adf39,1
devgpt-12a5adcecac30532,0
devgpt-f05fe4c690d98701,4
devgpt-00a91e73d6ec6c1a,4
devgpt-a7db6a004932c270,1
devgpt-d80f5f4e57db6163,0
devgpt-a14f03c69acdc5e6,0
devgpt-d05abc14770f92d3,3
devgpt-761fb278a6b3043d,4
devgpt-36be16eaf5063990,1
devgpt-8e77286e41e4c3a1,3
devgpt-4b9c0718895d2657,1
devgpt-e0c14c519afa026d,1
devgpt-a997ce8b918d7554,1
devgpt-f3e4fce352ae290d,0
devgpt-b96202fefef0cd0d,3
devgpt-b2bb5661ed00c127,1
devgpt-4983f1dfe6b98563,1
devgpt-17907ac68d38ee8b,2
devgpt-e0b059ed99e4b6b4,0
devgpt-49b2c4384cd571ac,1
devgpt-da8950e4b3b9a017,4
devgpt-6781221d0a915dc7,1
devgpt-eb777c2bef8ef0a6,0
devgpt-4a0369f4b32042cd,3
devgpt-c02786662a77cb62,1
devgpt-9d0a9477c1c4b7f6,2
devgpt-799e0fef1f327ec8,4
devgpt-7bfac2529912dccd,1
devgpt-9a00caca5b7d7159,3
devgpt-7f17195e502e2dbd,1
devgpt-92f9566ba0c3f904,3
devgpt-68457c30ffa751af,4
devgpt-6477f7544729a486,2
devgpt-876c20c7b1414544,1
devgpt-ba14a54e9b5121b0,2
devgpt-1dc5ecf4a45aee65,4
devgpt-3f431b9cab8e2963,0
devgpt-f9c595ba6b679569,4
devgpt-012d0e12b33a2b90,2
devgpt-526cece344b45a46,2
devgpt-9ec8bf29b43c075a,2
devgpt-91179c7619c3b725,2
devgpt-edfb7068cc4c18a6,0
devgpt-40d80bdfc378fec5,2
devgpt-268409ecc208338e,3
devgpt-59461bccc02dc94e,4
devgpt-d8ca8aa373d8a87a,1
devgpt-55ad53994069a698,0
devgpt-3102e89afb674d0a,1
devgpt-4fa3d65376850956,0
devgpt-03a1198f0ea31cbb,3
devgpt-91ce3803e78d000f,3
devgpt-50abad35643d0383,4
devgpt-c0e6f6bb6ed141ab,3
devgpt-3093117a4fa30894,3
devgpt-5234e0f292d19de9,4
devgpt-5439ee22e170dd66,1
devgpt-b3931844574ea77a,1
devgpt-f99843946dd322bb,1
devgpt-289cd1931d9ddf3b,0
devgpt-d5ba4f46261d3e8c,3
devgpt-6727261e192c2314,4
devgpt-181234f6e43ae595,3
devgpt-254fc29178d7a439,4
devgpt-7801c76c05c795a1,4
devgpt-06e26bdbd050e59e,0
devgpt-11935d8b1ef9257f,2
devgpt-47e362a3d1e8dc2d,4
devgpt-e1b39434cd7acf68,3
devgpt-63c902b68e1014c1,4
devgpt-3c5a3759f2a7826c,1
devgpt-fb6bc122a13c30e2,4
devgpt-84a4692b85f5485e,4
devgpt-aa5cf6ffb2ae01d2,4
devgpt-2e40bf76035fa73f,1
devgpt-488cc4d5731605c1,4
devgpt-339b038f28e1425d,1
devgpt-b71fd7397bd7b38a,1
devgpt-4e1d60cf97906c2d,2
devgpt-e7b138db5210c918,0
devgpt-ee25132c894c6a04,2
devgpt-f8b06f19a082b9f1,4
devgpt-5efa9fd5d6b93a48,0
devgpt-36fbfa070ec80220,3
devgpt-05e14e42fec3ce52,3
devgpt-c076e9af6d66e885,0
devgpt-3848ff3c673322d9,4
devgpt-8438d678211794c3,2
devgpt-0ab28e56665d5e61,1
devgpt-65978db669a55fc1,1
devgpt-c26223d90ee2eb53,0
devgpt-113955d67282b391,3
devgpt-6f3c9d9b08810a77,4
devgpt-6db3a1a3e11a5ffd,0
devgpt-531b42cd98e4f652,3
devgpt-42e96f2b0434fe84,2
devgpt-f5df7104639435c1,1
devgpt-68649ca82926ff26,1
devgpt-25c2764c36b7a2a2,0
devgpt-b8353d0d402bdb2f,0
devgpt-0e0cadcb1476ea98,1
devgpt-8485cefa531b564a,4
devgpt-0486f7622db735d4,2
devgpt-dd86d3ad142203ee,4
devgpt-1afa75a110452636,4
devgpt-434ca0a65e274445,1
devgpt-0a7167e21bd4a52c,1
devgpt-3df23fa38746d511,0
devgpt-81aa56790b1675c8,0
devgpt-7d607536f38f8792,4
devgpt-e79f4551bf08a983,3
devgpt-bc707fe97fbb0a64,1
devgpt-52901184893c3e1d,4
devgpt-e4439c5b1cd04d9a,0
devgpt-ca9f7941d6b948d6,2
devgpt-4fcdc3e4576104e5,2
devgpt-5c6fe9fb22a9fd68,3
devgpt-eabf273b8edbe7af,0
devgpt-fa63aa1172618b43,4
devgpt-01f77c4a6d08c8a7,3
devgpt-28bf25a797c79e25,4
devgpt-bd87d8d40453ac50,1
devgpt-d42ca04d3b434f1d,2
devgpt-f2d934c94005284f,2
devgpt-9e6c1760fc36fc27,1
devgpt-c6fbb989049af84e,1
devgpt-a8d90983919fd921,3
devgpt-98de15b509d4291d,3
devgpt-f64e7dc334fb2d42,0
devgpt-a9a96fb3a161215f,4
devgpt-4e807d1df54029e2,1
devgpt-2887aa7620cd03f2,4
devgpt-663a933eaf0efca8,0
devgpt-3e8dabafaa663f53,1
devgpt-d52df918eae4ae24,1
devgpt-6f0e3c7ad9261ab9,0
devgpt-63f04ac92cd95b8b,3
devgpt-9df9a969e1899722,2
devgpt-e84db1d76562c310,1
devgpt-0c9c3426e673701a,2
devgpt-065842a7cb24055f,1
devgpt-1eb0e17b92233f75,4
devgpt-75423d0f7e10df65,0
devgpt-626b443f70b396cd,4
devgpt-b45e5e299aa26c3a,0
devgpt-4dd91c3a70c3bdbd,1
devgpt-b7af28347298a653,0
devgpt-0bff5792d03f0d27,4
devgpt-5294cbebe7096913,2
devgpt-8318960f3e1c5ce4,3
devgpt-f26132d7d79c7f06,1
devgpt-350aa358cd0994e4,0
devgpt-a58b104cd5ce9eae,2
devgpt-630e81daccb429f3,2
devgpt-6e78f061cf9ecac1,2
devgpt-ab0908a4d1b6da1f,4
devgpt-76bc70e88dac8f56,2
devgpt-2042cf2d13f14daf,4
devgpt-5f347a6ab2deb443,0
devgpt-0a0bde42814c59b3,4
devgpt-b3fbf32aacc9873e,1
devgpt-beb9a4be21e3a282,3
devgpt-88cbdca4ddaa013c,1
devgpt-2ee07cacf0590203,2
devgpt-bb3ce7e2ae768296,3
devgpt-823959d18e40f0bc,4
devgpt-acc33b4cb5c63aa4,4
devgpt-e936b03a8e53c332,3
devgpt-94970ad8d818d389,2
devgpt-bcd6676fced0d2ce,4
devgpt-d502c8436aa2111a,3
devgpt-75a7f42e72f47289,0
devgpt-39283d6b22f16004,0
devgpt-c066d577593efac3,3
devgpt-d97276fc9dd1308f,3
devgpt-364c5641dc50627f,3
devgpt-3d9e81ba6d52de67,0
devgpt-57ce9fccc2cf8a20,0
devgpt-b037a4fe3d3b2b0f,4
devgpt-b2865f6b922839a3,0
devgpt-d21d7bd99d86946b,1
devgpt-92ddc19dfa68f7bc,0
devgpt-cf6b44f69eba56d5,2
devgpt-940f824eff8fa4dd,1
devgpt-8837a62d6015d0cc,0
devgpt-02bc89a732ce482f,0
devgpt-4add517d26cf68dd,1
devgpt-0e149df6b26c6af1,2
devgpt-fad72fec6c0b38a2,2
devgpt-13e5039ab660ccdc,1
devgpt-56136c84080e22e3,4
devgpt-19259207772b42b0,2
devgpt-0b92bef89f374fdf,3
devgpt-b0a1c79d65f6a93e,0
devgpt-85651d006a506c57,4
devgpt-9ac7ad32f67855ec,1
devgpt-88dd438091e83da5,0
devgpt-2ed8db866e25d84a,0
devgpt-03e62509debd1a32,2
devgpt-74d9477a97a176a2,0
devgpt-e0d7fada282ffdcd,4
devgpt-49ac9663bab98b45,2
devgpt-291db44ab276e650,1
devgpt-1a358ca3d0088699,4
devgpt-25095657ca463355,3
devgpt-cde1769036cfff15,4
devgpt-5718f3425ebe608a,3
devgpt-fb90458686dbb200,1
devgpt-99f9d37bee609cc9,2
devgpt-17b0dfa57cc2b1ec,3
devgpt-3aab7b9116491e5b,1
devgpt-25cca362204d7bd2,1
devgpt-3fb96f83fa3f63c1,3
devgpt-39f9f949de33b7d2,3
devgpt-e933650806fcd6ca,1
devgpt-8c3ed1f033484d23,2
devgpt-01de5363c17661e5,2
devgpt-11704ee3093c0fb4,2
devgpt-ce37aea620b968e8,1
devgpt-5e190f578e48b508,4
devgpt-6e9b08bf2dfa21df,1
devgpt-26e37052db0e0172,4
devgpt-ca657100886a2284,3
devgpt-ec73277e624d7920,3
devgpt-b9f657d54580fa18,0
devgpt-4739c8a91f5fa42a,2
devgpt-08c173912d36edf1,2
devgpt-62a611e6658c64de,3
devgpt-23be886e6eccb80f,4
devgpt-703afe81366ac7f7,2
devgpt-f2b79f53dc8585a9,4
devgpt-3cc446cfe259cd30,2
devgpt-6966113f8aa0a598,4
devgpt-b74097bf4764efd1,0
devgpt-62b5fa5f5e151d60,3
devgpt-6c97d28e6fc44de9,3
devgpt-c82b6f4db2702c19,2
devgpt-f3a224b254a84bc3,1
devgpt-b4c6f9a349c6ea67,4
devgpt-76b1bb1fa1718706,0
devgpt-9eb66ad6f38a04ee,4
devgpt-9c417d36360b58ab,3
devgpt-3935e0d8ee9abb10,2
devgpt-935e88232cc7f046,3
devgpt-434d08c08f4b39f9,1
devgpt-1a8230bd07c8932b,1
devgpt-bcfebb183fe73c2d,0
devgpt-340b04cb9de95146,4
devgpt-69d1b978a55edd5e,2
devgpt-18f57d5675fa6764,1
devgpt-813750a7787dc40a,2
devgpt-c56dea88f31f5935,2
devgpt-21a138022dd5dde1,4
devgpt-9c2b59b41e5e8036,3
devgpt-d2e427236eaf5735,3
devgpt-4a1127046a18adfb,3
devgpt-aa9ef483cd07c87c,2
devgpt-988fe4bb62803af5,4
devgpt-804e95512771e23a,3
devgpt-dad0d9ef5b1b230e,0
devgpt-1f292b597e45760b,0
devgpt-e2aa7a5307ed53ad,2
devgpt-84325770f056d51b,0
devgpt-fb9a0e28b450d9c5,3
devgpt-8883694f63bceab8,2
devgpt-0bbe019397a6d5d0,0
devgpt-dcd2c04322b495b4,4
devgpt-f97d9672185880b9,4
devgpt-d90ac260fd6c9ac1,4
devgpt-18eade1a5b0dd5d5,4
devgpt-c668882b856fd36e,0
devgpt-2a8b6c7c26cbeccf,3
devgpt-4aa44382a4394f03,2
devgpt-d6deec4438e39641,1
devgpt-143f9342b46c1ebe,3
devgpt-240313021b161184,1
devgpt-13454e8d32fdba37,0
devgpt-57a24bcfb1c300e2,0
devgpt-9034d6faff0da06c,4
devgpt-443c3117aed83818,1
devgpt-4e6cc76462c2717f,0
devgpt-8260e3c2a9fe67f5,4
devgpt-cd28af53dcced6cc,0
devgpt-40d2c819a8a90241,4
devgpt-4db0945d85c81855,3
devgpt-c3064e4ca7cf499a,0
devgpt-3fa10bd941687f03,4
devgpt-f35186a39e3292c7,0
devgpt-f3c97ee177e168fa,4
devgpt-2110b0250eec14b7,2
devgpt-f41628edc6e5beb1,4
devgpt-e4efdb0e4524fac9,0
devgpt-2dbfca4cc032f09c,4
devgpt-4b723b04146ac144,0
devgpt-0e3515b65c9d7d5d,3
devgpt-0716af01a5871152,4
devgpt-d6fee6c18152087d,1
devgpt-190c97862c8040fd,1
devgpt-576362ab2d304e53,0
devgpt-8bdf48acc01f0826,2
devgpt-8be0638007cddf63,0
devgpt-0a7afd9bce1216e8,0
devgpt-1f38249466742350,3
devgpt-68a64e183b539ec8,1
devgpt-91a1f1bf8e870832,0
devgpt-8e3c3d36e17a3b77,2
devgpt-5c122e993a746dac,3
devgpt-9b6bb46fa08eecf0,1
devgpt-58cc7faa8cd10092,3
devgpt-58842019e0e456ed,2
devgpt-3bdfba374bd03604,0
devgpt-260751ebdac89340,1
devgpt-283458f8ca73537c,3
devgpt-a12f7950151dd22a,0
devgpt-3c394efb936c266a,2
devgpt-9710f687e74ec28b,3
devgpt-bd7a3f6f4a3ea97b,3
devgpt-23c9408ff935a131,0
devgpt-1a42219cc8fa47e4,2
devgpt-1680965842bde138,1
devgpt-46ab032659f6d968,2
devgpt-067b3666aaf32479,4
devgpt-3d2ee9546066613e,1
devgpt-7e520cad97541a3f,0
devgpt-c17456b4bc955465,2
devgpt-3de4cd4c42bac349,2
devgpt-1c1a29c2d13f2b1e,2
devgpt-dfe7a873ca095679,1
devgpt-cb19f76f877400e6,2
devgpt-a27a5f676d644072,0
devgpt-478e6cc8aa3a21c0,4
devgpt-e7896100dee6c323,3
devgpt-6e7f7c6ba29ad747,0
devgpt-68f8ea5bb7432042,4
devgpt-32cdfa28e60e730c,4
devgpt-f84eeb24f712cb30,0
devgpt-80fdfc9f012afc2b,3
devgpt-37d22d09559a9a89,0
devgpt-3f72c9e3adee5394,1
devgpt-02bf58b0e6ee0a83,2
devgpt-adafb8d0618e9fb6,1
devgpt-2ff3098d1326473d,1
devgpt-4eb3b1dc2dfb4ee4,3
devgpt-fdf192ddb1ea2c2b,0
devgpt-7957755ba69d0712,2
devgpt-484b68300170d807,0
devgpt-35a930d8fccc8713,4
devgpt-a1fc4950eb729ffc,4
devgpt-43da2049e3bd3b10,2
devgpt-48b153c133eb05d7,0
devgpt-9676381d66009f0a,4
devgpt-a612e6156c684d87,4
devgpt-611bdc7b59ec5b9a,0
devgpt-ed4972e51b161ce4,1
devgpt-cb3bd305d1f6672d,3
devgpt-315570b0d307cfd5,0
devgpt-7584545b215ee696,0
devgpt-83a5b21ed61f370e,1
devgpt-799a0eaf997a056d,2
devgpt-a3409c888d0d8409,2
devgpt-239722588f0d9fd7,1
devgpt-8d4aa773bbfe37bd,1
devgpt-bd20604b68e9bd65,1
devgpt-bfa6d6a927117b79,3
devgpt-0de49871dbeaba60,3
devgpt-ad28cd426c338f45,0
devgpt-875004e76c6f72e1,1
devgpt-7bd6b467c780119d,2
devgpt-1004767fc82970b6,3
devgpt-4ae250fdabb70be4,4
devgpt-a74264dad85e825f,3
devgpt-6455a4773afc05e5,0
devgpt-86a81b80688c0156,0
devgpt-644facd6826e5ef3,4
devgpt-3f0f02de80c926df,1
devgpt-22a63d5d821666fe,0
devgpt-97f4b7f5a85458f8,2
devgpt-6c33fba14e87ebc7,4
devgpt-51e2996d824ca24a,2
devgpt-ca9bd41ba5280abb,0
devgpt-9e654b430dc9a61a,1
devgpt-f7c7b8026a1ceb01,3
devgpt-6a646fa85a59b55c,2
devgpt-4f7fb27705e444b1,4
devgpt-0a61afc97cdd3640,1
devgpt-44da428dec75085a,1
devgpt-c59247aa0fa13b4e,2
devgpt-b283574632e0d993,0
devgpt-354756923a799c99,3
devgpt-45f3030200520324,3
devgpt-8b5aed0a5051719c,2
devgpt-33897c67202083e6,4
devgpt-9dff989463164924,4
devgpt-9c9cfc5362c22752,0
devgpt-7906727b9950b33e,4
devgpt-b64ed08cd6f65f27,2
devgpt-9333787549d19c65,1
devgpt-35dc4c81136fe1c8,2
devgpt-9ecec6604cbbd1d8,3
devgpt-ba1d74a4c98532a4,0
devgpt-d64f4475124f28a4,3
devgpt-035b9cb6f371abed,2
devgpt-e36fcd1d46f28658,4
devgpt-2c5c77f11cd0453a,1
devgpt-1cc6ab059482abfc,0
devgpt-df17e62c5e7a73e0,3
devgpt-ce2a421059f6c7c5,0
devgpt-7902c630ea02365a,0
devgpt-68d9b9443f4d3141,1
devgpt-ab25705eee87cdf4,1
devgpt-e18fdbbb05ecb310,0
devgpt-ffc325c547275060,2
devgpt-d4e09c3dccac6188,0
devgpt-3948de3384606bd7,2
devgpt-4a8fdb6a8c60909e,3
devgpt-84f0893e4c7e7538,2
devgpt-b5cca21d1f02094b,4
devgpt-53fd9a67060a08c1,1
devgpt-015fc1e4427972b3,3
devgpt-4fbd739484605076,0
devgpt-d4c5b57b08ea0e1c,3
devgpt-78b9914637e20c65,3
devgpt-67844827a8c8cd3e,0
devgpt-568bdb81c65f5a95,1
devgpt-df21e4967aef0ae2,1
devgpt-b559bdc38acdc682,4
devgpt-50c763a9c80c8f28,1
devgpt-9b16e849237cadad,4
devgpt-62be81b47e98dd52,0
devgpt-b0e47674cc73bdec,3
devgpt-101c2d7f71fae1e7,0
devgpt-c20c617792036c4f,4
devgpt-23ed120e9f708bce,2
devgpt-65827158a9095f23,2
devgpt-e8b3eaab3c10b95f,4
devgpt-1ded92a5d4249abe,2
devgpt-b4925e88168bb170,1
devgpt-5a6722b0e5cff20b,4
devgpt-47d352d833fe96e5,4
devgpt-5b648e906a3789bb,3
devgpt-3bec73dd3fe9d972,0
devgpt-272b8e98d3586a26,4
devgpt-1bad1415de05cc1f,0
devgpt-522792cd65ecb3dd,0
devgpt-dc9ed768072a0f46,4
devgpt-383983c4030ec3f8,3
devgpt-65651b0e33e1eaec,1
devgpt-40dcdb518ab8febc,3
devgpt-449c0bc07eee5647,0
devgpt-cf2dfaac897f5976,4
devgpt-61ae3ad8de6090ab,3
devgpt-3f91668bc22b107d,0
devgpt-d4fa80ea6df72afc,3
devgpt-f4901333f5c622c0,0
devgpt-a785f5b46eefa3af,1
devgpt-15ea73fabc2fbe0a,3
devgpt-d77e566b137f0126,0
devgpt-678826625880d20b,0
devgpt-0f94c2e8e98f2a62,3
devgpt-3c01a55636f5f27e,4
devgpt-96c6365b42aeffd3,3
devgpt-835756c25a97d072,0
devgpt-75e3ced707333350,1
devgpt-448153f41844246a,4
devgpt-8957209603f9c4d3,2
devgpt-27c2e705d73916bb,1
devgpt-ccf5a0a15aa12919,3
devgpt-973b01a82672cb93,4
devgpt-6ada92771e8f0150,2
devgpt-48fbf54266e13129,0
devgpt-99a087c440ae3d41,4
devgpt-e2b44fd55184135d,0
devgpt-85690b97e1384797,1
devgpt-12d89f716fab0c03,3
devgpt-d1b1c6f42958c554,2
devgpt-15ede106cc69d40d,2
devgpt-b25e23ab9886f4a4,0
devgpt-e5c7ff71d7df702d,1
devgpt-72bfa28d2c2fe87e,4
devgpt-af6649430fb47377,4
devgpt-1605b1d77291e7d8,1
devgpt-b0098d84484b871a,0
devgpt-e00bb3d83b7b8c17,4
devgpt-2ea75ea88f9867a2,3
devgpt-f218252e7bd58da3,4
devgpt-4bf9202854a371a2,4
devgpt-5add44df8dfdb2b7,1
devgpt-2491b5897a9e73f3,3
devgpt-0e0eff53d7a47411,3
devgpt-3bca85ee798b8b5b,4
devgpt-b6238a2b0b09ea21,4
devgpt-8de426b6f4ac3813,3
devgpt-309d1c8856fd9ae3,0
devgpt-2645cc271b53ad0e,4
devgpt-56d7f4756c5d7511,4
devgpt-41b94ca6adb11ea8,1
devgpt-d35cc36932037019,4
devgpt-4fed514b75dc17df,4
devgpt-3d39b62353ddcc6b,1
devgpt-d06ef277dd469c3e,3
devgpt-b4bb611c5d7e57fb,3
devgpt-8d907c14a3df7f6b,0
devgpt-befdd2386c16bcc4,1
devgpt-2ffab76ba135c412,0
devgpt-43772bd99eb75b07,3
devgpt-b4297df123898635,4
devgpt-bdfd3bb2cdf9aba8,4
devgpt-1bf6847c8a497762,0
devgpt-df284301daedc952,3
devgpt-f92a1bd3defc58aa,2
devgpt-ab8006cd88b6f9e4,0
devgpt-b0f894636d940ea0,4
devgpt-f7fbb742b68531ca,4
devgpt-492c219d2bcdd120,3
devgpt-dcdbc55c91bf41c8,1
devgpt-91d4e295c4cd2f96,1
devgpt-d85b39b64bd7106d,4
devgpt-57359e0f24aeb957,4
devgpt-f6d6ada50438cb6e,3
devgpt-4508228542681379,4
devgpt-405b608adfd6ee66,0
devgpt-8f5e616d111f5c94,3
devgpt-b3b4afcc48035ec5,3
devgpt-7ac73990e1befef7,4
devgpt-e352326e5d52d6da,1
devgpt-1a10c9a92677cfd4,0
devgpt-899650fbf0cb161b,0
devgpt-7f017c75419171e5,2
devgpt-7b622d58cccca9c4,4
devgpt-d14cadb45c642f4d,4
devgpt-bca864c175524371,0
devgpt-42ff00473447433d,2
devgpt-669794dd84096d71,4
devgpt-ac5d9acfd807700e,3
devgpt-b47fc98f90d56aef,4
devgpt-800b47c65d15b581,4
devgpt-5cb9b3b1dc30c7f8,1
devgpt-84a8a61a25b9b020,3
devgpt-980a157ecebdcfd6,1
devgpt-b3961ec00fd496fc,3
devgpt-87f2e43747e281b6,2
devgpt-7ea70457a17c2fff,1
devgpt-1c084fcb9e11f8e8,1
devgpt-344150461e240ee7,0
devgpt-7e2d89b2bee23ca9,1
devgpt-2751d7a5fa2af159,2
devgpt-688cceaad35c0646,3
devgpt-55d81487157578bb,4
devgpt-dd9af31bfc9e07f3,2
devgpt-d6a3a63e9d12ecfe,2
devgpt-5c8d4eca45a24e6a,4
devgpt-e3e1cd170cc4fec9,1
devgpt-0d795287903a901c,4
devgpt-8fec20c634475748,0
devgpt-77ae33f09ff67a8f,1
devgpt-ca7d6bf9e51679b0,3
devgpt-b71e8c79e68cae54,0
devgpt-5608b963f9a05e7f,2
devgpt-30b8fec7e28626ea,2
devgpt-59daa7ea2af6afd3,2
devgpt-7be3c6eaaf509a26,1
devgpt-e85043c0d90a3ffd,4
devgpt-273711cfc84ae73c,0
devgpt-969692b58aaaf012,4
devgpt-c633c2941f36ba9e,3
devgpt-559516300bec61ae,4
devgpt-02595529e6e78fed,0
devgpt-96a80feaa9d482a4,3
devgpt-d6dba60a24ebc1a4,1
devgpt-0b925aecf123fa46,1
devgpt-b5e0bb39ac4da087,4
devgpt-6862e6a4b4baac77,3
devgpt-bc831da5b14377fc,3
devgpt-b3cc496656476da7,0
devgpt-1c46a20c8db9c228,4
devgpt-b6a25dacbebffc64,0
devgpt-3b87d66d8dea3d66,0
devgpt-701407eabe31a2c0,4
devgpt-d631d50ea0cd1592,4
devgpt-5d213fb98c04f977,3
devgpt-c7a69b443fb3a16b,2
devgpt-4d06ee22c6352573,2
devgpt-970512f8bf6cf649,2
devgpt-fd19966553deaf90,0
devgpt-d057eb9d85ba029a,2
devgpt-3b9a70368cf91ac4,3
devgpt-e8255e983eec48bb,3
devgpt-b2d2c87503732f9e,2
devgpt-bb4633e6a4e007ca,0
devgpt-11e9f24afb4a38e0,3
devgpt-3665efe96975a859,4
devgpt-0d204783f86633af,1
devgpt-f927e2f6fe22df06,2
devgpt-3311882627b56af6,1
devgpt-381d334f68f73371,3
devgpt-962f18f3dc9d81b2,2
devgpt-2e1ba369df1ce143,4
devgpt-f4983dc1c225717a,3
devgpt-d997bb93b86fafe5,4
devgpt-509613b5587eb6d5,2
devgpt-b00682ba72f3562f,4
devgpt-15257a2da04c7705,2
devgpt-e4bdbcb8efadefa7,4
devgpt-944f057099ab71ed,0
devgpt-25829c7c8d757429,0
devgpt-697f8e40eb1c287f,2
devgpt-ca6633c2f65aa3be,3
devgpt-fb06189e05971770,3
devgpt-2ce76c59f1c72bc9,4
devgpt-c251a9215bb73ed0,1
devgpt-e3683c9808bd7f77,3
devgpt-565df0f0f2ca1363,0
devgpt-85e2e5b88010359d,3
devgpt-0de78440577a055a,4
devgpt-88e5f4cdc9d638c0,2
devgpt-c5014159454b5cd7,4
devgpt-11610f911d39f30b,1
devgpt-468b2b09bb6d22e6,4
devgpt-f36a84b8a1aab9cb,0
devgpt-5202dd7a9318e309,0
devgpt-066d863acd621a1b,0
devgpt-e4a591de8b2f3f14,4
devgpt-d99c0c11436c2a26,0
devgpt-2f6543983262c1d4,1
devgpt-d6d02038fb2cdc10,2
devgpt-5517304332a1b221,0
devgpt-50408f5b209b663e,2
devgpt-13b40acc4e0e9ee9,2
devgpt-fcea9e10bd9ca0ac,3
devgpt-396362491cc3cc90,2
devgpt-869448483cae8f05,3
devgpt-f17fd7f9122d29f5,2
devgpt-17fe2676549b6b6b,2
devgpt-7bda795c429ccb77,0
devgpt-cee487a458f4bba9,4
devgpt-3f383d94425075bb,3
devgpt-8b7b526b04eb0726,3
devgpt-f87d7659b02c20e2,0
devgpt-9e39b913d012ca18,4
devgpt-3a71e248989daccb,2
devgpt-ee93661d9700db0a,2
devgpt-b08af49c38d8f045,0
devgpt-0a00aff26f9315b0,1
devgpt-e2c9bac4b01d4081,0
devgpt-f0348ef25dcae0d6,0
devgpt-160293a1c1cab5f9,3
devgpt-531bc6c638c190be,0
devgpt-c583c96e5a358c63,4
devgpt-04d3226913cdc8f0,3
devgpt-df0313b969f67c14,1
devgpt-bd500d0624c2728c,2
devgpt-7f8faea0b60ff448,3
devgpt-987a8933952ba177,2
devgpt-83b411685f536087,1
devgpt-ee32a4edc0ea853d,0
devgpt-388acd0f50fad1ec,4
devgpt-76651f695dc94c45,1
devgpt-a4fe2ccf7d6fc618,3
devgpt-90e3ed2f434a5f66,3
devgpt-e619e48922e4c2ad,3
devgpt-d10e59ac85cf6e59,0
devgpt-d2ceb262a6ea009e,4
devgpt-3f8f8207f2436364,4
devgpt-ee4dffd11ad9cf71,0
devgpt-721b101f485f52ac,2
devgpt-0b27fb935fa2b1a2,3
devgpt-c3bda373e4a835b7,3
devgpt-6948f01b2d1ec1d6,1
devgpt-8a4570c1866e4f4f,2
devgpt-016e6b969ec88b30,3
devgpt-aa732c2038083d71,0
devgpt-5b215ceeef3bbc54,1
devgpt-e12d59a524e13bae,2
devgpt-8fa49cdb2f5d3c56,3
devgpt-ecea96d5ce48ba14,2
devgpt-edf2d7fc9fcb7443,3
devgpt-1d36516fbde7efad,2
devgpt-e123456cfe30130a,2
devgpt-51dc21b1f8bac0d8,4
devgpt-e33b4a0cf27fd17e,0
devgpt-1cbb78f7750b16ca,1
devgpt-322939b244dce1ee,4
devgpt-2aad8e487e68cb5d,2
devgpt-e50a32bf34fb039c,2
devgpt-e678480cdc545d68,3
devgpt-cfaf7a93f7540c96,0
devgpt-e06001f33c2fcd31,3
devgpt-23328cfae463cc75,2
devgpt-3629c77bc47e7fa9,1
devgpt-c244f6b12e6d3a5a,4
devgpt-4e260d581fb05adc,2
devgpt-5424d19e23651d14,3
devgpt-e6cb27353d0e64cb,4
devgpt-9609a59086638a03,1
devgpt-6e13f0e370fe69b1,0
devgpt-ed70a864ace3980f,3
devgpt-ab4a66488e1a9adc,4
devgpt-1ad8af6d20b70e35,2
devgpt-fc9bcd267343f20a,1
devgpt-89f2f4cd48428dd3,4
devgpt-dae5d876ef76f949,3
devgpt-df494ad4c0b230c3,3
devgpt-90508d66a3ca0aaf,0
devgpt-02a3f8b67349fcfc,0
devgpt-57a8cb59483007cf,3
devgpt-ca7e6502d5434039,2
devgpt-60cf11aeb99c832a,0
devgpt-a457e3266d6327a3,0
devgpt-b152736014bf4d4d,4
devgpt-9493fbead7a84c34,1
devgpt-1bfce95ad63ca7e9,2
devgpt-60d974b85dd47ed8,1
devgpt-b221b08997f21b11,0
devgpt-6f9e5e690c8b4377,2
devgpt-62a135f2bb853254,2
devgpt-aa093e0f39da2d3d,2
devgpt-e8d94fe6f3a32140,2
devgpt-42ba30c27de5f6e7,4
devgpt-50c8a6fd2fcac2e4,2
devgpt-50068c2a324594e3,4
devgpt-b8c90ed595cf3ce4,2
devgpt-62ab5190f500512e,3
devgpt-9aff637e5dc6f08c,0
devgpt-89a231b6aa7ba951,0
devgpt-49b50852dae74caa,3
devgpt-fa6b6d2ead32190b,3
devgpt-5665f264f44f7340,2
devgpt-5b24498529d4180c,0
devgpt-5a1a98ac07f41126,3
devgpt-c293c8c3dc9d0291,3
devgpt-8d2d9ed6fcaeeb52,0
devgpt-883fe30525de4849,2
devgpt-63d7c779c392b872,1
devgpt-935788d0b9416a5a,3
devgpt-c7a560885bad94d7,3
devgpt-e50a69ae65c13f08,2
devgpt-bb65ac6377730b14,3
devgpt-a2cb8b24c8c1477b,1
devgpt-d832fecc5b1595b3,2
devgpt-2f8ba5612daf1cf0,3
devgpt-e6e85946efd57ea8,2
devgpt-fe3157c58a1d1105,4
devgpt-4014b291a786a9a6,2
devgpt-9194f1c33d382cc0,1
devgpt-f43072f4f61b41f2,1
devgpt-6a00014f1a1567a8,1
devgpt-a494fcfb3e0305f9,4
devgpt-6ea42db0d7321e2d,4
devgpt-ed586a6979932708,3
devgpt-71b96f0db0e74d05,2
devgpt-7fe3b7f1ecb7aa73,2
devgpt-9c34f156cb6d5ccf,2
devgpt-62c4a8342bdfa7e7,1
devgpt-eb2da701f7bb8f59,0
devgpt-4edb5526f704e9e7,1
devgpt-1409b5217caa8e0e,3
devgpt-225e3d40e9dd0cce,0
devgpt-9a2767f7fe02a815,2
devgpt-60e438a6e7a6ec38,4
devgpt-f1b3c6b5bf96c0cc,2
devgpt-f7072ea9e5aaa276,1
devgpt-06b9110c1802d982,0
devgpt-a6f7b16f0a815cd4,4
devgpt-a6fd8782c5543835,2
devgpt-cc2ee6d6e9149304,2
devgpt-2cec6861a29689c3,1
devgpt-6d0c8fce5a9f298e,2
devgpt-937dea245a583cd2,3
devgpt-edf8622e20c44356,2
devgpt-7f0e856d3be2e6d5,0
devgpt-810873b19ab7a1f2,0
devgpt-6c4709da9f06e4d8,0
devgpt-bd3ce97f7c6ac206,2
devgpt-5c2eaed547be6ac2,2
devgpt-f68d3e38d1dd55b5,2
devgpt-ae45248d1ed829cc,3
devgpt-52df60a6bd896763,3
devgpt-b4e892a710d7bc31,0
devgpt-72956ea39e8866d7,4
devgpt-4de3806f80c4d4cd,0
devgpt-2524ecd1f07ad955,2
devgpt-db6bbd0ee2615f4c,0
devgpt-0fa40fb9f761d932,1
devgpt-5d0afba19699fbdd,4
devgpt-02d475148e891f00,3
devgpt-58f8ff65182a7300,2
devgpt-c60e4d07b31efaca,2
devgpt-7a6122324c8f51a7,3
devgpt-937423506c411969,4
devgpt-990f0ad8225a1f68,3
devgpt-5aee8439fc9413de,1
devgpt-941d69be34cf15f9,4
devgpt-40e54041dafd4ad5,3
devgpt-d2f6bbe6e7ef6a48,2
devgpt-b06a61b5b0890dbb,4
devgpt-004f839e54e9c890,2
devgpt-9c0e036a0f8c638f,0
devgpt-84d2e0506ea51420,4
devgpt-2240b1096ab26268,2
devgpt-54a7c3aa968c519a,1
devgpt-cf4f47eb49731d14,4
devgpt-10ee86275a19db05,1
devgpt-d5db67dcdc3c67ed,2
devgpt-76abd3551d3ef12e,2
devgpt-78f9075d1a283670,4
devgpt-e3aa294131e5b17a,1
devgpt-83a685493a90631b,1
devgpt-e839ea49ec542515,0
devgpt-7a0bd18b521f6cb3,2
devgpt-4be085c98c888264,3
devgpt-b98e9544ab0dfef1,2
devgpt-15ef0ee918e5a745,2
devgpt-f36e88c016a98cd9,2
devgpt-8c32591e114ec9b1,3
devgpt-c6faa226c8429077,4
devgpt-15eb7ed18aa3331f,1
devgpt-3746bfd47ab104da,3
devgpt-6710db32b2fab74a,3
devgpt-926fefca42779cd8,0
devgpt-1ee5da4cbfcad5f5,1
devgpt-f0475bf6e890a7a6,0
devgpt-76d9e9b24f17c38d,0
devgpt-1fe993bb9215c48f,4
devgpt-e8acf587094eea4d,1
devgpt-692b4b282bdef4f8,0
devgpt-d489b38d9233fa67,3
devgpt-8b3b7c306a3f0852,1
devgpt-2a63293fea825719,3
devgpt-6408399a00e44381,4
devgpt-57e7e9184d66c44a,1
devgpt-6a34fa0a33f896b3,0
devgpt-7eeffa6e19bdee32,1
devgpt-0c38a61260068edc,3
devgpt-10ea17f08af2bf63,2
devgpt-93781e6c9fd07cf9,4
devgpt-efad397347fe4c95,0
devgpt-f9d53925b3c4f29e,0
devgpt-85ea73ee0ee3be0c,3
devgpt-f298b8c71121503c,4
devgpt-4bb691c8d126acd0,2
devgpt-b26cc309ca600595,3
devgpt-8922169215031905,1
devgpt-e91ea61d97d740df,0
devgpt-4bdfce288d8a152b,3
devgpt-745c7f78fee2ac02,1
devgpt-53e2fd006b109f68,2
devgpt-c8a2e6b997aa41c8,2
devgpt-0355ee099b66eb36,0
devgpt-68101921dad12ae0,3
devgpt-62d971f2fab50ec4,1
devgpt-48dbf550ca621e03,3
devgpt-369a55ad70811573,1
devgpt-47919943385e515f,2
devgpt-cac171d2a13b663e,1
devgpt-e39321ed28ce0508,2
devgpt-646e84787e9db6b1,2
devgpt-e78b1575b581f220,0
devgpt-23943099be08a959,0
devgpt-225947aac106c5dd,1
devgpt-bd9d304995200de9,0
devgpt-3c8be1e2a6a7cb90,0
devgpt-edf681b44dcc4670,0
devgpt-8b4ca2b3805b2cac,1
devgpt-cd183c64f8833216,2
devgpt-c935f99d7eb11e71,1
devgpt-508b3ede0f1fb21a,4
devgpt-42bcc3b90d91b324,1
devgpt-a49ba7ee7ffec565,0
devgpt-4b26eb9d03d9afe2,1
devgpt-4dc25544df5b66c0,2
devgpt-9e123de31717c2b3,3
devgpt-28d74ce948245563,2
devgpt-dab22a64f25ca188,4
devgpt-1e17f55a1912bf84,1
devgpt-dffa4957355578a6,0
devgpt-16e4ebacb5162ae5,1
devgpt-08750b0adb11373a,3
devgpt-e663f00f1a80db72,2
devgpt-f46c287f65b6b38b,2
devgpt-48eaf8cb71456471,1
devgpt-7989632ff0143be4,3
devgpt-ce688e9d8fd90672,3
devgpt-9e84d6e26d194797,0
devgpt-ecfdfe0ca7644e32,0
devgpt-a8d4469d1f8464dd,4
devgpt-067d1dd7d1c92b81,4
devgpt-d699a52d7fe75179,4
devgpt-40b852154da9413a,0
devgpt-927015780e8ef00a,0
devgpt-4de65fc5a789abfe,3
devgpt-a4e736f7ea2bee40,0
devgpt-39b891c770422646,1
devgpt-454beb41fb85b33b,2
devgpt-d1dbd17abe8af805,2
devgpt-214d4e55ecb7785e,3
devgpt-5387bc6e15b28e3b,4
devgpt-783fcad4386f515e,0
devgpt-20be0f34b3d4593a,2
devgpt-14e4b71e8060f96f,0
devgpt-4de1c6774cf3f5fa,0
devgpt-af00875eed55a0df,2
devgpt-735e26d6879cbc76,3
devgpt-1b35aaad79e90106,0
devgpt-c2f6c264e9689f3f,4
devgpt-ed20826ffe069e2e,2
devgpt-dd64c962bad65740,2
devgpt-374eba88c91b83c1,2
devgpt-8e6dcfce09cdae6f,2
devgpt-d97be3c288248b31,1
devgpt-35a7a589a57ef8be,1
devgpt-0d0ac5f5e4fbab8c,3
devgpt-532522a50ea12e5e,3
devgpt-37d542a7788cad55,0
devgpt-fc80f9aac2c88617,3
devgpt-175de767289e53f2,4
devgpt-e5158766b3bf1a04,4
devgpt-a8fc044fcda22ad6,3
devgpt-ad185e812fa6c9ed,3
devgpt-aaa9cb8517744dc5,3
devgpt-1cc3737212c10b6c,3
devgpt-40baf51377cd3cca,3
devgpt-b0399c46248fa3e8,4
devgpt-8bd8fb337420e90e,1
devgpt-b5eb5a96a1e9a109,0
devgpt-699a8a8e71f5272d,1
devgpt-7c23b529e7936abe,4
devgpt-7e3241c9f8182eda,4
devgpt-02ee6bbd22ecf253,0
devgpt-20c18c4a35c4e94c,2
devgpt-b02ea1f0db0d4a51,4
devgpt-fc0c3866562eeebb,1
devgpt-07bf595fe497bc36,0
devgpt-9416cc28c15c8ccf,0
devgpt-d1add12ff22356fa,4
devgpt-9181bac40e5913d8,4
devgpt-68947dafce175b7a,1
devgpt-780cc1d3b99a8ff3,2
devgpt-45309fea98cdb3a1,2
devgpt-68ddbc63b92abffb,3
devgpt-ccfe7692af97bb3a,0
devgpt-9f593b3ba06213e0,0
devgpt-8a46a15cd7dec0e3,1
devgpt-07e58005867ccbbe,4
devgpt-36d6fb25af516c3c,2
devgpt-44e6923aa7c41067,2
devgpt-19a0e181d36b1fad,1
devgpt-9ec0cfd622f6c719,1
devgpt-de92af4e06c958e7,2
devgpt-afe633f8bd6df54a,3
devgpt-b3556d89fef281f1,2
devgpt-34197b1e9dffc570,3
devgpt-13d14eb616a47973,0
devgpt-86a97e4dcdf27745,0
devgpt-efe8240193a4863a,1
devgpt-a2d12fad36b3dd91,3
devgpt-711dda32b18dfd91,3
devgpt-4f6ce96ec1642002,3
devgpt-506b64f734a96a9c,1
devgpt-e966c64acb1964f9,1
devgpt-08c31ba4373d670e,4
devgpt-8d7e98938cad1e80,3
devgpt-f274a5ea5686e353,2
devgpt-4034ed403e8e8904,0
devgpt-754bcef20e10278b,1
devgpt-94a1b95093d7ab58,2
devgpt-15ec6d0237326232,0
devgpt-56f978606604065d,0
devgpt-bf9b1c1a2e23cd14,4
devgpt-dda902a63003af23,2
devgpt-bab83cc6111c5146,2
devgpt-18c2484a4a2b3f35,2
devgpt-2280ccdb37119871,1
devgpt-4a91a3be741102b5,4
devgpt-e2a36b94774de10a,1
devgpt-59623949c209e304,2
devgpt-523fbef9faff37a7,3
devgpt-fb6e4a582d303e5c,2
devgpt-4a211f45bc3b8e11,4
devgpt-c8dd557995b716eb,0
devgpt-77cce81990107e90,0
devgpt-b424beaba78046a4,4
devgpt-9f5213760d7fe0ae,3
devgpt-0c2854a35ee9fbca,1
devgpt-742fa4481a6909c6,0
devgpt-dfa845e04b8f5bb7,0
devgpt-298a95952a2cf899,4
devgpt-ccf2b14670e28cc7,0
devgpt-a8f5d318d256b5a4,2
devgpt-d84eae20a230690b,2
devgpt-401f9ff2f88ef137,4
devgpt-f92729b19caf63da,4
devgpt-054c8a93d53563c3,1
devgpt-59cfa7df4a6be796,2
devgpt-ab1be3a7cde2e35c,2
devgpt-6595b292255da910,4
devgpt-e2577413a1b64255,0
devgpt-3ce7f63a974b2e1f,1
devgpt-381f637dcd277d5a,3
devgpt-be1909f74a8d7abe,2
devgpt-d91609d0b93a0c8b,2
devgpt-f3745c0a1a1a16da,3
devgpt-49e4fc2bd91d242b,0
devgpt-f5e72ba576c92c9d,4
devgpt-78d0c4131c4723a8,4
devgpt-c9413fd2b4413ce0,1
devgpt-8520f5198475e9dd,0
devgpt-2c7a878b6e5ced30,3
devgpt-a49ab343e8f376e8,3
devgpt-d68cf35a936964f4,3
devgpt-ef729c155a4141dc,4
devgpt-ee8715c4fb4873aa,0
devgpt-bd965996d998a1a0,3
devgpt-4176b0bbd6ea8bb6,1
devgpt-eecbd4a21d3f695c,4
devgpt-3672c2d23809998f,2
devgpt-8c0e6cf6cfc8efca,2
devgpt-c6b6697ddf4885e3,3
devgpt-332c7308b7df0391,2
devgpt-dc4f495f760a26ba,3
devgpt-8b077c6efa4cdb14,1
devgpt-91dd1cb968eac7da,1
devgpt-910b6325891078e1,4
devgpt-138e8d8f4508a6ac,2
devgpt-7eae3b15ad676092,0
devgpt-c6f69add685a862f,0
devgpt-12e09950fb0e3890,1
devgpt-822c8998bf37d877,1
devgpt-5d9bf51b332bb498,3
devgpt-21fb2c7e795111cc,3
devgpt-c5c3c2af0ee03201,0
devgpt-d7d516a685d49e23,4
devgpt-ae68c2b583169e59,4
devgpt-00f01d85bb5e5eb4,4
devgpt-0b81080aa91e3ca0,4
devgpt-bb3fb864cd9775f5,4
devgpt-d998248d8db2ae37,2
devgpt-c7c3c00093fd0b57,2
devgpt-89799668076e1a42,3
devgpt-d8e6118fbbc02046,4
devgpt-d218fb775085d63b,1
devgpt-3164595d05ee09b6,0
devgpt-3a81c9deef58d852,3
devgpt-e0121881c8801b9f,1
devgpt-3d7e8222a688348c,2
devgpt-de8d7abe25227556,3
devgpt-8c5d6ab153e30603,0
devgpt-7c7f106190060d5e,2
devgpt-0fcaf6470bc0fc1c,1
devgpt-cab7b2b5b2816c39,0
devgpt-a7d8b097158f1f70,2
devgpt-1fae88e9ff23bc55,2
devgpt-38b13fe1a816b533,3
devgpt-8d6f07803420b146,3
devgpt-b449451a24545c96,4
devgpt-01fedf6d6c82c748,4
devgpt-a4f6c9f22bda946a,3
devgpt-9ca21963a353e60f,2
devgpt-be0a055256254f66,1
devgpt-b913536df1f356c8,0
devgpt-91fe6ec4c5f56d68,2
devgpt-4889b791cfcab431,0
devgpt-278ea6ab052f5a32,1
devgpt-9f345cf8ed0b6839,3
devgpt-27373d2c270c13c6,1
devgpt-f319de0ea146b7de,1
devgpt-03a94cc787d4e94f,3
devgpt-16433a47c549f283,3
devgpt-007a3828048a2994,1
devgpt-5d830bf721bf09da,2
devgpt-42105f16fb077bbb,3
devgpt-d3a137ba450d52ff,2
devgpt-e5a2b01942f17c7e,0
devgpt-d9e3046c941f100a,4
devgpt-36a44d418fbe5412,3
devgpt-42430daa0c5b323f,1
devgpt-f964670306d8a7d3,1
devgpt-f8536ce05d7fe234,1
devgpt-eca3d01d37366bb3,1
devgpt-e1d690dc50fa2c42,3
devgpt-ac18d80391b5d563,2
devgpt-3106bab20b37c514,3
devgpt-345518cac2e7b60f,3
devgpt-f2bc7b1ad3828955,3
devgpt-3c1d83ce5342c175,0
devgpt-72b8eab6c0d9fed0,1
devgpt-87ead90e59398dd1,1
devgpt-653c88c47d612d2b,3
devgpt-b83028a7f3fdede5,0
devgpt-dbe5dc16be0ad219,4
devgpt-e90f2fc741390b07,0
devgpt-1179ee5995739127,1
devgpt-73181b757cec922f,4
devgpt-e39e5e2c139dd413,1
devgpt-4d633720a87fde23,1
devgpt-713f3f343a4b8687,1
devgpt-b1993e62b92b1a52,1
devgpt-7caa57919023ee98,3
devgpt-0ae5ab49e6a9112c,2
devgpt-008fe2c27eedfbba,2
devgpt-afaf17d69c613808,0
devgpt-cd0460dd468b6046,3
devgpt-9a4c817d6c6ff21a,2
devgpt-ee2966127ec6a8bd,4
devgpt-09f5b72ad88d7bb1,3
devgpt-32dd2de40d19fd98,1
devgpt-231267433cbd8889,2
devgpt-6558cd10496fa495,2
devgpt-515e9fa97c6bea7c,0
devgpt-f15935f6f08e941a,4
devgpt-bdc2ba1449f697fa,2
devgpt-227a5cd85a2c20a5,0
devgpt-208d779de2c8b085,1
devgpt-bad9694c747cb12a,3
devgpt-8b1af4518d657760,2
devgpt-53bde9e4821fe116,1
devgpt-e3cc6a13a3618fb9,1
devgpt-720de31494d9b58d,4
devgpt-e06ef5ea2a642dca,0
devgpt-93b15db25d328efa,3
devgpt-f03ec39303c7fa26,4
devgpt-a9e2675d3283b60c,3
devgpt-4d33a5a013fc969a,1
devgpt-c0fc18ed1d79e5d2,3
devgpt-6f6eb8df8fc4f5a2,0
devgpt-39769becc47c5ae8,4
devgpt-a9cf81bf5761af15,3
devgpt-1842e52378cb6ff8,2
devgpt-d9866bcb97cf0168,4
devgpt-51ff24b73b31cfd1,2
devgpt-548a15b145710fa0,3
devgpt-5aef5b491dc58505,2
devgpt-6d982dabbd74b3b7,1
devgpt-7eb5524823a97188,0
devgpt-b834080abb4d50c8,1
devgpt-f52fee978cc43747,2
devgpt-73de4b2b4836886c,4
devgpt-e53c99d4240d9498,0
devgpt-0d27f8d47650cfbd,3
devgpt-ca4eac53a47ba904,4
devgpt-6748c4c11953cfdc,2
devgpt-b2a7f223a6092117,4
devgpt-c9c892e83b964a96,1
devgpt-dfe91367112f0343,3
devgpt-cb17b608784a7411,1
devgpt-515dbda94bff858b,2
devgpt-4edfbffcede81cdf,2
devgpt-bc69ab5612ffc07e,0
devgpt-0b0ccc069f474378,2
devgpt-0b0a667a4caf2678,1
devgpt-9bf696d86aa54c34,3
devgpt-f05aff1e2adbd8e4,4
devgpt-68b24c8e42df01dc,4
devgpt-9d91ce39e00db36e,0
devgpt-0ebc596b3c128c7b,4
devgpt-20d48706908a79bf,2
devgpt-37ed66b43308422b,2
devgpt-2af61ed9d43c601d,2
devgpt-ad1acb16719cda1b,0
devgpt-993c9feacfb8124c,3
devgpt-8204c7fa790f029e,2
devgpt-a2cebe07ecbc9ce6,4
devgpt-d63b9474587b7fbb,2
devgpt-3eaeaa5c85590e05,4
devgpt-c43ebbd427b8b11b,0
devgpt-4d692ac2a53981c4,4
devgpt-c06f8e196c15e40b,2
devgpt-74c9bbf6670073e2,2
devgpt-3d1385c4c61343fb,2
devgpt-d0faf6d68869cf09,2
devgpt-61c79d0b96ffc8cc,2
devgpt-f1e383dd95cfd224,2
devgpt-ef8f7178942b67aa,1
devgpt-f95329383cd4ba15,1
devgpt-88a37a7959df79ad,2
devgpt-966efd615e09164e,4
devgpt-605a536e86ab9ee2,0
devgpt-adf6dd26549a414a,1
devgpt-82abfa022fe5dbc0,1
devgpt-b16385f5cf429499,2
devgpt-8977db58f9dc94ba,3
devgpt-e9b7b062104f019a,0
devgpt-ed4dcf07c3379d67,0
devgpt-65cfecb0822f8c98,3
devgpt-4fa22931be78a122,3
devgpt-ac50088dd855017b,3
devgpt-65ec2ff2f243a990,4
devgpt-92ceed492cb790c2,1
devgpt-f45cabaa12f8c77e,0
devgpt-3467843d037265f3,3
devgpt-ed33e597e9efc487,2
devgpt-dafc1c53740e11d6,1
devgpt-bc268ed43e7eefd6,0
devgpt-7b27be0c60d0ce99,3
devgpt-604cb3abe059c4bd,4
devgpt-a6888ef55b944659,1
devgpt-5b0b0e930f1a17f3,1
devgpt-a3e73924edd7516d,3
devgpt-6e16ad962c1968ec,3
devgpt-2a99babef0dd4d2c,0
devgpt-5e24ec0ae12cac18,1
devgpt-7f786eee715c1a09,2
devgpt-5f1c054b358a36a5,4
devgpt-97560336a84b4d12,4
devgpt-fc209e42294f71ac,3
devgpt-b084a5eb53f5d3c0,2
devgpt-c2af30d9aca88ab8,3
devgpt-04ad3ffcee8acf2d,4
devgpt-96075ae0669f5ef7,2
devgpt-4dfef49de06bb8eb,3
devgpt-7d507dba80eb9f16,1
devgpt-da4802d9fd4a405d,4
devgpt-a0afdb11fa697fdb,3
devgpt-9c580c234b77072a,4
devgpt-97c77e0d65ecbdd6,4
devgpt-83500f69a112b2bc,2
devgpt-a69cdb5b41cf74ec,4
devgpt-2db604f4fd9f48dd,2
devgpt-00b13b7446abfeca,0
devgpt-d465ae383877aa92,1
devgpt-0da255b3d567ef98,3
devgpt-0c92e7f0677fe52b,0
devgpt-3f1c01e1c790ae4d,4
devgpt-a856d273073c38b1,0
devgpt-fba1fb917d7e7da5,3
devgpt-8d972779d5128069,3
devgpt-69436f9808c49d45,3
devgpt-1a54f0d2018bc8e2,4
devgpt-4785bd25ad5d9047,3
devgpt-2a317e5db6db206f,4
devgpt-1b39193c306215d6,2
devgpt-cbbb3249d030ee87,4
devgpt-383c8a5fd7bfa03d,2
devgpt-96cac4ebc9397a4d,4
devgpt-3f7d3ec35c1b9e54,1
devgpt-5762011bd6e7a6cd,4
devgpt-858ed9481e703335,0
devgpt-954301b2226efde1,3
devgpt-b054144a1104a95c,2
devgpt-72f684a35e451a1b,3
devgpt-51ce56e147bd3040,3
devgpt-b5c5f94c295f901b,4
devgpt-9262e7b3455ab0e3,1
devgpt-821b7e5bb172c21e,1
devgpt-fd5493e3dca1dd9c,2
devgpt-64e9807c979b6d43,1
devgpt-d9d384eb8e1372c8,3
devgpt-b2c4a2e9e0bd9476,3
devgpt-bece446244c24cda,1
devgpt-d0136e3c59e37e07,1
devgpt-b9adca428accc623,4
devgpt-aaa4eb735d12f3ba,3
devgpt-f3d33534f5978d30,0
devgpt-55f72571f2d137e2,4
devgpt-465f0e9d5833ed4f,0
devgpt-c472306c60713a25,4
devgpt-196e7b7705f3ee45,1
devgpt-e22367735b158a38,3
devgpt-434346880e52e898,0
devgpt-591eb762d101bb5e,1
devgpt-fa9a4484460bf8cb,2
devgpt-45f3e5e7d59ec362,3
devgpt-73bc60f026bef4c2,4
devgpt-fa9da66f978ce012,3
devgpt-185e5582228c824e,1
devgpt-c774d9c3b03756d9,1
devgpt-4b2ce05a1884f5ac,1
devgpt-e564b6af0027e648,4
devgpt-0247f99282e9b216,1
devgpt-6c0bc07647ccf9d8,0
devgpt-2449d92a0d85db00,4
devgpt-3f0201840c9e013f,1
devgpt-99f58926618715d7,3
devgpt-a8f7bcffc52b9c6f,0
devgpt-58ac4cfbc1fc3e43,2
devgpt-d77bb9fafed168cd,1
devgpt-6384283e6cb8fa38,1
devgpt-c50813cb4efb89a7,2
devgpt-acdc5fddba0b47b4,0
devgpt-406a3993cd1dea7a,0
devgpt-2998d4b8cb9d7ddf,4
devgpt-81d348c23d39f1e8,4
devgpt-e4ae850ba80d6ad7,1
devgpt-88ea0bde2f501431,0
devgpt-c03f226a59ba517e,1
devgpt-f4d3fbc9f61578b1,0
devgpt-9817ebadbf53c785,1
devgpt-72430295e5676bfd,1
devgpt-48c1b95f8c8bea27,1
devgpt-470f3f99c132363e,2
devgpt-f21dfc16a6b1d7db,4
devgpt-e2834c0181218487,1
devgpt-f989771aa85ee6b7,0
devgpt-6e3c8e6be5f793fd,4
devgpt-1774f8dde19d2f45,1
devgpt-7dcc3741ab66fb76,2
devgpt-71911f8769f0f66d,1
devgpt-ed98229b99ee5466,4
devgpt-dcf3d8ad4f7d519f,3
devgpt-769c87705dcd3007,0
devgpt-02b057f8fed07a20,4
devgpt-e1f96eda84934992,2
devgpt-5b4e1ea8881f9899,2
devgpt-3416d8105dee940f,0
devgpt-d7483a9daeab519a,0
devgpt-d18510de62cd6244,2
devgpt-5fbf7d8e0c4d8fef,2
devgpt-3f5e22d03c6c58f1,2
devgpt-8f87fe713bb6d2da,3
devgpt-e8d0811b1200a4d2,0
devgpt-33c979ad538a18c8,4
devgpt-85536fd411d91875,4
devgpt-2864f007cf82e15a,3
devgpt-31038cb23bc3c640,3
devgpt-b0fa5a0e44802157,3
devgpt-5f89ce9dcd2db724,3
devgpt-3a463b0304087ebf,0
devgpt-24f94468d71b79dd,2
devgpt-41507af9a3a7b9b5,2
devgpt-06df54c3af20647c,3
devgpt-592b32995db35613,2
devgpt-8fa99444c751cbb2,4
devgpt-454549206246c7d9,0
devgpt-5245496070650748,0
devgpt-b2728f306168ad72,0
devgpt-d982959e16cfb3ae,4
devgpt-7a895cf34f80e6a6,0
devgpt-506989e613b86970,0
devgpt-fa69482961a0bf09,4
devgpt-f314dbc06d90dc8f,4
devgpt-3a3ada10f2fa5952,0
devgpt-0ee7a12cd0792755,3
devgpt-f56da658c2fd2a24,1
devgpt-a6ff68d1db251e14,1
devgpt-a28fbc657cd0cd07,2
devgpt-5f04784ca63fa1dd,1
devgpt-bc44bc48c5a1449c,4
devgpt-a89c0686997e8a8c,3
devgpt-5d62dff001f0409e,4
devgpt-065c7914232165ef,0
devgpt-4a52e6a6b1a7b49f,2
devgpt-bd8d033205e3267c,4
devgpt-b83a75bd2743354b,1
devgpt-54d4732692b9d4d3,4
devgpt-9de627a88fb7107f,3
devgpt-c44f1fb7e5d5077f,1
devgpt-3be078c99962d126,0
devgpt-ca684c0ea8c2f450,4
devgpt-a936ff78abd0d218,4
devgpt-b26767c5cf8aff1f,4
devgpt-c58c79e7d303cc7c,4
devgpt-5d9bbe3b33839336,0
devgpt-5af8e091fa0c9aa7,2
devgpt-63ce36c4f90c82a0,3
devgpt-01147d89f9d9a5b6,1
devgpt-e7edfdb2ae10b63e,2
devgpt-4e249b6337bf7c5d,1
devgpt-0628cc7e4116fb6b,3
devgpt-9e925cc744c645bd,4
devgpt-9e6836321969e00c,2
devgpt-1e132051eec83d9e,1
devgpt-9e098aa62f7fb67c,4
devgpt-9074081ffba335fe,4
devgpt-7a690cd2ea10e06a,1
devgpt-bc1361c778269c59,3
devgpt-19a09599bbdb1f7d,3
devgpt-712ed8df06b8b317,2
devgpt-bc961a54d56cc562,0
devgpt-160e306a9d94d68b,1
devgpt-881f1a49d36ed890,3
devgpt-12cf7545e8d8a438,1
devgpt-c6b8ae741d7a1830,4
devgpt-27afa600c5c5faf3,1
devgpt-9beda04ce4954f88,3
devgpt-8ef3ce004bd9f466,3
devgpt-370f1d5da13f4d51,4
devgpt-05bdb9f52bfacf5b,1
devgpt-2a06ed36485b655a,1
devgpt-cbd43b991aad450b,0
devgpt-b8243b769074ea9d,2
devgpt-6cc8af77c0bc64e9,0
devgpt-d3d1ad4ce7cdc523,3
devgpt-188bf6a2392537bf,0
devgpt-88e2ac238e21aa4b,4
devgpt-9909a4ad50b2803a,2
devgpt-7965afff871dc1b5,4
devgpt-9f95756523af432d,3
devgpt-ac146fab3b5bec4b,2
devgpt-4b58329668765f50,2
devgpt-eb7c4d0416aadf73,4
devgpt-ce33bf6b866f674b,4
devgpt-3a5d9b04fbd02d4c,1
devgpt-5208e4bc9e7cc465,1
devgpt-d8310eec6d6bf5f7,2
devgpt-d810e170d8bc569e,0
devgpt-e1f75b8691fb4bb1,1
devgpt-eaa1f53c09f4495d,4
devgpt-37f1aa74dd076eb0,2
devgpt-a2f822f8d6479a88,0
devgpt-10ca0d4650f357a8,4
devgpt-d46823e4ce25be1b,4
devgpt-79723f1a9a40a743,2
devgpt-c33ae446b4db5416,2
devgpt-11d172c5e7334e91,4
devgpt-da2ad3df6212035c,1
devgpt-2b05134ee62552e5,0
devgpt-92d3b7a8a8da3a06,1
devgpt-e4f0633ebd5e5904,3
devgpt-527a272b0c46a556,0
devgpt-a9fc3239172aeced,3
devgpt-74cbf728d12fac75,4
devgpt-9ff2285f816da75e,1
devgpt-53d43cc2fcc88aae,3
devgpt-63e9cc314c07d8e1,3
devgpt-490baac8aab366c8,1
devgpt-6c1c2aad7ba2865b,0
devgpt-ea4f81962784710c,2
devgpt-d555320ae7235450,2
devgpt-0c5d12635526a934,2
devgpt-6cb9c27692d5a30c,4
devgpt-198047666f852e6c,0
devgpt-16f2565a4c42de89,3
devgpt-ab3ac8e17112f9d2,2
devgpt-3e436656c526a6bb,2
devgpt-8d58b0c0ed249223,0
devgpt-ac57c8d392e077fd,3
devgpt-d50e960b0e8ee953,1
devgpt-ba5d81445558ae1f,0
devgpt-a7309857a935bb66,3
devgpt-3eeeaae9c3a423ce,3
devgpt-cfe9d1467af32874,0
devgpt-58fe61fec0364ee1,4
devgpt-851979965fe148a9,3
devgpt-7e75365e7fbe367e,0
devgpt-da243ae2a840931f,3
devgpt-c119fec2d48938e5,2
devgpt-0c363598b42e6224,4
devgpt-e08a3df0a6b69144,1
devgpt-0ca73ab4ee45763d,2
devgpt-097f3f4fa06983cb,4
devgpt-cc26885aca767465,1
devgpt-7aa1c0424d82547b,0
devgpt-ff7080155ed96974,1
devgpt-021f1df1b4d4773f,3
devgpt-03b9ffe43f9dea89,2
devgpt-d584f714445ec338,2
devgpt-dd4160e49f1832d2,3
devgpt-ad006cf012ea3e6b,1
devgpt-dd3e22363472f3d0,0
devgpt-7384ae093ec09cbf,0
devgpt-ca2c1d2a932fe382,4
devgpt-ee43500231e15ad2,3
devgpt-cad3b503b9f697ea,4
devgpt-675ac2ca60b15be3,1
devgpt-b3d2e2e45c9f6723,4
devgpt-18cbec0eaf3051e8,2
devgpt-8b4a6eeb3f8d6d9d,2
devgpt-8ddca6d452b7517c,3
devgpt-3b057f0681ee0059,1
devgpt-3277147b9b242c2f,2
devgpt-bda886341782817b,1
devgpt-51d7c20139b9e1ca,4
devgpt-db714fe2f8c88eab,2
devgpt-76313a4b3b41891c,0
devgpt-773a34b0caf950fc,3
devgpt-5edbc44fd82d469d,0
devgpt-2f4667cfc137893d,0
devgpt-55b6f9f41ceb5bff,0
devgpt-5582c1afd8265596,0
devgpt-48b0d6499a810d1f,0
devgpt-b37db497d8b3b606,1
devgpt-483749d84cbafcc0,3
devgpt-b10d301b6658a2c0,3
devgpt-6d564a8124060865,4
devgpt-8b5e555f69ed12b0,0
devgpt-44ad96a031d5871b,4
devgpt-1f4152347d325e08,4
devgpt-a578237ef46491a8,3
devgpt-41a1ed5975c181b5,3
devgpt-e6fb7cdd359bf6f2,0
devgpt-8776c1d4ad1586c6,0
devgpt-d551c59f4bd55abf,1
devgpt-f0603a9c09372396,1
devgpt-0dc820e0095b535b,2
devgpt-6a3b7164e7db1054,0
devgpt-0f9829f1effc051f,1
devgpt-093c018d52e2f60b,4
devgpt-763696066fdbab23,4
devgpt-c4b32a3b43c97bde,0
devgpt-90866e86b2ab299b,4
devgpt-20884ec319f31194,0
devgpt-3c2b5bed51d312ad,1
devgpt-5640ae276da9eb8f,0
devgpt-0747888e703fa9c2,1
devgpt-582541df55b895f4,2
devgpt-341a1e9ed0457778,0
devgpt-9f3f2c43498b5d57,0
devgpt-fccd2dd9bd5bbdec,3
devgpt-9835dbdfb3524ef9,0
devgpt-bf41bcb19a00b30b,3
devgpt-c3c69670c023cb4f,2
devgpt-f68ed92435907a38,1
devgpt-c985a71b5f429548,1
devgpt-d147f6264289df1b,0
devgpt-06a9a78658264abb,4
devgpt-145a8c5a469ca2d5,0
devgpt-98eef5309f8dda9f,2
devgpt-32d9385ae4a65489,4
devgpt-234246c30ee1bb8c,0
devgpt-c3ed418a131a1ea0,2
devgpt-917601a4e670babc,4
devgpt-e5050d732c441bfa,4
devgpt-9349f531c3112927,4
devgpt-c6da6296c7f5e789,1
devgpt-6d5b97256eca77b9,1
devgpt-deb03800c29e3673,2
devgpt-f75d705a2195d683,3
devgpt-57b07941514a6786,3
devgpt-9b259e39958c6fa0,1
devgpt-748eb2cb6b1f0211,2
devgpt-2e5a245c3b6c6d49,0
devgpt-19d28c0708781323,3
devgpt-855614e78e56aec1,0
devgpt-0c6cf4456872a759,2
devgpt-373092bd36358cff,2
devgpt-b08fd4abf349b8d5,2
devgpt-ae920f94199fefd3,2
devgpt-8997debf16cdf0c8,3
devgpt-7137f9820ed6fc22,3
devgpt-52e92087d79b7fb7,4
devgpt-d739f342ca479f77,0
devgpt-ca53a0eeaa920d89,2
devgpt-af1a8859cb20cb17,4
devgpt-6eab3a403d6538ce,2
devgpt-74c32b15cb3e87b5,4
devgpt-2b527a42828ce1e4,3
devgpt-625cd941d7edd76b,3
devgpt-46ee90ff95ab1667,0
devgpt-e3d1327409f5e116,1
devgpt-113f34c36d8fe272,3
devgpt-0f8ed850984db096,4
devgpt-a397c761bf802f81,2
devgpt-43765348d9312d7f,3
devgpt-f0b393d462671a82,4
devgpt-8661c56e9f53bfac,2
devgpt-cebbb3aa673ad4ca,3
devgpt-fc5b7e5233d46bdc,4
devgpt-664ed2af6e80e5ef,2
devgpt-20e19fcd96f21495,3
devgpt-ea1644128767ab4a,1
devgpt-8e1b1d6bc8be122d,0
devgpt-fe1dcca6f2d099d2,0
devgpt-8d94d06dc2fdd80d,1
devgpt-aaffef43b475a315,4
devgpt-a5e61c8ce509fed1,2
devgpt-268ba6dd87f9fdb5,3
devgpt-19b557c38819a5be,4
devgpt-adc7dc03683d5f5f,3
devgpt-fa3af88f303cf443,0
devgpt-8285d06d35bd65b1,3
devgpt-09b72011eea025c5,2
devgpt-2f9d30bdd9d708ba,0
devgpt-c65802b82d5869eb,0
devgpt-8b631f112052ffe6,3
devgpt-9c0892a5212e996d,1
devgpt-2f033397ba24edcc,4
devgpt-78972209a046f818,3
devgpt-4b7164437d9d4225,3
devgpt-787a0b10b4a16a59,2
devgpt-82d918f77ad92c5e,3
devgpt-f21d8e68d1f0f66e,1
devgpt-ea61dc4b1c36879a,3
devgpt-db2d637a814643d4,2
devgpt-0b79237575a9ef1b,2
devgpt-b7d828f32acde38c,0
devgpt-5623c21c7bbb996c,2
devgpt-4006cb9d09bb3162,2
devgpt-2dbd847cbcfabb90,1
devgpt-20ae2902487e9b80,4
devgpt-cbc83ead33af499d,1
devgpt-3e79d628b89a281f,0
devgpt-fa01a374813c92d9,4
devgpt-bf21b9fee125d6ef,3
devgpt-9b67d288f1b2da3c,3
devgpt-f5a66753eae8cc8c,0
devgpt-eaa2bb71c15ed4a4,0
devgpt-26b588d68683fbe2,2
devgpt-28096b7615d57c4b,2
devgpt-a11f7e5e719c0f59,4
devgpt-1275161c4f0f5ea3,2
devgpt-f871342cbb14517d,1
devgpt-d09531c81b736c01,3
devgpt-01e5556b8da2c786,2
devgpt-59d25096a8fea373,1
devgpt-3d72ab9217dfdeb4,2
devgpt-ac0c3260e909c049,2
devgpt-4b999ea9038f66e7,3
devgpt-9d2c2bb8687d2852,3
devgpt-00286eee90e64128,4
devgpt-833a44f0fc0343b3,1
devgpt-bfe023f2491c9548,3
devgpt-d9947774fc598679,0
devgpt-983f1c09321c63dc,4
devgpt-838e4742f36030f9,0
devgpt-fdc4e99acd517522,1
devgpt-b4c10ee4314664bc,3
devgpt-57b1e9312d1aa325,2
devgpt-154ffc2be7c59654,2
devgpt-600e8e0d9878bb29,0
devgpt-17d89d7ef24f0b35,0
devgpt-d3cc1e96b2734997,3
devgpt-79b2ebf9f0976ac4,4
devgpt-6e81e8734bf17aae,1
devgpt-23fd100862294307,1
devgpt-ca2bba5ddf538119,4
devgpt-200950ed6d978836,3
devgpt-55ea81e123ae43ce,1
devgpt-03ff1a6d9f4df6ff,0
devgpt-6dfb4188e3212dc9,4
devgpt-e2d8928ba3a4e0d4,0
devgpt-556cafa1b93decc0,3
devgpt-2c31233b5d85b220,4
devgpt-6c314c465c22826d,2
devgpt-674fca8b40fcf4c2,3
devgpt-f55ef0aa60eed42e,3
devgpt-613d9fd55dfce3a7,2
devgpt-4a2aca9cb750ef0a,2
devgpt-1a3fe3550212c7b3,0
devgpt-12cc1c49232040df,1
devgpt-25ecaf040270f6ef,2
devgpt-da8f205042f856b8,0
devgpt-c80366de5f84e789,4
devgpt-d81cd4705016d3ad,4
devgpt-d7c9a652e88c4639,3
devgpt-4d0394662d3131df,1
devgpt-3f2d3821c0fb5cac,2
devgpt-ce70ed0a1c630e28,3
devgpt-33c1e460244f1147,0
devgpt-e3cd1612632cdd43,0
devgpt-41dc2813e60bb92c,3
devgpt-68a188881446d0ae,3
devgpt-c94a4e979e1dfc0a,1
devgpt-058feeeca4159ca5,2
devgpt-0398e6433abe832e,4
devgpt-7f2c1c44b78f6224,4
devgpt-37c02459de602119,1
devgpt-f544cc7a7dcc7761,3
devgpt-38d8d9bfde9a59a7,4
devgpt-1424fdc9aa3a42ac,2
devgpt-06eb8fa663e70ba0,3
devgpt-01401fdd47cde230,1
devgpt-2c0fe46bee3392ca,1
devgpt-8b4d99f8dc367aac,0
devgpt-06c59e272714f803,1
devgpt-52628e7deda1c564,0
devgpt-36e0a6ff00d4e0d9,2
devgpt-84047ba71bbea1ba,3
devgpt-1cfdc951eb80aa52,0
devgpt-48221b6eca6c10ec,3
devgpt-059b2472e8216bb8,4
devgpt-814af96473b193af,1
devgpt-db0b44d9548bfc0c,1
devgpt-d83ca85a23613ecc,0
devgpt-6be765c2fe3bbc62,2
devgpt-27758ba84dc6f09e,1
devgpt-feb158bfd0eb2235,4
devgpt-128ba0a87959dd62,1
devgpt-0bba6d9cf131d937,0
devgpt-a4dd5a9f8eac234c,4
devgpt-10ebc23a7ff0b695,4
devgpt-d7677dc22072160c,1
devgpt-00c01538cd5edf4b,1
devgpt-80bb1655c7b874a0,2
devgpt-c254464580597596,4
devgpt-5ee14aff66603bc3,4
devgpt-d5e7baacaa41ed26,3
devgpt-e4eca31f585d1796,3
devgpt-81fe287f2f54c88e,4
devgpt-737bf327678ab93b,3
devgpt-bb83d36d402196ef,0
devgpt-8cb3648bba5263da,4
devgpt-3b8eb8a2a777f07d,4
devgpt-c0a9c62a78360695,0
devgpt-283c8194752ee51e,2
devgpt-358fa8671a00f230,2
devgpt-3418e11368d9fa86,2
devgpt-8f635cfd22561689,1
devgpt-cab933337c58f9b2,0
devgpt-762c0de1a9aa97b8,3
devgpt-24523dbd1655df91,4
devgpt-a660ada998930659,3
devgpt-23cbb2663743513c,4
devgpt-23f28680b034543e,1
devgpt-4503b9fbd7692283,2
devgpt-71d6e7d067dea2d9,2
devgpt-a6ef3ca82577a1ee,3
devgpt-d2cd00eb8dfef7b8,0
devgpt-e3ec67b594b7df4c,0
devgpt-0c8ff8d9962e084c,1
devgpt-57efde80a178a80b,2
devgpt-35fa87445c2c1fcd,3
devgpt-ee9455e1970f646c,2
devgpt-80f894589b8af01b,1
devgpt-3abd4366a9fc53aa,0
devgpt-af8ad940ba95a409,0
devgpt-948966ca36402f1f,4
devgpt-c228fcc79cccce80,1
devgpt-1a1923bfbd41628f,4
devgpt-e5d2b3edae1b19a8,1
devgpt-fcb11dbec1df143b,0
devgpt-4becfe9a68237de6,0
devgpt-8ae77805759d095d,2
devgpt-33386bbf46f7c1eb,3
devgpt-c98bdb62379b2153,2
devgpt-045414139e576f95,2
devgpt-f262d706d2513106,0
devgpt-9e8821de7ecb0dbe,2
devgpt-fb09f94d0a8f1c17,3
devgpt-6084118eb00591d2,1
devgpt-a2e2542e1e975d75,3
devgpt-5dfc8eea8369c666,1
devgpt-db22af145ad03b74,2
devgpt-3c4f57c13fadf9d6,4
devgpt-e32bf0fa4a678973,4
devgpt-57fd389f41a144be,1
devgpt-88b2243a4833e84e,4
devgpt-bb2ea9091bf8ac88,2
devgpt-6f8274b6922877b6,1
devgpt-ff3b20fec95858e5,0
devgpt-0917b42ce130d2f4,2
devgpt-fd9d35d35c2ca7db,2
devgpt-9572530f9f7fdb52,2
devgpt-d708863fcc332dfc,2
devgpt-d958b1e82cfe8d35,4
devgpt-a20ccc00e83341e4,0
devgpt-042d29756ff586fe,2
devgpt-da26c3b4e5e7e154,2
devgpt-c6654f3194b2b28d,1
devgpt-809e4f7ecd660463,3
devgpt-aabed54f76c8bc56,1
devgpt-2e23335069325c9d,4
devgpt-2056a26c83215a9f,3
devgpt-9e988ba47c9c4cf6,1
devgpt-79896bf33c8f6bea,0
devgpt-384d349d690fe888,1
devgpt-4e3f488f1418820e,0
devgpt-1c0607c63512ce15,3
devgpt-d76755b225c0f935,3
devgpt-b4d81f762aebdb0a,1
devgpt-97c502054a7d4d63,2
devgpt-6ac310b0ada9ad42,4
devgpt-3e938a7b00ad6e28,2
devgpt-e5106521bb2c665c,1
devgpt-5433d664d0f56e4f,1
devgpt-3dbeefbe9fad888b,1
devgpt-fe53a287461ce3a8,4
devgpt-7ebd5afee979098f,1
devgpt-a25d2ae803656b34,3
devgpt-4192a8391c3769fd,1
devgpt-0042d9cd0db8fc7d,2
devgpt-48a9b1efbee1c4d9,2
devgpt-ce05d633903f0466,4
devgpt-bbd9abbcd5f39d7f,3
devgpt-4b6f9fa5ff9ea754,1
devgpt-6537ece71c21d2b7,0
devgpt-a5a52607f8daf841,1
devgpt-91da52636fbde110,3
devgpt-d2b899b3385dd390,0
devgpt-a35bb2b6c73e7f3b,1
devgpt-4b5d889c4dd7d9d9,3
devgpt-7f42aad80c3f5291,2
devgpt-bd089ed3e35aa469,2
devgpt-7b93300c63c3e3b9,0
devgpt-f578b33d45059873,1
devgpt-a64e9152178c68d6,2
devgpt-2455d0ea7e8a8b37,1
devgpt-92c48dfb32591667,1
devgpt-60d43a408ab3af9d,0
devgpt-db76c130d503f6c4,1
devgpt-9aa35029668cd251,1
devgpt-b2ee84ae1708b1e3,4
devgpt-f05b5a85bd140d06,4
devgpt-3de82de3532fbcd8,4
devgpt-e7c88717894f3c15,4
devgpt-1a4aba30b0362358,4
devgpt-40f9ed6a269a3224,2
devgpt-5e67ad3b58a744e4,0
devgpt-1efa63c7b4358e76,4
devgpt-62687c49fe6d905a,2
devgpt-7d7104ad052467c3,3
devgpt-328a54f300572b06,4
devgpt-c53df94995273b32,1
devgpt-34807dda57b91b4d,2
devgpt-77fc957bfeb5d3ab,1
devgpt-0194d5b43936828c,1
devgpt-461b4f46e230f38c,0
devgpt-0e88686a844c92b9,1
devgpt-71f5f6cd94846e3f,2
devgpt-33fdf78e8ec3d25f,1
devgpt-0142910b9c46b059,4
devgpt-0d9b6d0e3e68b45d,4
devgpt-edd7779ccc473972,1
devgpt-e68fa1a07ecacb67,1
devgpt-fb74a1ab431e6936,1
devgpt-5b87e39a03177c0b,2
devgpt-a73fdcc169b67a4a,0
devgpt-c349808531615f7f,3
devgpt-4f7de38de86775ea,1
devgpt-d8ed51fc07603b52,0
devgpt-2e49946fe73545ec,3
devgpt-b8d5434872ce44f3,0
devgpt-ea2a4ccd9993aec7,3
devgpt-9aec80bc44c273e2,3
devgpt-e8befdbbfcd34ad8,4
devgpt-591680f5ebe98f68,0
devgpt-fe22ae1a940b4419,3
devgpt-00c08c1188fe9408,0
devgpt-06917e282bd3bb0c,0
devgpt-0743cbb196fb15e6,0
devgpt-47f47ead20c1497a,2
devgpt-bc482c962f553b8b,4
devgpt-a5434f10af39a147,0
devgpt-f56fcdf0e4535a1b,4
devgpt-72adaf589003959d,3
devgpt-e8b51d9496c7b2ee,0
devgpt-f05f50072b060455,3
devgpt-4b00e488f2646f81,2
devgpt-db6d73d423f67503,4
devgpt-b81eb6a0f4c2bd31,1
devgpt-91bb9071b16856ec,2
devgpt-0c6dbb8c69ba6914,1
devgpt-688844ea16df00d2,1
devgpt-1d3451200efd44cf,1
devgpt-be4a30bf1c6fed94,4
devgpt-3504b715220bd198,1
devgpt-fbe8ae050b963dfe,0
devgpt-70ceee3d1eb3908a,4
devgpt-c08269fda0be9111,2
devgpt-9acec0601f16c34a,4
devgpt-80e4ca155f91c8dd,3
devgpt-032337b57fcce5c9,1
devgpt-f011b3eac8f6a5f9,0
devgpt-d46c16bfc7fb29b0,2
devgpt-f40850f391ecafad,4
devgpt-de1f97152186d70e,4
devgpt-395cc0e8a35e8f22,2
devgpt-bf3d7d87d4ef01a8,1
devgpt-d0082a5cbc98231d,0
devgpt-0a1f2c94b0227f58,2
devgpt-9e77fb0ea1ae97ee,2
devgpt-e7b9999d372548ac,3
devgpt-3b7c7872e019f8bd,2
devgpt-1ea4519940e2fc16,0
devgpt-2fa1abd5dcbc8172,4
devgpt-5058b7b9cccb4e29,0
devgpt-533a57e022a80472,0
devgpt-ba7661b901fdd975,1
devgpt-bc9cf109b25935a2,1
devgpt-fcff2e5c59aa4162,3
devgpt-686b9b73867c509f,2
devgpt-9a56fcb08fe213f7,3
devgpt-d07eb63262fa3fa9,0
devgpt-6feb094a358c6617,3
devgpt-bf558ee75a1fd001,1
devgpt-ba1a8d5b726b374b,4
devgpt-9fc2601596df3245,0
devgpt-2708f1784a5ba2bb,4
devgpt-f8bb1f82a4046806,3
devgpt-47d121f3a510f0b8,2
devgpt-1c6a0de1dd8ba961,1
devgpt-c14904c01ac76f4f,1
devgpt-3c505e268143e462,4
devgpt-ace30ccad50d116e,0
devgpt-f2d2ccab16d5d5a4,3
devgpt-a2c6c4567bfdd9a4,0
devgpt-49d10ed073822b96,0
devgpt-4646c5b02e4a7c26,4
devgpt-a4a41e4515364677,0
devgpt-35ddb13c2fed4e31,3
devgpt-10d50cdc25fbf02c,2
devgpt-b84b50a28048704b,0
devgpt-8ef587ebb2d317cb,0
devgpt-7dbfa731ef82b102,3
devgpt-8fb371d4f2f14dc2,4
devgpt-bb84d949d686d3d8,4
devgpt-68b52024abae183b,4
devgpt-c5ec582df7e4a33a,0
devgpt-825749e4405a3962,0
devgpt-40bae0923c89e44d,0
devgpt-c823a2149ebc0ad5,3
devgpt-2f03b00d3c217057,1
devgpt-62b1e5b429cab22f,1
devgpt-f4bbf446bf4bd232,2
devgpt-fa6ec4bab286fc6a,0
devgpt-eaf94a88f270d505,4
devgpt-c6bf0a70a42cd7d1,1
devgpt-e8798e84c2f5db00,2
devgpt-118fbdc3f9363f81,1
devgpt-cbf573ad9e5a49ef,2
devgpt-fd06709fc9e4585c,1
devgpt-d74d7a995959a80e,3
devgpt-2dd050d10389621d,1
devgpt-b0a00ee05c87f59d,0
devgpt-8794a1e4979b8386,1
devgpt-d915e13b11ef7660,3
devgpt-d21c13c5362be848,0
devgpt-dfcfb9b69620e48d,1
devgpt-d1d694f705ca2600,3
devgpt-7e4df7e87ce64699,3
devgpt-969a3540eb363ff4,3
devgpt-ab310f0fcfccb146,3
devgpt-10762bebb51122cd,3
devgpt-f9c09fefe3b05e3c,1
devgpt-8144d3b578ccc90a,3
devgpt-f28c0d9e556997bf,3
devgpt-b7cb8ff3465217ea,2
devgpt-88d326912cb67253,4
devgpt-23ecce96e446a45b,1
devgpt-810b2a187f41f99d,3
devgpt-bcf74653a4f0e717,4
devgpt-9d4b87dc6d8d347c,2
devgpt-5a1d83fc2c33ba0a,4
devgpt-1883f21de9ad0835,1
devgpt-6dd0129bbf2acd61,2
devgpt-15686a04aab5c6f7,2
devgpt-6ccf8d9b9bb6f8cb,1
devgpt-9f259dc6d5ba76c9,0
devgpt-240a051bc2ea16c0,4
devgpt-4f830997283a630c,0
devgpt-9e7184cefb94adef,2
devgpt-03a737eb4986f581,3
devgpt-4816c1694dff926d,3
devgpt-05d0f86dd868088e,1
devgpt-dac82acbd3ccc6b6,4
devgpt-48abfcaf46ac9334,0
devgpt-b27070958c3f0c6c,2
devgpt-921226d4414e566c,3
devgpt-e7e1337407c72eb9,1
devgpt-c1efee70381ffd56,0
devgpt-efc1c1dbf3734e6a,4
devgpt-c6087c525d89f377,2
devgpt-8b6e39d7f817a86f,1
devgpt-f65b3613a20644b7,1
devgpt-0ef1dc4504feea11,1
devgpt-fe1f0858fe23faae,4
devgpt-963f09d1336bf626,3
devgpt-d42534f51c1ae408,0
devgpt-a3b23fccea3be8a0,1
devgpt-b9f4cb8c70ba8496,2
devgpt-3500c9e29e4db246,1
devgpt-204cceab243faffe,4
devgpt-736d0cb19f808ce4,1
devgpt-81f2e6c6bd277ada,2
devgpt-3d70fa2d432f6e23,3
devgpt-00d7a880ac91294f,0
devgpt-2759e1435336ceaa,3
devgpt-be6585fa2104ca10,2
devgpt-c64385413980982e,3
devgpt-cbe6904038fef435,4
devgpt-9c5e2a0ed6a8c562,2
devgpt-ef5537fc67ef68de,3
devgpt-964542e1afb4cefc,1
devgpt-d5d1971474d8e27b,3
devgpt-7aba8bf13f2b272c,0
devgpt-eb8eb7c6e4f7331f,3
devgpt-15480530ae0d93b2,4
devgpt-a27d64677c7a44b0,1
devgpt-9d69b6b59967df35,2
devgpt-966e56c8257534fc,4
devgpt-a9ab88304ef03f70,3
devgpt-c84d410a1c0475d8,4
devgpt-272c3d4007b5f0bd,1
devgpt-31a9d5e6b5ed89f1,4
devgpt-600fb7964e08f989,2
devgpt-f54bbe62fd6f3fd8,2
devgpt-fb2d80da5f29b6cd,0
devgpt-0c67b4d29880c82d,1
devgpt-c9a58d949f9ba0d2,3
devgpt-94f472c96cdfcdf3,0
devgpt-fb90fee5ccb18f1d,2
devgpt-8c7b42da08cc028e,3
devgpt-433212a01effa7e3,4
devgpt-9e0deea9ba1c090f,1
devgpt-6b61c019f7ff46ad,3
devgpt-f91a03768dc2ff7c,3
devgpt-d463075a226665ef,4
devgpt-cc36923429ee4c33,0
devgpt-cac8837f479c682f,0
devgpt-0a39c66496dcbc46,1
devgpt-15d4d9ab43c04871,1
devgpt-216ed29d355961f8,0
devgpt-d297b3b611442c01,0
devgpt-38735446212f3b4f,0
devgpt-9299d0bb99afa02c,4
devgpt-1799f9dc2c5b687e,2
devgpt-f08e4626895c915c,2
devgpt-ab8b385f6474a111,1
devgpt-78974bac357ca6fc,1
devgpt-9693192713c90425,2
devgpt-48db18cbaaa45b78,3
devgpt-e36d1a4c79d38cfd,3
devgpt-083f00898753211e,1
devgpt-41fc16b0d3c7e207,2
devgpt-8edcba219f7757ea,1
devgpt-e8f134f7007f3e65,4
devgpt-e614d851be755b61,4
devgpt-5aeae9505953cc66,4
devgpt-7bd27495d9a36491,4
devgpt-a9a693f81a4e2ca4,3
devgpt-95c5061f434f9a74,0
devgpt-d092ea76771f5cc3,3
devgpt-98dbe65dc122683e,1
devgpt-6e257863cc5d6840,3
devgpt-8a1a9cc19e40b521,2
devgpt-23bcf105597d76e7,4
devgpt-76d05dd9c270eaf1,1
devgpt-9faa9e4265783d26,3
devgpt-d0bc8a0e599e887e,1
devgpt-f093a35f4763e8fa,1
devgpt-73178e43c0eb4b31,1
devgpt-38bb5ebb4b132b21,3
devgpt-3b79c841e4c25769,1
devgpt-8db3544df38ff915,1
devgpt-121a9e5cad67796c,1
devgpt-894be008ff833a19,3
devgpt-74ceaae6177d854b,1
devgpt-62dfe56e68e48ca9,1
devgpt-a538659c3921cd77,0
devgpt-1946500f895e583c,1
devgpt-02f468ddf3db45a7,2
devgpt-87c31bcad1d806c4,0
devgpt-8941d300e29c63b4,1
devgpt-b63ddd2ac4da696a,3
devgpt-9fd5449317f3848d,2
devgpt-3106b2dceb6cc9c2,2
devgpt-6936206d73ad51d7,4
devgpt-8243b92094e80479,0
devgpt-9b378ca63ac10631,0
devgpt-87d8e6cc9bcbe292,3
devgpt-26448aaa074853cd,0
devgpt-b73940658e6584bd,0
devgpt-75b9fc4215c17b07,2
devgpt-28125f2be9b26109,2
devgpt-97102e6423729efd,4
devgpt-a377a47b38b58ad1,3
devgpt-447c4553aadfa071,1
devgpt-3d213bcab2354801,2
devgpt-be82e33eac21b1bd,0
devgpt-f33c1ea172181d15,3
devgpt-2da2d0b3ef0986a5,4
devgpt-4a109f5aa098dc88,4
devgpt-fbc112add9d7d51d,1
devgpt-8de13a42fd035f3a,3
devgpt-dc5e779fb88a9321,4
devgpt-4bf6b306361fc47c,2
devgpt-648ddc553bfa81e1,3
devgpt-c1d315492a6da0aa,2
devgpt-bc3d4042151007c6,3
devgpt-849bb73bac64be88,3
devgpt-fd76835272d1164d,3
devgpt-7b95bcc0d62fe104,3
devgpt-f2ecb5d1a40cd2b2,1
devgpt-8d10fc72c3fd56e5,3
devgpt-491988d96d90fca3,1
devgpt-222683506dae0a6b,3
devgpt-70c9840dc5251e91,0
devgpt-40573259453e1692,1
devgpt-cc54ed9cab86cce5,0
devgpt-9afe849215c5bd0b,1
devgpt-6d4265000f031baa,4
devgpt-38076c5d047fb25f,2
devgpt-ea6fb0b7652f5ba0,3
devgpt-ed98ca896d9e0522,4
devgpt-89190fb9b34c4af7,1
devgpt-f244953226fa53e5,1
devgpt-380993276d3632bd,4
devgpt-e08e80873b987b81,2
devgpt-b3632de77b3daf89,0
devgpt-6eacd723e8e5e9a0,3
devgpt-36f5a5f14ded16ec,2
devgpt-a256c5525feb2188,4
devgpt-137efda1a5c785ea,1
devgpt-158ee8ab67eab511,0
devgpt-95da1747e80a43cf,1
devgpt-14a685f9ff6b6f7d,1
devgpt-68c517b73ed1c66d,1
devgpt-58f3d659ee19cbe4,3
devgpt-b456a7f19ec31d3d,3
devgpt-d1276063221e01c6,4
devgpt-4133a9ddd91eec44,2
devgpt-54a35ac7345144dc,0
devgpt-cfa0b460a048f1af,0
devgpt-2901c90e211e8395,3
devgpt-8d9e140b3eed37cb,1
devgpt-cfdf26ca6510b309,2
devgpt-076f7f6f42549b56,1
devgpt-9a79f56831258610,3
devgpt-bea90c12d088e361,3
devgpt-7008cea08b8c75c7,2
devgpt-ff7a234e8a13a9fa,4
devgpt-e3239b615ebaa764,4
devgpt-9b0bf7a65fd0e4d9,3
devgpt-332bc4af3460a6d0,1
devgpt-670abf006b6197c4,0
devgpt-81c6bbf2ea6b98f9,4
devgpt-d1a0cfec08a1e6e6,2
devgpt-d6a49ae2ebc1cc83,3
devgpt-883a23b2f4db1fd6,1
devgpt-d043a9a6a9caf374,3
devgpt-512b845e5626b1e6,0
devgpt-d5b64b5852702fea,2
devgpt-dc84d8d6e0a127dc,2
devgpt-f0450d43cb9201c6,4
devgpt-1bc144234c85314f,2
devgpt-5b9b3513c96b8607,2
devgpt-37c7eb449ad3738d,1
devgpt-d93b8ebdcbe8da07,2
devgpt-86af081c5d09a013,4
devgpt-9d019b260165f6f4,3
devgpt-2bf0199dbe88abfb,0
devgpt-c6d1369295da56ff,3
devgpt-fa590c0a7272c530,0
devgpt-4ba0cf82aea78c66,2
devgpt-22e3d4f07a517f5d,2
devgpt-15dac02aa64477e1,2
devgpt-acab54eec19a4038,3
devgpt-303e3ddde9de34bd,1
devgpt-4597696e5c8378d3,0
devgpt-d8b3af57df2473b2,3
devgpt-d61ec5efc3d8c1b7,2
devgpt-0060113f8836a28c,2
devgpt-864d374fc928e5d9,3
devgpt-da156858d6fece9b,0
devgpt-5dbb897b65449f20,4
devgpt-d785241bd526df1a,4
devgpt-8c00ae654117a16e,1
devgpt-4a674c1540589e06,2
devgpt-cfed7c5f619d6e40,3
devgpt-d60de4411c25a213,2
devgpt-1935e22191ccf8cf,0
devgpt-4ef25def17f6d1a2,1
devgpt-b34198402ea56aa8,1
devgpt-4ddae12ddc785db7,4
devgpt-eae6909d106f8188,4
devgpt-af8ab98f734cb53c,1
devgpt-cec3a7088f26508b,4
devgpt-62e2937b2df03be6,0
devgpt-329127a067f0bb87,4
devgpt-b0837e625c648e29,1
devgpt-0f49dbbbf84e77e6,2
devgpt-37ddbcadd1549451,3
devgpt-1b1cd710fa1c1cd9,1
devgpt-e4444cbba9975c69,3
devgpt-2c3324ff17acd2a6,0
devgpt-4d2d75ad78201f8a,3
devgpt-6aadc4b823fc9003,2
devgpt-4d783a22c90fd11f,2
devgpt-cf2155136db4bfe3,0
devgpt-e17f86895213220b,1
devgpt-c5efae7deedd026a,4
devgpt-edc2945700367636,4
devgpt-9102108c6dc7bacd,0
devgpt-3b966ee5b1178b36,4
devgpt-eaeeaee9882f8e9b,0
devgpt-55da99df4235889d,2
devgpt-360c76019ce6610a,1
devgpt-9a23fe1b716edce3,2
devgpt-a0ad5cf0c76a840b,4
devgpt-ce095b7f91a8333f,2
devgpt-800d8f41413ecfe1,4
devgpt-92d9126b68238c3d,4
devgpt-2818518355b36a05,3
devgpt-d1e02e32842ec4b0,4
devgpt-e72de40760fd4224,2
devgpt-7d5025f78b6fd402,2
devgpt-6f982112e6356e24,2
devgpt-b6eaab2bd63e8412,0
devgpt-b6d715779626768c,1
devgpt-a7ec583faaf79617,0
devgpt-9c83b18d01626a24,0
devgpt-762637b3da2a23a0,1
devgpt-0d5a28c5dc8681d0,1
devgpt-34765d894df13df6,0
devgpt-51c6708a6bdd12e8,4
devgpt-1269177e982a2400,1
devgpt-db70e7e61fb18575,4
devgpt-344a9acca6d5735f,4
devgpt-692c2b64f84c3ac6,1
devgpt-344b80cffd550900,1
devgpt-3a9c7edc3fe0f9b6,1
devgpt-64ec96c15a71081d,1
devgpt-b35c6238c995fc81,0
devgpt-67dc11c449e9e54f,0
devgpt-8e18d398e3ae1ec9,4
devgpt-613dee67d0633a4c,1
devgpt-4f5bed9cea80fb3d,3
devgpt-593e252db46a094a,0
devgpt-781c0f4d756c0905,2
devgpt-9336c913674d1c9e,1
devgpt-5632b4f48a6348b2,3
devgpt-98d8fd85ea0d86b0,3
devgpt-4e99d44fbad07ac8,0
devgpt-9163b2f42b4ed182,2
devgpt-c9f2ce69a0f17e34,2
devgpt-2c2c1668ac92720c,1
devgpt-061ca43f8fca09db,2
devgpt-b7e764f26da905db,1
devgpt-651f20c0664a23b5,1
devgpt-f56b3e419359241b,2
devgpt-ee151659286efb2c,4
devgpt-30550b13479bb498,3
devgpt-5f74e344e3c46739,4
devgpt-000f4145f3b4cc0c,2
devgpt-3e8f9e0dc80d7a45,3
devgpt-6778323fbabe7d77,2
devgpt-f172a1965c90052c,2
devgpt-43f0e6d3a6bd9caf,2
devgpt-82ff962069b18614,2
devgpt-3835da5b5ae7fe6f,2
devgpt-f640a9d2e87f3da9,0
devgpt-950a10bc5553d89c,0
devgpt-f859afa1d944214e,0
devgpt-ea46b9621ec25726,0
devgpt-403e1d573d6e21fa,0
devgpt-34cec9e779e3d40a,1
devgpt-0e6e9e1a710d111e,4
devgpt-f0b4e501cc01b39b,4
devgpt-be27ee32bdbbc200,2
devgpt-d2286dbb90121ffb,2
devgpt-cba0bf7f1b17121b,2
devgpt-ff290dd6bf9a7ae8,1
devgpt-8264f9b98061063b,2
devgpt-2c60714507c8d078,2
devgpt-d319bc92a77cff55,2
devgpt-a550cbe6fcbb3cb6,4
devgpt-9ede8e8f0ede3fc6,2
devgpt-a023e4e0f9f6e15b,1
devgpt-d3d451ceace19f7f,1
devgpt-37864ca750a0f469,2
devgpt-57e43d858ec45198,4
devgpt-40b3875d6b3728ce,2
devgpt-81a740122deded9d,1
devgpt-ae2bd2ed9f297783,3
devgpt-2119ad4cb53c96f5,0
devgpt-b8a3d354a8891368,1
devgpt-57d2d71981ca8835,4
devgpt-5cf5f6ebf81e841e,4
devgpt-c9febe7b05b95087,2
devgpt-d68671e2f5dfeee6,2
devgpt-31781482ff091b19,3
devgpt-ce902ee3dbcaecca,0
devgpt-163452e32bce959c,2
devgpt-02a58ed718765ef3,1
devgpt-cd457077871418de,2
devgpt-a8691096269d1440,0
devgpt-7fd16f24cfda0542,0
devgpt-8ead86fe3ef8126d,2
devgpt-5efe28e79ac8cff1,1
devgpt-5fe37b3b7af114f9,1
devgpt-1c1583a3903c3fcf,1
devgpt-82f3b486544f43ec,1
devgpt-db639c1d7fe00d04,0
devgpt-7dd5f3d172091db4,3
devgpt-af0075b48e0eb5c7,1
devgpt-94a3aff9f028a97c,1
devgpt-43ae24f01fbd12cb,2
devgpt-2fbfaecf886fb137,0
devgpt-4fe7a21577709dbf,3
devgpt-e5f46eb4c4925c4f,3
devgpt-0124c1ae3506a91f,1
devgpt-0a1a2490624158ae,1
devgpt-c5c0cfc60ac6370f,3
devgpt-1291aeb816bdc662,2
devgpt-bacdf2ccfbac9f78,1
devgpt-e63443bdbd4e4db3,0
devgpt-ebab408d1e165be6,1
devgpt-2d720effd12e5d2e,0
devgpt-8540f3b7f4cf9299,1
devgpt-4bbc6127e5e844d3,4
devgpt-9e3e37822c8a0f2a,2
devgpt-abd5fb7bca84e653,1
devgpt-820c4914d50877ca,4
devgpt-69df66fefe140784,3
devgpt-ec888a13d1ed46a7,0
devgpt-cda23b10e08a7bdd,0
devgpt-b7ad11d0f1b7199d,0
devgpt-eeae722b8eb7ec41,1
devgpt-3e911ded875c6783,1
devgpt-55fe3605086e4231,0
devgpt-0d74893b808f8e69,1
devgpt-157701ab9d7310ab,3
devgpt-ac96e3e3115c9ca5,3
devgpt-11ec0e2a587442bf,1
devgpt-24b821881e6f5554,0
devgpt-3db83eb6474afb4b,2
devgpt-8b5c62dd38c9a904,3
devgpt-3ba3de724cf96f34,1
devgpt-f8d8e5f1c3f24acb,4
devgpt-b596026d4e48b1f6,1
devgpt-05824bc1e6d3dd4c,3
devgpt-c5609a7c56092659,3
devgpt-11d263a1c9c372da,2
devgpt-77f60baea683cdbd,1
devgpt-cf0af243aa84f3a0,3
devgpt-1f960a2580a3cb8b,2
devgpt-4fe64477cc913261,1
devgpt-ad222fb6d6a3d537,3
devgpt-d2a4a41e3a37d124,1
devgpt-2a2f51323ea2452c,2
devgpt-be805c5ce3cbe44a,4
devgpt-566855889d1d8db5,3
devgpt-747f506e4f2ab954,3
devgpt-2fc49d09fe511741,4
devgpt-93866620260a1378,1
devgpt-9c90dcee06fe1b87,3
devgpt-85c742c4e8635120,1
devgpt-84b3e486c7912682,2
devgpt-b6518a68e0ae98fa,2
devgpt-2e01a25a02792ccc,4
devgpt-fa0eadcb20e67839,0
devgpt-75e9d443d939a77b,1
devgpt-889c09853543ea12,1
devgpt-701ffd6c5ee5b219,3
devgpt-35a8eb0e6dc86f8f,3
devgpt-e7d636bdb5b9fe4a,1
devgpt-e0ae415a25d4a712,0
devgpt-6570b94a1223a2fc,0
devgpt-d4f8e7973839b68c,0
devgpt-1704859e140a12f5,0
devgpt-ab8f66ff8ab11d60,1
devgpt-08f934b54e9d3521,0
devgpt-b8ba5e066ab93aee,4
devgpt-3f8907e903a077a0,4
devgpt-e937ef9a8db50e18,2
devgpt-55ccd67cd805078e,4
devgpt-51410e58eb4390a9,2
devgpt-c792a1fb703b474e,1
devgpt-38760fab6c5e997f,1
devgpt-2d8aa28ef357987d,0
devgpt-b3ff6e6580dd357f,0
devgpt-ec6a2403ed1f6791,2
devgpt-5eed79e7c78eb351,1
devgpt-c1b5cc62dc65a508,0
devgpt-ba7eefe4810531bc,0
devgpt-818e91ad479c5603,4
devgpt-404dcfd93583603d,4
devgpt-ba1c70f2d091d909,0
devgpt-1cfffa06db21abfc,4
devgpt-e412232cfe73b3e1,4
devgpt-d2b88383e60b68ff,4
devgpt-c7d75fbb8a784ec5,1
devgpt-4ae33343abc124e0,2
devgpt-2486069dd60cd95e,2
devgpt-77f4f64b3cfae66e,3
devgpt-437de2a7c3559b6f,1
devgpt-5b1e49ca3f4cd2ff,1
devgpt-3b64e1f9778195e0,2
devgpt-a55a04a177f1f65f,2
devgpt-b422cc202e0b9bd5,1
devgpt-d7c77dfba355c064,0
devgpt-86bd1ecf0d671a25,2
devgpt-a54dff80ca34343b,0
devgpt-e3653384711c80de,2
devgpt-8aac2c60351a7f26,3
devgpt-ea4bb2cc589565f3,3
devgpt-ba9e1db54dc9d6b1,2
devgpt-95ed9fc13ce8591f,4
devgpt-d4756e63de1731a5,4
devgpt-58b806c81896f813,1
devgpt-5738bc140d2e00d7,3
devgpt-4ec876d2b44cca59,3
devgpt-d483359838d88934,3
devgpt-2d9ae6ac97e42947,4
devgpt-b41c3645bbccc405,3
devgpt-e29c4970699629be,3
devgpt-a65121df51d3122c,2
devgpt-2cf2e423b0a8979a,3
devgpt-2f36684c2312da4c,3
devgpt-af576a2a777f6457,4
devgpt-e7915f9d868c449d,0
devgpt-d8ee3c5d7fc7e75a,4
devgpt-8198120795ea82e1,1
devgpt-b9e9c08cc143950b,0
devgpt-689b0ec62f389e86,4
devgpt-22e535d4ed8e8fe7,4
devgpt-f68f1c24d1851279,1
devgpt-253c99eb91427d7c,1
devgpt-d599fbc561848102,0
devgpt-97b7c2b6528abbc8,1
devgpt-08c5a5dc87a71cd5,2
devgpt-38f771300b3ca117,3
devgpt-e78fbe86ba11b25c,4
devgpt-ea832ce90e25d71f,3
devgpt-112d2762753b4f53,4
devgpt-8bb545ecf2a3dca8,2
devgpt-ceffec8ec9d84088,0
devgpt-6edc65311776f14d,3
devgpt-136df41bcb4463d3,3
devgpt-ddf711521bcf48f5,1
devgpt-cbd5e12eee6b1382,2
devgpt-d6bffb2ae99ca44f,3
devgpt-fc19564f76273512,1
devgpt-11cfdda5155a1d1d,4
devgpt-6ddafbac8ff0d761,0
devgpt-f744313f0ec2937a,3
devgpt-bd1cdab313714fea,0
devgpt-5f61803b0f99e65d,0
devgpt-c9bb201c3bdab38e,3
devgpt-a3cc6698834a009d,0
devgpt-60c6199d1c255717,1
devgpt-5d9964b59d803a07,2
devgpt-34ab424e66de8035,4
devgpt-9b33c3b672ae997a,3
devgpt-654fe5dfc58666a7,2
devgpt-09111e7ab24fe485,2
devgpt-f8d891e22cb1b253,3
devgpt-a9167400abbb73cb,0
devgpt-3f3132c96769c54d,4
devgpt-38523fa7b37324b4,0
devgpt-8487e76112b03667,4
devgpt-1786c0285c1b2a6a,0
devgpt-19eb8eeee2ad7f3d,2
devgpt-45b0b27a29d420de,1
devgpt-3185512ada090918,1
devgpt-b8ac60e6aa55342f,2
devgpt-d27090b3271fa4d2,0
devgpt-2875997f8eccca7f,0
devgpt-e0bca124f1e3b532,4
devgpt-ccaf06d9a23e855b,3
devgpt-479d99091bff8c00,3
devgpt-c2a73ae05a6b9802,2
devgpt-160cde6679b9876c,2
devgpt-367a6d4a7531f5d7,2
devgpt-874758f8e5e9ba5f,1
devgpt-1e97c98388ab8091,0
devgpt-2daeb8c0b0ee15fd,0
devgpt-cd4fc65f1e33be49,4
devgpt-50be3108d7961389,0
devgpt-ff14c01d0c7aed1d,1
devgpt-caabf1da6e1bfbf6,3
devgpt-240505a41156ced4,1
devgpt-dc11283289f4ac55,3
devgpt-9143c8d345974b5e,4
devgpt-db3ca5535687cd7c,4
devgpt-5192590ba70cfe9f,4
devgpt-cc7b1cf72f020be8,3
devgpt-ab238a83354d1d09,4
devgpt-d0d1d94167d7e176,0
devgpt-98a7db70af86509c,4
devgpt-fa1d885b333739d8,0
devgpt-f83bc917a8d6c553,2
devgpt-91a889ad422990ba,2
devgpt-72f935718b4dd10a,2
devgpt-6ed64de523aff1e5,1
devgpt-bc2a041fccaef146,4
devgpt-752d9e3cf362fb72,0
devgpt-dab085bdd4cc9ccd,3
devgpt-33d76b9453c4e1cd,4
devgpt-922282d9b123852e,3
devgpt-4e99d3945e57091d,1
devgpt-f1c229939aa4ed41,4
devgpt-20eda7318ccd487e,2
devgpt-37b1ee0cf6aebc47,0
devgpt-af44a08d14b31466,2
devgpt-25a2a682a3e080b2,0
devgpt-99ad9dee88b9b5ab,1
devgpt-241fd9029776912d,0
devgpt-c25ed7850eb92d3f,4
devgpt-408555e54a0ba424,3
devgpt-057d54564b586c0e,3
devgpt-b9cf9deb1d48d727,2
devgpt-8d685e434e6fd096,3
devgpt-bfaa027cd37e98b3,4
devgpt-94b2d15187648f25,4
devgpt-835086aae54aacff,4
devgpt-bb1e17d953228b30,0
devgpt-3b2e66190ecdd95f,1
devgpt-eb160f99f732dac8,0
devgpt-6573718c1c0ea80d,1
devgpt-5ad88a40760ce13a,1
devgpt-407c9f2393ef331e,4
devgpt-428f639363afe77f,4
devgpt-b5bfabbfbfd5f11a,1
devgpt-c6006386e50e3af2,4
devgpt-0eddd1ec87833116,0
devgpt-4a6905da2d99b9e9,1
devgpt-7d4c9cdabb5db9e8,0
devgpt-bf16a7ff2c9e044d,3
devgpt-31cb0f6dddaa2569,3
devgpt-2efc6a1056b458ed,0
devgpt-d6d460166d83cc6f,3
devgpt-802668ac86b0a6f6,2
devgpt-6555eb3c9b7c7aeb,1
devgpt-784b40c9c218a627,2
devgpt-64e38dc632c18046,2
devgpt-5a68e1d645fb9565,4
devgpt-5fa50292476f1e1e,3
devgpt-65ab10cb28b2c213,2
devgpt-bdf950214eaedb88,4
devgpt-7cc782b9b94fd6ec,4
devgpt-a64a2ad7f870f19d,1
devgpt-f4bb92f1a87b02d8,0
devgpt-b1ecb1c36030cbf0,4
devgpt-49bc7820a9db38b2,3
devgpt-1af18a51b5b4fb2a,0
devgpt-6abc7e55af766c87,0
devgpt-17b0766629f9ef5e,3
devgpt-be26f049fc75e471,3
devgpt-ba6a77746d463912,0
devgpt-25fbaeab6627a7dc,3
devgpt-70614dd1b74bf3ae,0
devgpt-f4014e10e5c264bc,2
devgpt-45b3b2a83795b943,0
devgpt-7d2b0c5d950ce79e,4
devgpt-c513c2c145f2d205,1
devgpt-8a48e354d82afbd4,1
devgpt-606217066af4fe07,3
devgpt-f49df1ba9c658bf9,0
devgpt-78ce5c87e9ad5686,0
devgpt-8ab428ea5ba96592,3
devgpt-80fd622ef403f08d,1
devgpt-20fb2ab9f12890d9,1
devgpt-e118b323fa5a585a,2
devgpt-d2344a656d93d266,4
devgpt-fa2ceac072c50113,4
devgpt-ffb54fa846a89bd0,4
devgpt-31f85b65381c9275,2
devgpt-fe42e33a9e63092e,3
devgpt-cbbce382b353d6d4,4
devgpt-10dd1bc9e14e6059,4
devgpt-d84d4db6368b272e,0
devgpt-6f88031ea5eacc70,1
devgpt-f8b0a288ba1ea3de,3
devgpt-f6f70408a4ddfce2,1
devgpt-35f84102cd45c248,2
devgpt-4c8549884798713e,4
devgpt-533bc5ef4cd06245,3
devgpt-d916312451f6e3a9,2
devgpt-e3c8a813c08a88a9,3
devgpt-0983e109f1399de0,3
devgpt-34c6774c9cd5d90c,3
devgpt-ed60f121ad553caa,1
devgpt-47526adbed715607,1
devgpt-33f5be229cef0b4f,1
devgpt-5f75a48430cbd19c,2
devgpt-2b1c208f8f76129a,2
devgpt-f4ae87e158415bf9,4
devgpt-a8271d542d03f05c,2
devgpt-9874c211e0263798,1
devgpt-af646997e2671f0f,2
devgpt-f36202f75f0e791d,0
devgpt-9f85629ac08f471a,0
devgpt-5e2f0ec4b9d0a220,0
devgpt-cb8d59a39b956701,2
devgpt-325498e33414b7ed,0
devgpt-cbd32cd16b7ed347,2
devgpt-745cff2f0623b432,4
devgpt-f9bc382d96f427d7,4
devgpt-43bed1b8cb1d4a2c,4
devgpt-6ecf32714f1eb964,0
devgpt-dd218a11b3fdc483,4
devgpt-d96ed563dddaa557,1
devgpt-cd16671599c84273,0
devgpt-4ab50ac2fa9af53c,0
devgpt-62d5e5bfb94afc6a,1
devgpt-3e339389fe38aa73,3
devgpt-ca4c5a9c1cbefb4b,2
devgpt-b1cc3063f97c1de6,2
devgpt-947ceb65d495144b,2
devgpt-51e8a6257f3ddcc7,2
devgpt-42745c8d990b81a4,1
devgpt-ea54ceaf08ac39ad,2
devgpt-defe75f26f10ff53,0
devgpt-8a85433e3751c8b4,2
devgpt-30a4682730193f51,4
devgpt-8d3a44996ea20391,3
devgpt-43c5c6e6e19167c2,1
devgpt-bce91bb6c84bc1f3,0
devgpt-f9e70e38f74423f4,1
devgpt-ad23f4efc96e40a8,2
devgpt-c1b55f51a757fc20,0
devgpt-656df464f379e1eb,2
devgpt-a9c490a3f7f01d0f,2
devgpt-821dde132a51b9b2,1
devgpt-8aa4163f168550b5,0
devgpt-22948f35258f9407,1
devgpt-b839fdc6b8ca6b24,1
devgpt-4c60381435d42017,1
devgpt-a68fe8a46dbb028d,4
devgpt-cb1e413657898bed,2
devgpt-a3146c066aa30d62,4
devgpt-3ad81b6954c77718,3
devgpt-67279aa988deea06,1
devgpt-600f8196f1acf134,4
devgpt-1579469f2705218e,3
devgpt-af24d18ce02dc759,2
devgpt-0308f510fa909393,3
devgpt-9e2b792657a4d287,4
devgpt-d2df611bdeacc528,0
devgpt-27ba59390ac8b40b,1
devgpt-ecb643f49c63f8d6,4
devgpt-f6f43a650b5a0fe0,2
devgpt-60b45fb5834b9769,4
devgpt-43a58791e8ca0c80,3
devgpt-a96f7ee7c674867f,4
devgpt-81260bd2b9655567,0
devgpt-884c503d4132dd7b,0
devgpt-45c16f70e3971c67,4
devgpt-952f540e2bca2931,4
devgpt-e9c7213781a22d23,2
devgpt-b266430fe4f79d7f,3
devgpt-1c2c4b0bd5967696,2
devgpt-a03b987430d40807,3
devgpt-80abd7c796c65f12,1
devgpt-9fc7142e7e0cff7b,4
devgpt-7292d6a3060a0e19,2
devgpt-1aa852c97effbf1e,4
devgpt-5e579d955c113eb5,1
devgpt-185d0a7d338c0258,2
devgpt-6f3cb6fbe27ada39,3
devgpt-4a60d6de82f9fd54,0
devgpt-1dea112c28c3d812,4
devgpt-251ff5971262dd58,2
devgpt-94f80854cd4a16f6,4
devgpt-b448e8fbd602e20c,0
devgpt-74149c2e22201c35,4
devgpt-d11bd9a9de097fba,1
devgpt-c0f118bc466149b5,2
devgpt-d1860aa4aa3d8221,4
devgpt-c52acc3a0495ff21,2
devgpt-de59a284c268473d,4
devgpt-a28be216798bb1ff,4
devgpt-aa4b68212efbbb09,3
devgpt-af18a0eb5124df3e,3
devgpt-23ff425f6e93f8f4,0
devgpt-64d5fda103ca55cb,1
devgpt-4b06d53944be2faa,3
devgpt-bf4830eafcfb0492,2
devgpt-4a7bb6a9c97bafcb,0
devgpt-6b118406a4824604,4
devgpt-c016c56feff41e2a,2
devgpt-55324c9da55ace67,1
devgpt-0b0941952f3c9541,2
devgpt-1efd653c1522bdd6,2
devgpt-4eca0df2cf3c6ec7,4
devgpt-96b66fec9d15729d,2
devgpt-d05ce69e3d7b7105,4
devgpt-29a88a7119c97d9d,0
devgpt-01740e55ccd8faf3,4
devgpt-f02d7e2ce11c7394,1
devgpt-62544b37bf388989,2
devgpt-055a9d8ce0794e3e,1
devgpt-d6c21effa4e2accb,0
devgpt-da81d26bf5dffc61,4
devgpt-ac52e4e175317307,1
devgpt-375a84f5360adf37,1
devgpt-d1e21d91b354d3a4,4
devgpt-4645f80afd890c74,4
devgpt-000964cd3e1a8079,0
devgpt-4950df7441c21f57,4
devgpt-822424b2453d6901,0
devgpt-675ed5553080faac,0
devgpt-9be5eb32a86be6b5,0
devgpt-0d90246881c870ea,0
devgpt-5790b312c3169336,2
devgpt-f6c4bfe0c96ae058,3
devgpt-165643e350171747,1
devgpt-65efc9218ecbf04c,2
devgpt-8025246366f5e16c,1
devgpt-ba25eab81fb0174b,3
devgpt-bf02cb4b43cce84f,1
devgpt-815711cb12d7fc74,3
devgpt-50c8813893cdd02b,2
devgpt-c5035ef3b615cae7,1
devgpt-53d465268ea01b44,0
devgpt-5661f7b91482838b,4
devgpt-d07dfd9a25ebd599,2
devgpt-88dd71b64dd7bb9c,2
devgpt-28b7cb30617d9439,4
devgpt-6314b35398f368be,2
devgpt-694d793c21980eaf,4
devgpt-6ec5c96c34310da2,1
devgpt-242ab05a22529823,1
devgpt-d06ef25390ff801b,0
devgpt-48d2a364de35219d,1
devgpt-6884f6db69521838,3
devgpt-873e08f2103a9ab6,3
devgpt-385b9e30068d04c7,2
devgpt-4d2ea42d7510ad89,3
devgpt-837ba3a20e1c8b22,1
devgpt-bab2f3e5d4a6d58a,4
devgpt-9bb710cd295ab135,2
devgpt-4a79cc4a7398789f,2
devgpt-3a2627502df55e84,2
devgpt-a5340788e329d3b8,1
devgpt-ec67e1a73337dd1c,1
devgpt-a60f955674064848,1
devgpt-2b18392aae536f75,3
devgpt-863d8ee6fe025e47,4
devgpt-5580ef6c2889e896,4
devgpt-04b5a0a025450fa5,0
devgpt-c2d079a32c21a1ea,3
devgpt-01928f10c0bc4063,2
devgpt-fb01dcd79c9fdc5c,0
devgpt-ca8e154f89eee78c,1
devgpt-a733c45bff06d66f,2
devgpt-c8dad1478f6ca244,0
devgpt-378af557d9e953fc,1
devgpt-85b0e5138d886f24,2
devgpt-9a5d842514e9315c,2
devgpt-a06fff25692b6c9a,3
devgpt-fb8da3cfdc945dc8,0
devgpt-f4ed1a7d7c9bd514,4
devgpt-0d3f4eccb29238dd,2
devgpt-a0d25d88f90802cf,4
devgpt-7fd3b67939be8d2e,0
devgpt-c4753d10190fccc4,0
devgpt-e22d2c39016b2c13,0
devgpt-9fa543758b1b2b1e,0
devgpt-1b3fd5e99d43f073,3
devgpt-10cc21547e84353d,3
devgpt-5fb1563e711ea590,4
devgpt-2e062c2c43313d07,1
devgpt-9772fd37a9cc22d1,0
devgpt-cddc7a87f4e20864,4
devgpt-498150cc4d7677d1,3
devgpt-a10f422c95ad8f9e,4
devgpt-d628d344260b0b70,2
devgpt-47e774f1161ff756,4
devgpt-fa6630774d779741,0
devgpt-a1243bf360cf7f9b,4
devgpt-b54d83516c73ebc2,1
devgpt-a8cc341e50801aa5,4
devgpt-117d776fb53ea484,3
devgpt-0e503ab5e7eda519,0
devgpt-2061a5eb34073576,1
devgpt-8aab396b7d6a27ea,4
devgpt-16f6467bd47e7c90,1
devgpt-0c974bebb6c88d71,2
devgpt-f48f51a698c776d2,3
devgpt-3b32a1f0728cfb2e,4
devgpt-9cd85c62fbdce37d,0
devgpt-cf3263401e925b53,0
devgpt-76d11fd2a1f1cbae,1
devgpt-6c100e20047f1126,4
devgpt-648513c5112c71ff,4
devgpt-e664d69b2b7746c8,0
devgpt-86fbff70ce782466,0
devgpt-03ffab4eec1cf074,3
devgpt-d8b7454058b65f41,0
devgpt-a1b45616186a3849,4
devgpt-869717eef954efca,4
devgpt-1606b6efe651e551,4
devgpt-1274182c4ab3df91,2
devgpt-a3e45486253594a5,1
devgpt-66e8da08983fcb51,0
devgpt-b578bdaa9a856218,2
devgpt-c9a2456fa4c1a6ea,3
devgpt-acc92f381d5f1dd1,2
devgpt-a7c4b8c255dd3ade,0
devgpt-1a60c8f5015a42f5,2
devgpt-4d439515fc0da7ba,3
devgpt-29c8205e4aaf0ef5,3
devgpt-47b239aae9dbeb30,4
devgpt-5645087a9049bc5a,3
devgpt-d9f71d1742a695df,4
devgpt-6350d4c79e2d0f50,4
devgpt-b7129764ecf64281,1
devgpt-c84857a65ff7059d,2
devgpt-9c04bff47ea7688d,3
devgpt-5cb263f95520c2ae,2
devgpt-c887c044f4b7a504,4
devgpt-9471fa30050a0169,1
devgpt-293473f86e2078b5,0
devgpt-c5951f788914c3d7,4
devgpt-f00a19f2a10a760f,4
devgpt-b06165d8cd9cc334,2
devgpt-8d72cb5124d9ad0e,4
devgpt-f76e993f60b6e6e9,2
devgpt-d1fcd11c3a4f4dba,2
devgpt-e8d81fd13c7796c3,2
devgpt-24851aaf87c5d40f,3
devgpt-b2ac569a18ab5b9b,4
devgpt-9b160a6108d4c231,4
devgpt-246cee47767a8024,0
devgpt-0c11bb1875e6d484,1
devgpt-18b421f5544e78f9,1
devgpt-d7ff95996040a8f6,3
devgpt-b382c6c8700850d8,3
devgpt-47d616c21a6d39ee,4
devgpt-4e7a97258dd2538f,3
devgpt-26c4db72f55486df,1
devgpt-758563cb3e7868df,2
devgpt-d1b6acd4cb18bce2,1
devgpt-737b79c100231575,2
devgpt-a74e7b88d9e3e6fc,3
devgpt-6ea174df9ef3bd5e,1
devgpt-b326baecccdb3919,2
devgpt-35083c8a06bf5fcc,2
devgpt-d198baf69b510be3,4
devgpt-9aab2309561355ed,2
devgpt-d28e71b18e0cc88e,2
devgpt-4ab368b4f46f1727,1
devgpt-47d00e5609452e74,1
devgpt-0e57466e2f2ac3d3,2
devgpt-e20127d0479cc3c9,3
devgpt-e75adaa082ff4bed,1
devgpt-2ff7aa141a7271b9,4
devgpt-3cf56c4096ee9440,2
devgpt-01dbb7ee2831aba6,0
devgpt-13830f9161fbbeea,3
devgpt-c33886c69ca4a72c,4
devgpt-4c889d9a7baaf5cf,4
devgpt-2d9a2598713b35b0,3
devgpt-6cca2ad3bc4a08c1,2
devgpt-5c2a3a4d1c027eae,0
devgpt-cda1858216d5b3bd,4
devgpt-5a660dfa8dfeb1f9,2
devgpt-2bf7808e0b2c9cd2,3
devgpt-6773b166836a8ed3,4
devgpt-dad1aa2a5c6baa0b,0
devgpt-bd15c72dd0ea6cd6,1
devgpt-c13ee99493e3d912,3
devgpt-f925edc4a5a04707,0
devgpt-74b2119395a88dd0,3
devgpt-2a7c5280c47aac89,3
devgpt-6c81c45a8e451d6d,2
devgpt-28a10b07a3e291bb,4
devgpt-9b1df6291e0cb817,4
devgpt-f4f1d8034f74a7a1,4
devgpt-fec96ef368b43595,1
devgpt-46d04141f55e21e9,4
devgpt-690d98c27c2c163c,0
devgpt-0c1a60533bca0c03,3
devgpt-671c4c9945868d24,4
devgpt-acc6fd23fafb80c5,3
devgpt-06cce03877598c1f,2
devgpt-9ca3f34e234531fd,0
devgpt-6c00529cd3bdae14,0
devgpt-c5c1c0f33e4263c3,0
devgpt-3e726b22c256f008,3
devgpt-1cf89102270d7a3c,3
devgpt-caa0e09c3215a507,0
devgpt-945c9c8db2abec2d,0
devgpt-f5cf94b6a89c6141,2
devgpt-d3760a5be8d93ce8,1
devgpt-a5ced51ea2546968,2
devgpt-32868f24506ea283,3
devgpt-bf4e65510180a911,0
devgpt-230d3a25e13d204a,0
devgpt-81008510cd87ff13,2
devgpt-f69714adfd7f57bf,1
devgpt-806ac234b8a2e5ab,0
devgpt-44d942d32291a9bf,3
devgpt-c2dca0e690b2fc4d,2
devgpt-ca8826e059667ba2,2
devgpt-339b7fd7a6897b87,1
devgpt-7ce4b470ce520a3b,3
devgpt-2f69fcb01469917a,3
devgpt-962c740cd3e4e68b,1
devgpt-25f3df0f4fa058f1,3
devgpt-6854a1c4ef6187e1,4
devgpt-febe23b2688d0a32,2
devgpt-e022da98dce2be25,4
devgpt-8cf8798fcdb531cf,3
devgpt-dca04f0ad347d6cd,1
devgpt-b13ecb02e8a35da5,1
devgpt-219058370aecaadd,1
devgpt-d093818fa3f88f63,4
devgpt-c7edddbe1652fe16,2
devgpt-85c2cfc37ed153e7,2
devgpt-3b62c9f3fb2c6a61,2
devgpt-868f7de363068fda,2
devgpt-321ad572bff4a765,0
devgpt-72cd40fa1a42ac88,2
devgpt-aacad418884fe8fb,3
devgpt-61fa3b8fb1479dbd,4
devgpt-4e8827b9d0504824,1
devgpt-46658ec143e8539c,4
devgpt-9f9f5b12ec574bea,0
devgpt-ec7281611d8a5d1b,4
devgpt-30e4bd0d6d934ee0,1
devgpt-24d691c9fbfbb27b,2
devgpt-0249175985f01326,1
devgpt-06ae42602be95a66,0
devgpt-0a02549b6676f3ce,0
devgpt-10a22512c3baf4c5,4
devgpt-d3677e973963fb4a,1
devgpt-79e9bd99622b988d,0
devgpt-79c8d70e993e2972,1
devgpt-f05526c66f7f22c5,0
devgpt-24ba8a360c1a2188,0
devgpt-ffe953557d88fa55,2
devgpt-62bb41c989366555,3
devgpt-a09a452b4d5342b2,3
devgpt-8074a39da88dfcea,0
devgpt-a5870a644aacca21,2
devgpt-5f5bdc6fd4b758a5,2
devgpt-d25f74e60a8f1314,0
devgpt-dffdd0f2abef6c14,4
devgpt-93a6bba9c681771b,0
devgpt-8c0b072f37f001a7,3
devgpt-183a2dc18642e011,0
devgpt-f431915c623a51fb,0
devgpt-115f2ede7d75ae9d,4
devgpt-d49c26085bdaf775,1
devgpt-5eca68e335c38bb9,4
devgpt-b348db207326f9b4,0
devgpt-38e5b826686502b5,2
devgpt-0200a11c2b0fdf64,4
devgpt-f5e3dbe79b7d3662,3
devgpt-3aa7f7c294a24425,2
devgpt-45b87975cfdb51bb,4
devgpt-1073f92b2751c92e,1
devgpt-f98d5e21c811ccbe,2
devgpt-80fcd8dc0cc1dd8d,3
devgpt-e2261e28c2e2fb05,3
devgpt-5146f9fbdb50e78f,3
devgpt-4bb46f0b8e0a35ee,0
devgpt-d6321b4908600c30,2
devgpt-110f9bf81efe4502,2
devgpt-cbced0cb909d083b,1
devgpt-e3ceba5e5d2005ca,4
devgpt-5a93f33448f81da5,2
devgpt-56d6f3e2a05a7288,2
devgpt-2d953d52996b8d1e,4
devgpt-c4838cfb3cb99ecb,4
devgpt-00a3fa48d11f7d59,3
devgpt-449725e8c0303a37,3
devgpt-e9a4d13b776657a7,4
devgpt-386eae7443eeea73,2
devgpt-72342c6aefadf96a,3
devgpt-f5b66880b5349b21,1
devgpt-265c351b8782ed0b,2
devgpt-9269064a5f8cf5cc,3
devgpt-25e52178ed4d416f,1
devgpt-4ac2875a4493d96c,1
devgpt-ebe51c1e108c6712,3
devgpt-8d7640b8bf9e72df,0
devgpt-94b19bfd3e7207dc,0
devgpt-e7b382e5247b9bfb,4
devgpt-c5b3ddd2dc7e4171,3
devgpt-6d4f79dd4c0e96fe,0
devgpt-2c9cd4e11d52225e,0
devgpt-9e79af0539480a27,4
devgpt-fdc7d7697f485fd6,1
devgpt-aafdf6bffd8b835a,0
devgpt-1cd27078720ad657,2
devgpt-5076ebed3b992fa3,3
devgpt-e989b012b16390a5,2
devgpt-a5cd04eaeb61e315,1
devgpt-f5da0bc26a2156df,0
devgpt-4acebad2b0298a9b,3
devgpt-87afc1249c27d77c,1
devgpt-69db18c5bb01a985,4
devgpt-b4a07777cd592482,2
devgpt-4df1d1d9fac92fa4,3
devgpt-7d2ec83bf05855f7,0
devgpt-60aaac7f6b05f0a4,2
devgpt-1afe8315a9036b54,4
devgpt-1c11ba44d2594ac9,2
devgpt-6420c8555199991a,1
devgpt-3b0651414e850f48,2
devgpt-79274534259cd8bd,4
devgpt-5fbead1d775adb2c,0
devgpt-20ad0a1b4ac6b303,3
devgpt-cef5923731e17154,4
devgpt-a00b6f09791b832c,3
devgpt-949b5b57a30765c9,0
devgpt-e9327f880650f4ee,2
devgpt-036c535ae412a335,2
devgpt-392fffb47a3115a2,2
devgpt-923a26a417fd320e,1
devgpt-91639a7cfee919f7,0
devgpt-161f2554282bbd6d,0
devgpt-2b17b8f004e023a0,4
devgpt-59a2e62bee1d4bcc,2
devgpt-997a41f027a96154,3
devgpt-d8c68d80a456b64e,4
devgpt-4144e4fcc5f65966,4
devgpt-5856b863c66126be,1
devgpt-879c9a4944ba656a,2
devgpt-6c588e6468151eff,4
devgpt-51ca93b1e5fd42a2,3
devgpt-4f21c7b0a3b2caf4,0
devgpt-d91742325a757a87,4
devgpt-5817958344112412,1
devgpt-e4431a2687ebb90c,4
devgpt-b9dba1a92a4ffb68,0
devgpt-af964bcfa3bc8e0c,1
devgpt-829150d5673145c8,0
devgpt-69ab6a37cb45eecf,1
devgpt-6f31445755c2388a,0
devgpt-842a6fcd7cc4e88a,1
devgpt-ed4e6a873ff495ac,0
devgpt-bbb7bf8ecec23b5d,0
devgpt-eda79669736e2a6d,0
devgpt-6c700973fd420c8b,1
devgpt-26f9a5cce5d3828c,0
devgpt-7d58608a2736e08f,0
devgpt-35e2b3044ed6229a,3
devgpt-86f862286af422c5,0
devgpt-aa201dc5abe09c26,4
devgpt-a9f5f9e387f92f11,4
devgpt-f663b1fa6c23620a,2
devgpt-3fdc79d644b95446,1
devgpt-854ac08c694eef31,4
devgpt-14827af445347627,4
devgpt-0df7e47c3396834c,4
devgpt-0f18f37b1b0464a5,3
devgpt-622986a366e61fee,0
devgpt-d0ffe0cc66f961d9,1
devgpt-a1c372909a85c52e,2
devgpt-6b9034f7bd78cf5e,4
devgpt-92e07c57adf87eb6,2
devgpt-4c8b074be24c6b5f,0
devgpt-12b63705fec49e2f,0
devgpt-1473c69bb33986aa,4
devgpt-af05b405f97c67d9,1
devgpt-021d48b5b759920f,2
devgpt-dbcb2330bc9b54bd,2
devgpt-655a1f8b24b462e0,3
devgpt-1d81a8c38852d885,4
devgpt-2bb93840f142ae5a,0
devgpt-ffa2da2e510d6e6d,2
devgpt-22d7b5724c196077,4
devgpt-07845d79c57d2c08,2
devgpt-37c8f2b65f7dd01b,2
devgpt-292f23a9cd1ac432,2
devgpt-2ad800bb88a2e781,0
devgpt-edc95eb74f198f38,0
devgpt-308bb6a21fc89f85,2
devgpt-7abdb4d831da6642,1
devgpt-ab042ac4fb2d3e0f,2
devgpt-dfe57269921a44df,2
devgpt-3149ec2a1c1a15d8,3
devgpt-22c4ca53ecf42dcc,4
devgpt-e6ec11b8513aace6,1
devgpt-0d64dad178609b47,0
devgpt-303941635400d6ff,0
devgpt-002263ee94869322,4
devgpt-6d3b03fcd44580fd,3
devgpt-3cbae5591fe64c56,2
devgpt-3b69b15bb6cf8c40,1
devgpt-cb6fb20ea194fc54,2
devgpt-d6127b137db4162f,2
devgpt-54257b8db35355c7,1
devgpt-0b0846fab48671d4,3
devgpt-b0bbcfd934dd0279,3
devgpt-e6dfed898aeffd27,4
devgpt-d52c1023cb29f2cd,4
devgpt-6db6d3c91d0144ee,0
devgpt-512e7af85cf426fc,1
devgpt-fa3f11e95016c697,2
devgpt-3b588da742a2f856,1
devgpt-27fcbad089f165da,2
devgpt-348a9f765ee82f4e,0
devgpt-f1a7693bc0879a8e,0
devgpt-9f60a04f91f7c5e8,0
devgpt-5d7f79b03bd4f22e,2
devgpt-ce11b72ab82e0605,4
devgpt-bd2549ea221ddd05,2
devgpt-e232cb34e4e9329d,1
devgpt-c050a1ee0b996fd7,4
devgpt-bd65276132c08362,4
devgpt-b945a43cb34cada7,1
devgpt-20e5cc58d410b314,1
devgpt-2d51cfc9b43f6573,3
devgpt-6ac64e919aac856c,1
devgpt-db2c5944e21db257,0
devgpt-6aa11cf7678df6f3,1
devgpt-c77e0d4c5eee6da3,2
devgpt-66af055ee2dd6412,4
devgpt-7c78fde054eb5ad2,3
devgpt-11ad9d758ed15d0b,0
devgpt-71a528d21dacf7a6,2
devgpt-e085fe7b501eb899,0
devgpt-77fc932c1f2221c2,1
devgpt-a4e5ecf748f1b6b7,3
devgpt-84d7cff7c6430ad4,3
devgpt-c7be03f736098799,3
devgpt-7b614499a10f361d,0
devgpt-fc3654e60bbd67d2,1
devgpt-c8b10ed1b27c6743,1
devgpt-9b3b5bc8618f8593,1
devgpt-1ad79e2078e95b2f,0
devgpt-a08127bdd70477b3,2
devgpt-246dbb33445e3339,4
devgpt-c735c212062a7766,3
devgpt-93e89c98f7818673,2
devgpt-55ae72577c3af99c,3
devgpt-87122f5dd969a5a8,4
devgpt-98c40b9efc5eb9b2,0
devgpt-9568be1a36e41b18,4
devgpt-850bcda18fb1868d,1
devgpt-5880dc94006d5dca,1
devgpt-e9560418f9ff89d5,1
devgpt-509d54e30ff91e18,3
devgpt-9edb04e08eca38e9,2
devgpt-54f22db7a8b945e3,4
devgpt-bc6cabd68677a3e6,4
devgpt-a852df5e46fd5956,1
devgpt-b3bf7310453f7e7f,0
devgpt-0753fc1c692bac41,4
devgpt-922fb23ef6b3ec7e,4
devgpt-af58f1beb3867416,1
devgpt-a1412b95d8c32168,1
devgpt-c5f619b5fe86cd66,4
devgpt-0a28fbecb06be617,0
devgpt-c5b259f4e7e1d94c,1
devgpt-183b37dfddf171e5,0
devgpt-e52aef2b5dce0597,0
devgpt-75ef0bd4fca1f3ae,0
devgpt-113a2f780f3a12d6,2
devgpt-b86f4b5850249b52,1
devgpt-858c833136ec4017,4
devgpt-27c915e04897305e,2
devgpt-7c298e80e8eeaa9b,2
devgpt-945e096eaec44823,2
devgpt-20d7b0e5bb0dcd25,0
devgpt-05803da40be41f08,3
devgpt-52bafb0f02d4c6f8,4
devgpt-e91c53207859030e,3
devgpt-c5bd5998e10f7e91,3
devgpt-ce64fd40e4296381,1
devgpt-9d47942565c4b86d,4
devgpt-fe1a5034e4212e0c,3
devgpt-abdc2d92f1c95ca0,0
devgpt-d380f7997ad3314e,2
devgpt-7c5f5718a70d47bb,0
devgpt-9c3bba1666173364,0
devgpt-bade58f50684fe7c,1
devgpt-fa6e635d3990e758,0
devgpt-79ca8ee5ba6cfc38,1
devgpt-05c0814dd3590bc9,2
devgpt-51e1b9a72c914748,1
devgpt-685630d2e7dcab6c,3
devgpt-926a508d5bad6d72,0
devgpt-11add7ce398cf025,4
devgpt-cfc53686297f0abd,4
devgpt-4a4c4cbe7c5dfb94,4
devgpt-de108576f78bb906,3
devgpt-e36e1f62e69502aa,1
devgpt-f2302071da3ebcc1,0
devgpt-01c7efb3cfb18af0,3
devgpt-e0839f02cfc3681b,3
devgpt-74fb361ddc97a437,0
devgpt-423c5163d7b46a7c,1
devgpt-7dfeeb157c41b4d4,0
devgpt-ff237e0099ee953f,4
devgpt-00f9df251bb0a748,4
devgpt-d529d59dca1b5259,2
devgpt-1d9e2c0e0cf07d84,2
devgpt-33153c67fe821f8c,0
devgpt-05ce37febc57c3b8,4
devgpt-3ea9917a9de06ebb,3
devgpt-b17178c40e4b2bd8,2
devgpt-77523160499e1e51,3
devgpt-798ca5e9d435a536,1
devgpt-8f0b4b8ba2bb544b,1
devgpt-5b0c047df8416637,1
devgpt-c0852cb2b035e612,1
devgpt-3dabdc07e5a6ec4e,0
devgpt-e335da198c416dd0,3
devgpt-67ca485511cf9fe7,4
devgpt-27dfc24589e00606,1
devgpt-69f233395b427f2e,4
devgpt-6c9f8820cb1db74f,2
devgpt-21c38ed1583128aa,4
devgpt-f2b562b7bc607901,1
devgpt-8d3d621274c85407,2
devgpt-da578398a84f1602,3
devgpt-4838db650923ac15,2
devgpt-cffe158e4e5e60e2,2
devgpt-c7413f03f11fe3fa,2
devgpt-ffa249f0a77de926,2
devgpt-074bda4533d58c2c,1
devgpt-0d86dbee21c71133,2
devgpt-1d90408e86cd3c5b,0
devgpt-537e647a49449904,3
devgpt-4cdfd2ef5468fa82,1
devgpt-cc457e1c15721016,4
devgpt-195bd25fbf931ce7,3
devgpt-32350aad012f4289,4
devgpt-cb96b55ed2a336f5,1
devgpt-d64e91b2c2770d0e,3
devgpt-912bbd01c2ccc99a,4
devgpt-61b675129f84d3fd,0
devgpt-8475f99dcb207fc2,2
devgpt-381452e5ae8acf6f,0
devgpt-347c47bc7d2e3cd9,2
devgpt-15bbe61da6291e05,3
devgpt-57ef53447366721b,0
devgpt-8dfc77cbd268b32f,3
devgpt-38caa164517856fc,2
devgpt-5966d1f344872d62,3
devgpt-58b6202ed76d7222,4
devgpt-bc5dfa6f5268c27d,4
devgpt-39887c182c51eb49,3
devgpt-9fe25a0031904d7c,2
devgpt-f544640e09f422a2,2
devgpt-e61674a2869148b4,3
devgpt-39f75f97dbba6140,3
devgpt-4d3553fa316409b4,0
devgpt-9d6316fc2a169a36,1
devgpt-ded4adc0b370b278,1
devgpt-b4f7150e7bd49868,2
devgpt-35f86d40f4897718,0
devgpt-76bc8a57b5620d1a,0
devgpt-98492068d10b7d0b,1
devgpt-25fa5b49571dd431,1
devgpt-14b0b7dadfce7f93,4
devgpt-ffc0203cbe20b20b,0
devgpt-60acc79f2517162a,3
devgpt-48bff84094f8de3e,0
devgpt-f16f4bcfa4433ad9,3
devgpt-5ad5760808087347,0
devgpt-77ce2c38916e3a43,3
devgpt-25082fa5a519e58d,1
devgpt-5565ebc60c822be3,1
devgpt-5ae71bab5ef02b1b,4
devgpt-55b3a980d54c3555,4
devgpt-5f856959030d5d8e,4
devgpt-f9bb955594c0473f,0
devgpt-27e46a2ecdd43c99,2
devgpt-312c798978bb7477,1
devgpt-1b6d4aaa0af490e8,4
devgpt-52e679b2e043bbde,0
devgpt-932b8e3468ade4e6,1
devgpt-bbcbd9cb64a1c673,4
devgpt-fad8adf0e6fd1e89,3
devgpt-5bf6279b0113cc69,3
devgpt-209058281671a278,0
devgpt-5d48ef7fe0697d01,1
devgpt-b3908243216fc056,4
devgpt-fb8530e822a6d073,1
devgpt-ebc34413f346aede,2
devgpt-9a100be48fd5bc03,1
devgpt-71496d66532caaec,1
devgpt-08be6c4ae9d3aa49,4
devgpt-60c2f78c572fbb03,1
devgpt-a18ef3ea0d5604b0,0
devgpt-4a9f6883861f48a9,0
devgpt-00f601a29f625ff1,4
devgpt-fdcb972767aa6a0f,1
devgpt-002cf6acc2d90315,1
devgpt-a22eaeea1204b0fa,3
devgpt-9ab119b41195ecde,4
devgpt-0e5a2a07a6b641ee,0
devgpt-50bfb76f280e9bd1,2
devgpt-d4c8b49fd0b7d9f8,0
devgpt-c2701cdd264af00d,2
devgpt-715867539bea21ee,4
devgpt-7df1678baa7e83f3,3
devgpt-d165f3d0f2ecf1d9,4
devgpt-a537ca58b17f96ad,3
devgpt-d08eaa18cc185f5a,2
devgpt-5a11655cad0b0916,4
devgpt-a85ca534e449d778,3
devgpt-c0b3e6d7e25d3281,0
devgpt-1d75c24406820bb5,1
devgpt-912cfe24f8a75fc7,3
devgpt-560e54713ac894e0,4
devgpt-1ceadd3431215de1,3
devgpt-525da3c10dc6b9a7,4
devgpt-fdc74037b768c143,0
devgpt-c5b129bf138b2ad4,4
devgpt-ae887955b3d27239,4
devgpt-e6ccc842f0423de5,0
devgpt-458bad03c271af5e,4
devgpt-c20df865de7758e3,4
devgpt-13924916e51c2e5e,0
devgpt-e2aadcd7be925a5e,4
devgpt-d8aad17e3ae89037,1
devgpt-3b242e000a1b1e5e,4
devgpt-c9928baa12b427e9,2
devgpt-6fe8dd4826af43de,2
devgpt-6d3859cb7b2dc875,1
devgpt-744f1911581fb92a,3
devgpt-a2d3f09dc2c37533,3
devgpt-4d4b949c2b5e6a84,1
devgpt-402419274e3a7e15,2
devgpt-c273bd199d2a0a6a,4
devgpt-22e88ac19182a7cb,4
devgpt-76dbe80bd0457f06,0
devgpt-45c2841ef5af9b9f,2
devgpt-2321f39db7831880,1
devgpt-ecbeacbe64531aeb,3
devgpt-0ef98997f33668f9,0
devgpt-b068bd829208e342,1
devgpt-1722796cc14303e1,0
devgpt-b15308c66791f3fe,3
devgpt-e330c8ad97b1ca83,3
devgpt-80c700f82bb8051f,0
devgpt-1007f62ec0bfa96f,4
devgpt-ac6856fcbd85477b,2
devgpt-30aa0dedcefc5502,0
devgpt-dae61577cab4e3be,1
devgpt-eac3ab173a4de1db,0
devgpt-0b36cc46a44c2c84,0
devgpt-f85f66dd604ceac7,3
devgpt-d7063b748b515d5c,3
devgpt-2a0a42ca86933776,4
devgpt-8f0e7521ed6b01e4,3
devgpt-5b5caaa3fb6babcc,0
devgpt-46ada6810d3cf87d,1
devgpt-d8eb240cc1380674,4
devgpt-0429eb462b36a8e7,3
devgpt-47402fffa4f31816,2
devgpt-035d4a89b417bfb7,3
devgpt-4b5357b9b80f65c2,1
devgpt-83b1248b88324102,2
devgpt-040d6bac32daffb4,2
devgpt-191e5c776ad3cdea,1
devgpt-1bae9b179cb0db78,1
devgpt-e25558bbb03125d0,1
devgpt-0bd76195360678bb,4
devgpt-f3210b8d733c691f,3
devgpt-0558cbc98dff26f9,4
devgpt-876c3d11f50c5189,4
devgpt-fefb9f1c303891f4,2
devgpt-5ae99485f5fe49d8,0
devgpt-8cf3dc7d0d9fb5b0,0
devgpt-8a5a648ab6c7d676,2
devgpt-b8694e3ab558538c,0
devgpt-20c19f5d2a94bf8d,3
devgpt-53dda141da459eed,3
devgpt-7a25b8c64dee64c0,4
devgpt-f1c4d5774551c837,2
devgpt-5789f94e8113568a,1
devgpt-9eea03ed1590e897,0
devgpt-11589af3f7cc9b3d,1
devgpt-302ca7f45ecf7f6a,4
devgpt-6cd6bdad125aa419,1
devgpt-2d068abec8320571,1
devgpt-a0bea1baf9f1497d,4
devgpt-8e7007f7905423eb,2
devgpt-a30438aa9441ece1,1
devgpt-b229ed17dac8781d,2
devgpt-09f54ff4864eed48,2
devgpt-d95f5b18c16110db,0
devgpt-8695eb472250725c,3
devgpt-8c2413c6d78005d3,4
devgpt-bf462bd178aa3328,3
devgpt-53ec6a8745955934,2
devgpt-00018588c9fd1224,2
devgpt-0af15f4414a868b6,3
devgpt-2d0e7d47c166e675,2
devgpt-84348d7b029924d1,3
devgpt-ced156b9d9a18f1c,3
devgpt-926769c70b68532b,2
devgpt-ce712ef86b47a907,2
devgpt-79a070d4a2038d8b,4
devgpt-cc9a9952da7723b9,4
devgpt-f71af5f0d0f346f5,2
devgpt-ae958bcb2fb9efd8,4
devgpt-d2440473f9fd660e,2
devgpt-bb4d0df84d04957f,3
devgpt-7f542a820f96e3ec,4
devgpt-9660b256ce80379e,3
devgpt-7032d5c8fc66efa3,0
devgpt-210b4570a14ce1fb,2
devgpt-a5ef9dde3afa8d3b,4
devgpt-7509d9e7c20b0624,4
devgpt-f37bc0fa2d6d9a49,0
devgpt-404aa642a9d5c744,2
devgpt-58d76f893d62d445,3
devgpt-0b0e871fb1dfe06c,3
devgpt-d0bdeedc88371a91,3
devgpt-10fef4290f01fc5a,4
devgpt-fed23712082cb44f,0
devgpt-77eb54170870d1f0,4
devgpt-837c595c4bae47bc,2
devgpt-de18821af2f92247,3
devgpt-248fa4d7b240933f,3
devgpt-184025df5ab9685c,0
devgpt-9939c072d7c5cfd5,1
devgpt-3e1932352f8c9b4d,1
devgpt-d1d9ff5c6f40fdbd,3
devgpt-de75d5f8499dd473,0
devgpt-c35016cd9ee2ec9d,0
devgpt-bafbf217111465f8,0
devgpt-58a09a484db381c9,1
devgpt-0ccb5f44e2f41e52,2
devgpt-cefa66fe67aa9129,1
devgpt-294baa605db1d940,0
devgpt-aaa923c43f7517af,3
devgpt-364fa1a4e8e9a2f1,0
devgpt-2a96bca9f3bbfd63,3
devgpt-d72d2e281475887a,4
devgpt-db648193b23d77ae,3
devgpt-a2d1868dca930ab7,1
devgpt-6d21a36e5af46304,3
devgpt-f7fce854e492cf07,3
devgpt-e555688f72efa26e,1
devgpt-07a6208440c058dc,1
devgpt-361cc124d991270b,1
devgpt-5e9eb35664b1f364,3
devgpt-ffc842f96525cc20,1
devgpt-db2a146e4f1593eb,4
devgpt-d717ff11f505a57f,0
devgpt-00a5df6525bd6b18,2
devgpt-62bcf85c301fddea,0
devgpt-bf1bf8bf7d06c8b7,0
devgpt-2b089c7d0717035d,4
devgpt-8c931888046ebe25,0
devgpt-eab4b5b3bf3afd39,4
devgpt-ca28f50f21e29082,1
devgpt-490d45709e5b7efc,4
devgpt-dd4e44e97c1a9fec,2
devgpt-37ffa7c4ae2f47cb,4
devgpt-0521818a84563d59,3
devgpt-c2c927510574dbb9,3
devgpt-eac1e40738fccdd6,2
devgpt-a8345a824518ddeb,1
devgpt-bfe288de52c2dcda,2
devgpt-3b18fd0e5e195235,2
devgpt-7372e54362625b00,3
devgpt-8c66bba372a01a85,3
devgpt-fb8b6d8cc0b7820b,4
devgpt-295b3d90149b1a11,1
devgpt-b9cd578772b2cf46,3
devgpt-8be1b196b52a0d2a,4
devgpt-006848aab15d7d17,1
devgpt-af4576865cba7406,3
devgpt-7d9d7a04f94403a6,4
devgpt-e69aaeb31e1bc724,4
devgpt-90981f7e658d5c1b,4
devgpt-a08207150f8b883e,3
devgpt-602a9757e7b2b7e6,3
devgpt-0150d1d510cd8af0,0
devgpt-97cf39bd8fc31889,1
devgpt-f72e55b92814d4f9,4
devgpt-bbb358f24c92a1a6,3
devgpt-cce1798f7b3cd0d6,4
devgpt-89e45ca28aba6a42,3
devgpt-899b5354d2c1dd91,0
devgpt-113f956d5f2271b9,4
devgpt-b3c72be1fb5202b4,3
devgpt-6d1b2caf117321a9,1
devgpt-25918036760f1aed,0
devgpt-91a32ebdd1b5c676,1
devgpt-9347364e2a1539f1,0
devgpt-4cf92c134e8d8b46,1
devgpt-f87b0c16e5956cdb,0
devgpt-505e275e95ec42a5,4
devgpt-630a62534b36110f,0
devgpt-cb00e2fa49f4a08e,3
devgpt-8a90141cf5b6e253,3
devgpt-0e4d016b6d8f90ff,0
devgpt-6857c06279fd4fa6,4
devgpt-c9ac5cbfa50e973d,2
devgpt-0b52eb5d97a79420,2
devgpt-fb0d8d1754d11b91,0
devgpt-f99fa88936cf6900,2
devgpt-ce7d1c731389f6d3,4
devgpt-7061eb1e6a94a284,2
devgpt-611a49b03060d3d3,2
devgpt-4d746fdbec5f4020,1
devgpt-d22c24b25b43a366,1
devgpt-bab1804df7095cfe,2
devgpt-2cd2cbce1fe69e91,3
devgpt-4c9991649be5cb28,3
devgpt-04c98deb18a424ad,4
devgpt-d5c5a7ca24cc0169,4
devgpt-0442c7345a53288c,0
devgpt-3d8734879b4f1604,4
devgpt-5c0f0d30aceeea13,4
devgpt-48fa05c145878c9e,2
devgpt-089300ff0230d59c,3
devgpt-fc3a6bbd5a3aa4bf,1
devgpt-ab646a65d2048402,1
devgpt-078610177d528ecc,2
devgpt-87d29c0816325e6d,1
devgpt-a75b37f02717bed4,4
devgpt-35d8db4eedc4420b,1
devgpt-d46aa59221df2169,0
devgpt-1a97eee39c9a66e6,2
devgpt-6104b58b524387ff,1
devgpt-4b1cc579caef4739,2
devgpt-b313f859ab77a85e,1
devgpt-8cf79d2bdf56f396,0
devgpt-d4b69aef51d2a538,1
devgpt-f22ed6b36c87221d,3
devgpt-bfc5d535220d6136,4
devgpt-980e7478e73b3172,2
devgpt-3fc9ec1ded1bc23b,3
devgpt-f4925a4fbc4dc61d,3
devgpt-b78be3d6aadcc343,2
devgpt-f18ff1821cbb6cce,3
devgpt-6e0fa49f7d79197d,2
devgpt-91f68fdb3e467482,2
devgpt-7021ae2b2e9037b8,1
devgpt-81d080e972f4dd70,3
devgpt-d28622132b7f42ce,0
devgpt-50734a9768cedceb,2
devgpt-084da879d3f66807,0
devgpt-8595e559bb67c3e4,1
devgpt-f2e5259b6707bc27,1
devgpt-61aa1f1e304c400e,4
devgpt-1988c65fab917b95,0
devgpt-7ce6bad48ffc429f,2
devgpt-5a979d33f688ebc2,3
devgpt-a09e3270eeaebe05,1
devgpt-82ed4dece19437ee,1
devgpt-c0872076a49efb31,3
devgpt-ac92e07eeb1f1c44,1
devgpt-1a1d13ec73ed3046,3
devgpt-406683203802e2cd,1
devgpt-1e53f0cebe3cc120,0
devgpt-13fa03742bd919c5,1
devgpt-93a3c764d0217338,0
devgpt-6b53d0a52de776de,4
devgpt-4d7696b9738b3405,3
devgpt-076c16686940bc93,1
devgpt-5d0684efa2a94b86,3
devgpt-0d2bc60e090d2dc1,3
devgpt-1e2d2d07aa97b22b,1
devgpt-08aa2b6cd04c47c0,3
devgpt-00d30ba3297c77f2,2
devgpt-cb6ccc7144d1606e,4
devgpt-9d8e2acb7679bba4,2
devgpt-6c76b2a713f2afff,1
devgpt-a11b8353d82c7f4e,4
devgpt-962bd0f2da6c4121,1
devgpt-b0146e1e9db2c302,4
devgpt-2da45c2134f58e00,1
devgpt-c095eb8aaaea2283,3
devgpt-991dcbb7927cabfa,1
devgpt-9ba48a8ddc5febf1,4
devgpt-4572cf51c8b49b19,1
devgpt-8ae1c360ae0296db,0
devgpt-930a31a22ea306aa,4
devgpt-72415fc22fcddbe6,2
devgpt-d7174376aee0e195,4
devgpt-1ce966d25f15f8d8,3
devgpt-4fca21ea81d4105d,2
devgpt-3816479690c32a92,3
devgpt-7fb9697e99e61734,3
devgpt-2d09aa5dfe0da6cf,1
devgpt-36642daf65c6aae7,3
devgpt-80f914f876919ded,2
devgpt-6af1e102a5ae4581,4
devgpt-055772782e94450b,3
devgpt-03982f2d16e79aa3,1
devgpt-a646aaf6cec9a52e,3
devgpt-bd4cb8afdc31ce1e,1
devgpt-3178561fdb7bb91e,2
devgpt-3f317ff34916b933,3
devgpt-6bc57fe70625aa1c,0
devgpt-4a966c6e344aad67,4
devgpt-66e8a9fd989134fd,4
devgpt-648b07d89278ff9e,4
devgpt-a3f89d8a42d8ae92,3
devgpt-d494265e0b93bd93,3
devgpt-6df0fcee804b963e,3
devgpt-baf50a20c9599f93,3
devgpt-4cc5de522c932f01,1
devgpt-5668c39fce854edd,4
devgpt-8a5d002821f63cfc,2
devgpt-496af4a51537750c,4
devgpt-0497b28484cef1c2,4
devgpt-dc2eb4e9691504f2,2
devgpt-3b6facb5c2d1a139,0
devgpt-fb4341cf667cdc56,4
devgpt-67f0f862f36e9e1b,1
devgpt-e8aebcf67b9553a7,4
devgpt-d19e1442b96ada7c,2
devgpt-4c07a17ede884831,3
devgpt-65fa3c9e2b8061cb,4
devgpt-864253b83cc70586,2
devgpt-0c5c0a8c6255658b,4
devgpt-4f472d3fa872a243,1
devgpt-6a4e3f4633f66d44,2
devgpt-2c1499b5e6456caf,2
devgpt-61c5cb25bbb44700,2
devgpt-7e796b61413adbc4,2
devgpt-eea0ca8830959412,2
devgpt-e735800fff2c6f2e,0
devgpt-3d6e519b712f3ef0,4
devgpt-b9f27a41e9820c8f,0
devgpt-110345d905ead399,0
devgpt-2a20e098a349ef36,0
devgpt-689144cd6e113675,4
devgpt-b45831e613901a0b,2
devgpt-ebd6a1b9f48114d6,4
devgpt-58ca77a027576a97,4
devgpt-b459d868359f9ecc,0
devgpt-b0ec246895e03a9f,1
devgpt-a47ad955bc2b4288,3
devgpt-af0d6f38ff7c6911,0
devgpt-ee9ca4bcc697ee77,0
devgpt-631c9922625529dc,1
devgpt-69fa09f3934d4fb8,1
devgpt-86f1d586f6535932,3
devgpt-b91d745c72935510,1
devgpt-e37171e4f0927a6c,3
devgpt-4ce9c33089932e0f,0
devgpt-7cb6120378bf0b09,1
devgpt-34a69bc164aacd6e,1
devgpt-4f68070233bf10b2,3
devgpt-a5e1fd4abcd3734f,2
devgpt-4cb47933fbb0f036,0
devgpt-0a0650df97dac03d,2
devgpt-9e72ec5d21eae5f2,4
devgpt-624a81f2d35cfcd4,1
devgpt-0e3578d41c2be045,2
devgpt-bb344af5c75924e9,2
devgpt-88e0696a746f8c20,1
devgpt-d44f0ceed548c281,4
devgpt-f163276a8d99b28f,4
devgpt-2aef60f61843d26e,0
devgpt-855ab46638b39acf,0
devgpt-0e30f68966bd60d0,1
devgpt-1a8ff98b80e70c56,4
devgpt-96669556a74350f7,4
devgpt-63665afeb6667aa2,1
devgpt-0b6ba2ad89c778eb,1
devgpt-c95d8f8681006c44,1
devgpt-4d89caea10c78bec,4
devgpt-e9b632b253b21c1a,1
devgpt-9c8c3ebe1f58e9ca,0
devgpt-8af84d3942c7281d,1
devgpt-5849a05841e51046,0
devgpt-d143efbb273bd4cf,4
devgpt-2290d73c2c49ab04,1
devgpt-eed19d42ac61cb66,1
devgpt-9f371d958b252930,1
devgpt-27d98ac72d91c8d3,2
devgpt-a4331febe27ae9b3,0
devgpt-671dd7bc66cbfaa6,4
devgpt-76945b2c0ce3333a,3
devgpt-2a63d88aedb83eab,3
devgpt-da69c1b22999104f,2
devgpt-2eac3143e484d570,1
devgpt-a62b12379b891ad7,1
devgpt-b723757e8434dd04,2
devgpt-252db3cb84418996,3
devgpt-0c321913433afeb1,4
devgpt-94146499d4378863,3
devgpt-6d6fbbb480ae85c3,2
devgpt-11f2837d4444e042,4
devgpt-baa7fa96e2074988,2
devgpt-40b8543673aeaed2,3
devgpt-785d4ffcec5e26fa,2
devgpt-dae6367cda574056,2
devgpt-8b00a91bb222663d,4
devgpt-f80e683be0da9890,2
devgpt-244f8af1e521667b,1
devgpt-ad0ccb1e1d5e7a57,4
devgpt-3064895e5251b995,1
devgpt-d974160959664580,1
devgpt-7f7ca830c890072f,3
devgpt-5cf227e923c8875c,1
devgpt-856f842131b8f9fc,1
devgpt-808b8ad124122d2f,0
devgpt-c791e402271c0d9b,0
devgpt-6121b8ca1154271c,0
devgpt-9ca7be48472442cb,3
devgpt-bf67c6d8db5fb0db,1
devgpt-12814e04f5284768,3
devgpt-36bc44a37f4aae9a,2
devgpt-c2b48e3554f39633,1
devgpt-f23e825b7e1a8ed8,3
devgpt-2a215bae9c4c1fd7,3
devgpt-c07b45bddd0dab84,2
devgpt-6cb3ba7e76ff5e5f,4
devgpt-57d5703818a33aee,3
devgpt-68b0f735d996c915,2
devgpt-ab6c466e0660ae63,1
devgpt-36cbba1d1ba309bc,3
devgpt-3fa72ba9b21b68bb,3
devgpt-716b182dfd417321,4
devgpt-145a61b8931f344b,0
devgpt-40629203f8a9dc9c,4
devgpt-a39f5e9351715530,3
devgpt-b46744b46edb33a7,0
devgpt-0d5f7493203c0f95,4
devgpt-40e10fc822cf4a33,4
devgpt-4adf6877d94079c5,4
devgpt-ffa8fc23fcd39256,4
devgpt-92b1a2445a3a2140,3
devgpt-237f6c71dd27450e,4
devgpt-efa0582e063bbc8c,4
devgpt-06bf9bf5b7c4e0c2,2
devgpt-8d933792803e2b66,4
devgpt-7bd428b05e59b4be,2
devgpt-09038acfafa29777,0
devgpt-ce2db7e7705d7ac1,3
devgpt-bae1ec839bdc5ea4,2
devgpt-12b0a2cb69345018,1
devgpt-22a861384554b01b,2
devgpt-c7ff00a88c9d9e0a,4
devgpt-db63d19970afa35f,0
devgpt-5115da6b896588db,0
devgpt-76b2b1df63231152,4
devgpt-1d8d6512f8cce848,3
devgpt-a10426d30ce0dd7b,3
devgpt-edd2e25a34fe1ce4,2
devgpt-ce78edaf1b679035,0
devgpt-819cba1ab06bf134,3
devgpt-059e6905525e2526,3
devgpt-2b8ab01122776f13,1
devgpt-928dc7b3ab6880d7,2
devgpt-17675ca734fd3594,0
devgpt-516349fd02155995,3
devgpt-f461e73c92684bc3,0
devgpt-9d42becbc95baa3a,3
devgpt-0074296fcf2e9c28,2
devgpt-649e6cebab056419,0
devgpt-7acd885ad09d2448,4
devgpt-42e396c6bbe096e1,4
devgpt-5686848ff02ccc68,0
devgpt-412ef3c62e2e53b7,1
devgpt-37374a7d6d8ef736,2
devgpt-262ce8ddfb9c69d3,0
devgpt-72aa0d21953bed71,0
devgpt-53d3d270234d515d,0
devgpt-b30543adaac06620,0
devgpt-56c7f2ec9758a3ef,0
devgpt-22f8ecd5d2cab527,0
devgpt-c6fccf68dac6365e,4
devgpt-88ad3865bf43a4e4,2
devgpt-04672e1ed0baf349,0
devgpt-3cd7b3c12f09daef,2
devgpt-28a36a8c2a7f3e70,4
devgpt-263d40bc40eec584,3
devgpt-8032c207ef24ba03,4
devgpt-7e51746b749e90d5,1
devgpt-a28d64026a3da9ee,4
devgpt-128367dcaa71ceb8,0
devgpt-02a592d48b736bc3,1
devgpt-859ec2d62aba693b,4
devgpt-1ef4c47290d7c958,4
devgpt-20996f591dee196d,2
devgpt-07fa7c35050e9b1e,0
devgpt-be15d93d38f54ef0,3
devgpt-1acd0d86ce14c9bc,2
devgpt-94c6a069231eb6a9,0
devgpt-bc34bf53595b0d24,1
devgpt-f3c3328467436a43,4
devgpt-22ff5c2acd816c84,1
devgpt-27726501f76afc58,3
devgpt-c13ec6964cac22b5,4
devgpt-d624fcf40fbb91b9,3
devgpt-980216a5b39faeef,3
devgpt-1fe534a34731d6a8,1
devgpt-d70d0a4789ac1750,4
devgpt-ce676af5c260e075,0
devgpt-5f3724a1db9c4ff9,1
devgpt-6bf4f9ecfb45e738,4
devgpt-1e6b950d6ca40be1,2
devgpt-262b207980a73ea4,2
devgpt-8a7100d122cab28e,2
devgpt-eaff936069166a89,0
devgpt-69958413ede98aa3,0
devgpt-f890013c9b2e4e17,4
devgpt-cced1f89336eafa3,2
devgpt-1071fec2cf04c020,3
devgpt-004517a3d35900c4,3
devgpt-0d94f91a11df58ab,1
devgpt-8e7c9f9a16f7f382,3
devgpt-55bac32157733950,3
devgpt-f2f85084da6389de,0
devgpt-dc5474c5dbde8da7,2
devgpt-1d4a75fdf1dad4fa,3
devgpt-378d6836ceeb9a2b,3
devgpt-da597ce38fcdc549,3
devgpt-bc1c65abbfdec675,0
devgpt-4481e8981d71582b,1
devgpt-46d293b14ff2cd33,4
devgpt-25f567e21e588b58,1
devgpt-6b16c7a2c1176555,0
devgpt-e5625c2177706154,3
devgpt-896548010aca7c62,4
devgpt-5961906597150f86,1
devgpt-0b7c2a4c5e0aaece,4
devgpt-d9cb9d5fd4e31c46,1
devgpt-0dd686628cc6c932,1
devgpt-17d261c8142a302d,2
devgpt-fd43b37289fc5b09,1
devgpt-b063f0b491deb480,4
devgpt-f5ed01702fb3c80e,3
devgpt-6696b64799b27543,1
devgpt-f0627d788de8be6a,2
devgpt-ffc6983e28df4e2d,0
devgpt-5de7fa5b131da95c,1
devgpt-df92df58d0c93a04,0
devgpt-f3ecbbb093cfd107,1
devgpt-2bee376076edff6c,3
devgpt-2fc02a2bad267dcd,1
devgpt-bdda4ce8557b3102,0
devgpt-b087489f768edb20,1
devgpt-eeb8a00859bbabd6,0
devgpt-25435c97c404a0d2,2
devgpt-d6d5809cd198457e,4
devgpt-6af7878d72ce9d99,2
devgpt-58039b28fc9348c3,1
devgpt-e3d37949a0b2e396,4
devgpt-acc83e07c0554eca,3
devgpt-fd27fb2f2ccdca91,0
devgpt-96e544872c226a35,3
devgpt-2d9e3dc0ae2c120c,4
devgpt-73a3ce0c00dd3d0a,3
devgpt-147e2a099a05cf28,2
devgpt-04a4378fba0116bb,1
devgpt-00bd79d3211b4fa8,1
devgpt-fbbf523f4a91e7ef,3
devgpt-afc401700dd4c9a4,0
devgpt-8d1bec15cbf67b83,4
devgpt-57f872823288c78f,0
devgpt-c3a849f188325439,2
devgpt-493cf41724a5e2d0,4
devgpt-bd2eca43c07aaae3,4
devgpt-5068e2a06b42ac50,0
devgpt-dc95527d76bf2adb,4
devgpt-46c5eb3185149b6b,3
devgpt-2662e7842fb4a43e,4
devgpt-1658b34af9b0ba08,2
devgpt-ee343192f819f1e1,4
devgpt-0c4148005f60b774,1
devgpt-a210e802a6453215,4
devgpt-2fe97e11f3e6dad3,0
devgpt-c1c00bcff2ad28f0,1
devgpt-84cb3c7b550f5b01,3
devgpt-e6945c12a8398f1e,1
devgpt-4d4a5ad1f0b72489,2
devgpt-d5c17774536e22a2,3
devgpt-98c6e75ef4a3e4fc,4
devgpt-939894b5e20a0f5f,2
devgpt-584ba8e1300ba2c1,3
devgpt-e02ca5e0867eb89e,2
devgpt-41981d07fb3ce359,2
devgpt-7369fe997f4bcf33,3
devgpt-40736ca80b0ad49e,3
devgpt-75234a174153e29f,4
devgpt-0ba50297ae8ab2fa,4
devgpt-eaafcf1eb6c84f79,3
devgpt-56864eb58a8b8778,1
devgpt-003baf7dc2e8193f,3
devgpt-1224d4daeb5c5f98,3
devgpt-ee9fc5b9aa92536c,1
devgpt-6b3c29b208593486,4
devgpt-1ae8bef8f3ac13d3,1
devgpt-1f2bf6906634aa31,3
devgpt-eb4dd35bda698890,0
devgpt-e0d7254ba553cc75,1
devgpt-6ffb274ae671857c,0
devgpt-6b1b6cc58012321f,4
devgpt-f34d26f5891a6833,0
devgpt-14dff8749e7387a8,0
devgpt-b94fee59734998c1,4
devgpt-bfc694339c160268,3
devgpt-77f05be2977aca18,4
devgpt-23d58384d17e04e8,2
devgpt-4cc373e35753013f,0
devgpt-53fb64c61f7ebf95,1
devgpt-b31e86c5ce18011c,2
devgpt-aaab79a3dd081d64,4
devgpt-46396685a9e0edd1,4
devgpt-91d97fbe09a20cf3,1
devgpt-dd8706e45750a4cd,4
devgpt-2d2072d6fe99b316,0
devgpt-7525d9f74f6da820,0
devgpt-529cf8ec7cfa2952,4
devgpt-f52e85d80c3b3d5c,4
devgpt-74bb1d16ce31b17b,2
devgpt-f922c3f054f195a8,0
devgpt-0c2662cce71b3af1,1
devgpt-cd806db36148fd94,3
devgpt-bb03a8284463facc,1
devgpt-8fe46ac9065868b0,2
devgpt-de2264332b8994ae,1
devgpt-848a840aa8ce9f11,3
devgpt-c0f3af568546e696,0
devgpt-8fe6b278265b4b44,2
devgpt-8aca23332e8f1caa,2
devgpt-b8f37d9de68ec43a,4
devgpt-0b9c3fba8bb98833,0
devgpt-3915db7082032374,3
devgpt-d671a74d83a356b0,3
devgpt-6089af66193a0e8f,2
devgpt-513b0ad363e7ddc6,2
devgpt-ddad8541933fadf7,3
devgpt-cbbd457016d38b48,2
devgpt-3bc05e2d096c410b,4
devgpt-09d0af6e35d64eae,0
devgpt-42459a5e25750815,4
devgpt-487458b93d41b3a6,3
devgpt-a7acb2ab1e5620d6,1
devgpt-118565b408348d33,3
devgpt-485350e22ceffece,2
devgpt-15a1d3a1bc8130ab,3
devgpt-b2e31b2e29a0f50f,2
devgpt-9b9dff0375c1776f,1
devgpt-13c4cb25123c43a8,3
devgpt-80af8f6bd544d432,2
devgpt-e9d5ee4dd0098c46,3
devgpt-c090fc5aa603a6d1,1
devgpt-4262778b5fd27b16,4
devgpt-eadb81945f70cc0e,2
devgpt-8e5f13864ecc72f3,2
devgpt-6b2f4358c4921c6b,4
devgpt-83ebf1fb2e785bb4,2
devgpt-b1e3fa5a30cfa10c,3
devgpt-7f39acd31f609ee3,4
devgpt-fbfeb074425136c3,3
devgpt-4ad2921ee2e5a9c4,1
devgpt-d0e146ed177a79f6,3
devgpt-1dddfd627056c5c1,4
devgpt-bfe7eec58f647170,0
devgpt-6c8476b197310ab5,0
devgpt-216a632b3f3a8a78,3
devgpt-5ac27f582042756c,0
devgpt-ec1443bfae0f2c7e,4
devgpt-74f8d93aab0df222,3
devgpt-d23a79474e545f57,0
devgpt-f537d38c9420926b,0
devgpt-87a8d953ea303410,3
devgpt-402a9caf5087c0aa,4
devgpt-2d451a33f3358a41,3
devgpt-8fb679a999ef45e1,0
devgpt-069c257e82c4f716,1
devgpt-56ca09f1676a06f0,4
devgpt-aae535e2d006e670,2
devgpt-aafd1c5736b2445c,0
devgpt-825821882990893d,2
devgpt-7fd6e4ff18e078cd,4
devgpt-000751dbff8f9da1,2
devgpt-b1c3c9c266df151c,3
devgpt-99bf25df8f82e8fb,0
devgpt-be438e5b6e68a722,2
devgpt-eb44306f727d8783,3
devgpt-1fff84ca84ad903a,3
devgpt-6ea54d9e4067bb0e,1
devgpt-df553267366b242e,2
devgpt-5adadba004186e35,2
devgpt-9dc7a14518a45df2,0
devgpt-9a26c2375fb369b2,2
devgpt-e93c60b6ed3777df,3
devgpt-f245dbc5c5b94453,3
devgpt-233239f5d7d43d84,4
devgpt-992e8719103523c1,0
devgpt-f34bdd2068b650c4,3
devgpt-33b0a8025e072aa3,3
devgpt-5c189340b185a0e1,4
devgpt-749b48c03d428da0,1
devgpt-4cfef24bb87bda63,1
devgpt-8c40acc9324232e5,2
devgpt-32f7f0c0d14dc31f,2
devgpt-1eaadcc4177c9155,4
devgpt-d24a777d180c1e6a,4
devgpt-657fd18b20388035,4
devgpt-b7ae1317bcac69e5,0
devgpt-17f840f59fc68c25,2
devgpt-c04838abd564eda5,1
devgpt-b682abc7fac39942,2
devgpt-48e60b30b71bd292,2
devgpt-8c27ace6ecbf039d,3
devgpt-5d4b2c77da026515,3
devgpt-94867775983dbb83,4
devgpt-792472cd4a5294e1,4
devgpt-055f17843bde2633,0
devgpt-08675b7ecd45efbd,3
devgpt-3685cf0e8f8320c9,2
devgpt-3fd503fea18dc995,4
devgpt-01f6ab49f69541ed,1
devgpt-8cea51769305b2a6,1
devgpt-52de324334e2e2dd,3
devgpt-ca3e2b1876a897d9,4
devgpt-e55072d0fa4489e0,4
devgpt-301caff3211c835a,0
devgpt-90a8f891b380d2f3,4
devgpt-a68fded8474a5cf1,3
devgpt-42a5589c20bb139f,4
devgpt-69ce0f8cf38ea314,1
devgpt-204442d1800df3f1,2
devgpt-66ae0a4f148ee620,4
devgpt-5d73030124cdfd6a,3
devgpt-614c19cc2d898bc1,2
devgpt-24e0f116927f4168,2
devgpt-6c5d1a906cec646b,1
devgpt-d8a39eeb15334abf,1
devgpt-c1ab6960d84a43ea,1
devgpt-a5f4baf45b52d0d8,4
devgpt-a3934f7eff2b855b,2
devgpt-c96bb248e2a7278d,4
devgpt-19fbc4932c7dda8a,2
devgpt-ad3608efea0e820b,3
devgpt-7019fe47e122fdf4,3
devgpt-73e8eb90d904f950,4
devgpt-b8b5f94c75dea119,1
devgpt-3554dd5b3af6934b,4
devgpt-a9f4b5a477ed4880,0
devgpt-d8c9277e314ddf9e,4
devgpt-4cbd931220ef4701,1
devgpt-9e4bbd4df5d4a9fa,2
devgpt-02bd66833d155f78,4
devgpt-513b12d387cb4615,2
devgpt-88e340b3e30abb42,2
devgpt-76178aabbf875c74,1
devgpt-3bcdf6d737b05716,1
devgpt-d64f3ebe72bf4107,4
devgpt-e709bd4207ce9611,3
devgpt-6df398ebf9d5d1b9,0
devgpt-ec4219846b3fa394,0
devgpt-150da8823292f47d,0
devgpt-ca16cef876eec154,3
devgpt-d3ad97e0cb80dde8,4
devgpt-55e1477dfc4daa4f,2
devgpt-84daceefdda692a6,4
devgpt-bf6c4cb25f6d1b91,2
devgpt-205b5bacd3cfd377,3
devgpt-81eb5892ce25182b,1
devgpt-3096b912b9d6e01f,2
devgpt-121d9e5db1ea958c,2
devgpt-e50f493233a82812,1
devgpt-67159c44fcef17be,0
devgpt-ab6fb34c96bb017a,4
devgpt-f0c4cae73ccced5b,4
devgpt-cd0e908e1dc759f1,3
devgpt-c98b57ca83e8e3b5,2
devgpt-9036e6bf4f3f17cd,4
devgpt-80dd79cfe66893b8,1
devgpt-a1b3497c8e13cef1,0
devgpt-fbeea0182b46e642,1
devgpt-5a398dbc0461212c,1
devgpt-606dc5414117c703,3
devgpt-f617f6ee666e38fc,1
devgpt-b292ef5f8e7f3186,4
devgpt-0d69fe8f53cc576c,3
devgpt-f9af2556b08e9897,0
devgpt-44d4f17ef9f9aecd,4
devgpt-5f1f5ac0ffa8f203,0
devgpt-87b66e1c2fc06ab9,4
devgpt-d22406b8a73d8f6d,3
devgpt-0b75c98f9292c72f,1
devgpt-f371b0eed30a59ec,4
devgpt-f4f380fde1ca79ac,2
devgpt-15040804477c6753,4
devgpt-d28e62b6c2fe3872,0
devgpt-5709d1143fb4277a,3
devgpt-d69da0719ed8349a,0
devgpt-9d4fd75b3683f5d3,1
devgpt-18a063c9cd008e71,1
devgpt-72ad614743f65db6,3
devgpt-aa380ee026725795,4
devgpt-13b6caee23471a7e,4
devgpt-08ffd35c4d0255e7,0
devgpt-037efcad0677be3c,2
devgpt-b91529b1cde539e2,1
devgpt-7a6bf471a85eb89e,4
devgpt-950619b6980949df,0
devgpt-b931849a8a5fa7d8,3
devgpt-454a76df32d68a32,1
devgpt-8cbeb237fd41aac5,2
devgpt-dea2f68253c58b08,0
devgpt-8103713bdc8f313f,3
devgpt-939d4436d217a26a,1
devgpt-ca2c3be13a1e7e81,4
devgpt-decb9546d8cecf31,3
devgpt-f3319c0941dde0f9,3
devgpt-984b44aea1be52f2,0
devgpt-95acd4f671e4b873,4
devgpt-867aade84a69e0e8,0
devgpt-1ecc487835e1842c,2
devgpt-cc8035ef055f8c8d,3
devgpt-88b3cdcc51ff69b6,2
devgpt-0df9416438fa369b,4
devgpt-a04399854b0ecd35,3
devgpt-b75cb90f39c1140d,2
devgpt-b38cef4d3bb322d7,4
devgpt-55a8574e136deb0e,1
devgpt-1f37348e7b26cd6a,3
devgpt-a8ed83b60cdcf84a,3
devgpt-7e8e1eb148477fec,4
devgpt-cb1974a11a5789cc,0
devgpt-d10d6757bcde76f6,3
devgpt-2891ee59f787eb33,1
devgpt-986cb8e7fe4b6e0a,0
devgpt-834bf43169041d3a,3
devgpt-cfa23406f893269f,0
devgpt-ae23aabf66ee7e00,1
devgpt-e7bbe3ba7cea2c4a,3
devgpt-6a5e2d319c9f7c31,4
devgpt-deb41a5dd426803b,3
devgpt-680766a1d1b4a815,2
devgpt-a4409eee6d454c8e,3
devgpt-7aee8755b273149d,3
devgpt-045b238d940ee6bb,1
devgpt-c3d1d0ad1172ed3e,0
devgpt-c5d5ee335bf33e63,2
devgpt-3ff2e4aa3e4bb7a8,3
devgpt-1682ed65806dc04f,1
devgpt-2d6eb752b6d944b4,3
devgpt-cd843aa0a3697a55,1
devgpt-5df07809f9cbd032,0
devgpt-3f0095f80c446078,2
devgpt-4998418bb84a09e1,2
devgpt-8b348535727c76e2,4
devgpt-7fe280b2d6f0427d,4
devgpt-63f35a2c4a87dd02,4
devgpt-ee161b6ea18833f7,3
devgpt-9cd0ed6ffe647513,0
devgpt-2c92bfc176130e3b,2
devgpt-bb41fa589be44056,0
devgpt-f8546618892a44df,3
devgpt-817ac299d19c7dd0,0
devgpt-a7d00dd6df697b82,3
devgpt-2eb0676dadd1d036,0
devgpt-982e83f60fcaf903,0
devgpt-f8d3d1fea97885bd,2
devgpt-6a28889bee720fe2,4
devgpt-c8f61608c93007ab,1
devgpt-837df5ca4f10e3f6,4
devgpt-842643446c9a64c0,2
devgpt-a89d2eb04ef41ce9,2
devgpt-9dea4e871676514a,0
devgpt-8af8f5832490c22d,3
devgpt-ab94a846f3e41933,2
devgpt-9db5dc56698a22a4,3
devgpt-8a1f8428953ea011,3
devgpt-f673d543198ab56d,4
devgpt-4a426ef1632ba916,4
devgpt-42d65458492ad461,2
devgpt-a03b779bb6b2e26f,1
devgpt-7b38a0a71ab678a3,1
devgpt-d59384bf1739c08d,4
devgpt-f2d9b4296d00645c,0
devgpt-a6fa14ff2d8751db,4
devgpt-77ebade79f83613c,0
devgpt-2f0f0d15d8da7beb,4
devgpt-52e5e95c03b1cae0,1
devgpt-4c9e3a898f975f0b,3
devgpt-9ad547efe1a057ab,1
devgpt-90ce72cdb7f014d3,2
devgpt-93e714348dc03078,0
devgpt-c50e25ba7187a12c,3
devgpt-b4375329d8d6c688,2
devgpt-561670b05a120b1e,2
devgpt-ee0132d5072afb68,0
devgpt-7745ffe433237c57,3
devgpt-2b5f75c7cceb9eff,2
devgpt-87db121e2de9ffb3,3
devgpt-1a263328eb70528e,4
devgpt-201d2fe64a8b341e,1
devgpt-9c407a9ae5757cf2,0
devgpt-488a550d6fe59c2b,4
devgpt-8b4d124828fc9a21,3
devgpt-ade408ede2c3c449,3
devgpt-7ddc5894e702500b,2
devgpt-151af5040929e3e7,1
devgpt-9fd80fc6bf02c7c8,4
devgpt-3c156c036f3a17b5,0
devgpt-a5fe5da48c1ebb96,4
devgpt-4d8e54d849617372,4
devgpt-cffc5940a49af4f2,2
devgpt-c2d372260c3059a8,1
devgpt-f3fc3d57ea7b16e8,0
devgpt-af6dce9d8958c4f6,1
devgpt-28b63f0fed0615ce,0
devgpt-42351c4f01a5e80a,2
devgpt-8777e055081adbe6,0
devgpt-847fcc0860cac218,1
devgpt-57d3296ee976164e,4
devgpt-200cf88cb3533662,2
devgpt-befb6234e514381e,3
devgpt-cf358ca42335ba7f,1
devgpt-c9abe854bf1d394b,2
devgpt-765bf579cef766f5,0
devgpt-58787852f2992226,4
devgpt-5ff30c55e3922c26,0
devgpt-ccd03714915f6caf,3
devgpt-84401bbf44a0a165,4
devgpt-b53713d856a56aa5,2
devgpt-2ce624bd1288ee70,1
devgpt-c48813c05b4dd643,4
devgpt-f357237c57065584,0
devgpt-06735aebd55f48ac,1
devgpt-ef36af777aeca869,3
devgpt-d26cf59f4ee330a1,3
devgpt-3edb45982879f3e4,1
devgpt-b03bf861c1ab6ee9,3
devgpt-ad1a347c04ecf395,0
devgpt-a5765c1ea4cbf0cb,1
devgpt-de08159849531831,1
devgpt-a7f1745d3ccd46c7,0
devgpt-5fa5a37cfa9e746e,3
devgpt-75cb9598be20b9d9,1
devgpt-1ca5aec797da15b6,4
devgpt-44ebcd85e5575d46,1
devgpt-f685a01920c8edaf,0
devgpt-c170456865c005ad,0
devgpt-3f9235f203df2268,4
devgpt-54377b50bcb923f2,1
devgpt-f010c215bd353b01,3
devgpt-8e207be40fe68fec,2
devgpt-95a95455ccfc73a0,4
devgpt-7c1dd435f73efcd8,1
devgpt-67db1d4b85675c9e,0
devgpt-fc9a237c4d62d741,4
devgpt-8206c968a7b078d4,2
devgpt-13febba3c5f4e993,0
devgpt-e6bcd1261108e628,4
devgpt-913aff3e6ea22235,3
devgpt-8d4c560136b8c9f0,0
devgpt-e9ebaf61a083a5e8,1
devgpt-243b49de481ffcf7,3
devgpt-6c467e99f30d575c,1
devgpt-1d9c517297c35f23,2
devgpt-f518a6c33e082382,3
devgpt-a181f0d2787efbff,1
devgpt-fc01b8cd9e845625,0
devgpt-0800c0a0f65c8dbb,1
devgpt-4a4a131c2e6d41a7,4
devgpt-570e57592c83704a,3
devgpt-d31c938db1f149e9,2
devgpt-b0bad715c48f1048,4
devgpt-907e66ba63a206ca,3
devgpt-d98da72a0b6b1916,0
devgpt-2ecd5a89df6587df,1
devgpt-510c0477240fe03f,1
devgpt-bbe6b9d5fd23770a,0
devgpt-514882690b0840f2,0
devgpt-e1e564e9212f6efb,4
devgpt-327c18cd12d85a48,3
devgpt-b24418abd472aab3,1
devgpt-e0bb7c45e17782ff,0
devgpt-408dbeaed2678b06,1
devgpt-ed836c6e74473fa2,4
devgpt-d2278b9bca7f24fe,4
devgpt-8cba06bf02a65f57,0
devgpt-d5f328ce59260ffc,2
devgpt-dd84f4ca27ddb5e7,2
devgpt-bb8529677a3a733c,3
devgpt-5449b75afaa996ee,3
devgpt-6cff00ff87c04806,1
devgpt-12ceb34fd7bec7e1,1
devgpt-d7203a26c5efccb2,1
devgpt-7040efe89c7843dc,0
devgpt-3902dc4202ca4365,0
devgpt-5a0bad4867e257b1,3
devgpt-76222c61f7158685,0
devgpt-00b58780eb52ae26,1
devgpt-6752b841d6156771,0
devgpt-ad79eb14b7d43776,2
devgpt-78b1f7151a2ecb9e,3
devgpt-206fc03ef330d5af,1
devgpt-afffb4afbb68df5d,0
devgpt-3906226c3487c873,0
devgpt-f345febe3336afac,1
devgpt-773827d5aebca435,2
devgpt-7ca06bf564544cb5,2
devgpt-97f269691c348127,3
devgpt-c8a8a1aa3c0c38c9,1
devgpt-adfab285816546f2,2
devgpt-c062968ade77611a,4
devgpt-66ecee62c6daa4db,4
devgpt-cdb0b542d84cc17f,1
devgpt-ff482ffbde81f330,1
devgpt-562d5e69bcefb893,2
devgpt-13d45be84d2aef39,2
devgpt-6d0cd9e73f7972bc,1
devgpt-fbb4a80e469a182c,4
devgpt-6aedea0280cdb108,0
devgpt-d99da1e675ed50eb,3
devgpt-5597af9f50d538cb,3
devgpt-85fc297dfe5f87ea,1
devgpt-e3c2a3542ee02b27,0
devgpt-638741867fd353ae,2
devgpt-8080283f3cf32b87,1
devgpt-e2f2dfba5e067896,0
devgpt-c963c8102b61c65f,4
devgpt-4e1d84bda7744190,4
devgpt-dd96f24e29992ce0,1
devgpt-c775961d27102267,0
devgpt-223a737b9071a276,1
devgpt-e93e1b3552cfc817,3
devgpt-0f05e355d652040b,1
devgpt-50bfb5c2cc620edb,1
devgpt-b0f7fa18f5fd8a52,4
devgpt-ac731952f7685d8f,2
devgpt-fe0638ef611357dc,3
devgpt-8526829e85976bc5,0
devgpt-2834805c35b7b9f0,4
devgpt-87f6da309ca1dbb2,1
devgpt-4c807db0b56dd23c,4
devgpt-aa309f7b8ed418c5,3
devgpt-327745203948b5f0,1
devgpt-13380c141386fd53,0
devgpt-2d567121ae7b07af,1
devgpt-47d9e72c987c2f73,1
devgpt-b767e5fbe6c26ee4,0
devgpt-f8a585530bc1f053,2
devgpt-bfdbca9c022d13c6,2
devgpt-83251ea2e1e0b4b1,3
devgpt-971a295253867f8d,0
devgpt-925154cf03f2b842,4
devgpt-48b7ed15a28109ce,4
devgpt-850fa9d70f55d1fe,0
devgpt-9fd6481474cd61c0,2
devgpt-9fd6c01130e4bbbc,4
devgpt-bceb06e49b449ee6,4
devgpt-3c946642854dd1dd,1
devgpt-dbc37cd1a62dee25,4
devgpt-f771ff44e7f5ae05,3
devgpt-018ccb61fa6f5cde,3
devgpt-08fe7bbf24611f20,2
devgpt-16a381c41ff8e031,1
devgpt-6b834f1da207e1ed,4
devgpt-187c2e1256b7bfcf,1
devgpt-a0b93995fd9131ff,1
devgpt-7db59484b1151849,2
devgpt-80d4faa08fe66d98,0
devgpt-028b938150f0fa33,0
devgpt-b9f092976b0a398d,4
devgpt-5dba2e691a91be3c,2
devgpt-17e2e9184e12d67f,1
devgpt-fe50f8f35092afbf,0
devgpt-bc740e5a2a4dba8e,2
devgpt-6f310c6999916459,3
devgpt-28b6a424a95ee172,3
devgpt-cf11e89d3a33625c,3
devgpt-eb8149a4cc66f46d,4
devgpt-8685cdb22fa4a283,1
devgpt-ca85ee6bea47fb60,4
devgpt-abefb89a841af8e9,0
devgpt-ca88e4f6d8b124df,4
devgpt-433b311e2e1521d0,2
devgpt-6a2d3c1f82faa7dc,3
devgpt-70214184cffe37ef,1
devgpt-c8ed7b03df0abda7,1
devgpt-8aa1c04944fc1679,0
devgpt-c03b46b4623d3ea2,2
devgpt-bf69ef03d683ca6f,2
devgpt-17ebc1ecca2022fc,2
devgpt-8b3da02fddffcaa5,4
devgpt-9aa439702e4b496b,4
devgpt-0aeb1cc98585c673,3
devgpt-eb008f1fbea2c333,4
devgpt-cb5194439eab4076,4
devgpt-39ac3e04c75a0a96,0
devgpt-c24a66556dfe3b97,1
devgpt-5910ac34fb9c36fe,4
devgpt-f576b42bafdaad9d,3
devgpt-a97c6840cb302221,2
devgpt-752229d3bd44cb2c,2
devgpt-87da91e745631f56,1
devgpt-d1c6100017a5d633,0
devgpt-4ea9e2a6ea99871d,3
devgpt-c024b86c1cec384d,3
devgpt-46423d586f78f2db,1
devgpt-49573d4e216f8146,3
devgpt-9fe723cca984211d,3
devgpt-57220ab676089b8b,4
devgpt-72de60b146d43ef7,4
devgpt-6c2a9f2c3749f65d,1
devgpt-fdb7d31787dae352,2
devgpt-0c02cf34e43789a5,1
devgpt-7769f53b674e3c50,1
devgpt-a24aea30b07e8c16,2
devgpt-a60b95195554fb57,0
devgpt-a32ffeeba5cec09a,0
devgpt-72ec5951ad3e5e3e,0
devgpt-2dc8686ddfbd0d07,0
devgpt-4b5bf146ada7adf4,4
devgpt-b5923785b8139f34,4
devgpt-3a46dd5ee8c3180e,2
devgpt-e1c3e01a1630ad65,1
devgpt-b0ddbb9aa8442bca,2
devgpt-bb03496c8c0561c3,0
devgpt-d55fba1a2fd745bf,3
devgpt-49e27e8b851f576c,3
devgpt-8f67d88e3c477739,2
devgpt-380a001d3851b9ae,3
devgpt-4f098e50a4cb5951,1
devgpt-6bcc9908c09a17e0,4
devgpt-fad310e85f69e838,4
devgpt-f88240f30544ded0,4
devgpt-5fd425555f262272,3
devgpt-3db143005fc6d949,1
devgpt-13d511aeaf92fe76,0
devgpt-099610c4bf8320e6,4
devgpt-8b372d44f620d0df,1
devgpt-40303537e8f02d9b,1
devgpt-ca0f8fe634057292,0
devgpt-c48b2c0c35b17718,0
devgpt-8d8545b781537ae3,1
devgpt-32fa1470c64d6185,4
devgpt-cc98ce6050422cbb,2
devgpt-439e23c4c8ef44c1,0
devgpt-4ea85ca9cfc75906,1
devgpt-ae4a6a9cb3e73ebf,1
devgpt-dcb667af0993f669,1
devgpt-b8a70af24b524edf,4
devgpt-80ad7529b80bafc3,1
devgpt-46a15a861e57a400,0
devgpt-aa19cf5937cfacf6,0
devgpt-75e341767c469b6c,1
devgpt-8ecf6edf93fbd559,3
devgpt-99edcb28d1416766,4
devgpt-f382db6732152471,4
devgpt-e42a4535b36e745e,1
devgpt-1b800d91fecb5e33,1
devgpt-e262db4df26ec3ef,2
devgpt-6a49c57e206ff4cb,1
devgpt-6ca53438e576145a,3
devgpt-aa1b3e128d80e7de,0
devgpt-7b2015b961531544,2
devgpt-fdfc0618e682e290,4
devgpt-f72613922dae5616,2
devgpt-dfc718e03e00aaaf,4
devgpt-e7d03389fc32075a,4
devgpt-c56ede6da35375e9,4
devgpt-62d3099ed7eb3673,0
devgpt-2e8ff1eb9f0f05d0,4
devgpt-7c8957577b787dae,4
devgpt-77cbe8fec29a66a1,0
devgpt-c068d1f44175fe5b,1
devgpt-265a617cc6c2ae1b,2
devgpt-89ddf94fd1c61f40,4
devgpt-6b9708c5ac1a1bab,1
devgpt-8161afa852fcecc4,2
devgpt-300508543a6617d8,3
devgpt-c9a9c7a0c5be59bd,3
devgpt-762bb21414d03df4,4
devgpt-d68fbe7fb226cc4e,0
devgpt-208ffc6fb74024c7,1
devgpt-f991201c38a135cb,2
devgpt-a1f5c6846e777648,1
devgpt-40ab5889b29d7a19,4
devgpt-9b8082c76a53b15c,4
devgpt-5e9abd553183ff4b,3
devgpt-e30ae33c7d20ae62,4
devgpt-fb067a5a115e113a,0
devgpt-47f21bee5c43fc60,0
devgpt-bf4c6bb7917ad092,1
devgpt-8a0fa6b68d1ab4fc,4
devgpt-ed93e2c021d183f9,2
devgpt-b25b5d06059e3dd2,2
devgpt-8f26f038b9b2561b,4
devgpt-652baa2a5a76cdcd,1
devgpt-62a48e15fb8ce7ad,2
devgpt-76ac1c4f2167c886,3
devgpt-d9ca00367e24ddab,1
devgpt-03ff35251a8e7714,3
devgpt-2cac33c077747357,2
devgpt-9cfeb5f3ed64a85d,4
devgpt-4a12ada1dbcae1ef,4
devgpt-d7b98a64ed6618c0,3
devgpt-9b0b998b610681c6,0
devgpt-e8a5880de08d57e7,0
devgpt-fd928e129c802dd4,4
devgpt-9504313616e62d35,2
devgpt-8be7b53881f7e9b6,0
devgpt-d0ab7cf9b6e3bf42,4
devgpt-10adfa96e40cd2cb,3
devgpt-6641fdcf1d8ff38b,1
devgpt-72f6518d55f49148,1
devgpt-de748fba9277ddd3,3
devgpt-176e540d06614bf2,4
devgpt-1477502592649060,0
devgpt-87ce74f1d2e170b9,2
devgpt-2fbced7074b38814,1
devgpt-ca09dce8132cd46f,0
devgpt-5383e139e0298561,1
devgpt-83fd576d73c4112b,1
devgpt-3d22998a444006db,2
devgpt-d55db22dbf939a09,3
devgpt-0170d8098e48e18d,3
devgpt-16aa2ca1734fce40,0
devgpt-076e660b1e0172bb,3
devgpt-76c6b9390a072810,3
devgpt-5cea587c92ba3d1d,4
devgpt-f0c78a6467e0f182,4
devgpt-1a35e711840ac4fc,3
devgpt-a73b9158b9a7fc68,2
devgpt-20efb5a9ebdd0ce7,2
devgpt-9aaff58932cc37bc,0
devgpt-fb06b0a549c0ece4,3
devgpt-6ecc4b4d4af37a8f,0
devgpt-afcdc170fd759645,3
devgpt-cf4b9213f7d42e7b,0
devgpt-a1ad2c22973f785f,4
devgpt-1d8f57f1771963c7,1
devgpt-f968b5bb1b322175,3
devgpt-52d084d6fd31118a,3
devgpt-0cd1e8b500453bee,4
devgpt-6a0a82903ca073bd,2
devgpt-4ec76f2af3551352,3
devgpt-a8c8ffeadc04a9d4,2
devgpt-0bee29f3e4e70e9d,2
devgpt-20940f2c30007554,4
devgpt-5f28f04b9553d4ed,1
devgpt-d2342bbddbb16eb9,3
devgpt-280ebe87ab84e5e2,0
devgpt-dd978851daa05a71,3
devgpt-af18946e689bba3f,1
devgpt-8f3dff254c15e511,3
devgpt-452eddd93f4da497,0
devgpt-6ecd6f20bf3c3cbb,1
devgpt-fe0bf4ec4309db50,4
devgpt-6cadb49ad9c7a872,4
devgpt-9a5e18e83deb2204,3
devgpt-aba5491ef3c9c393,3
devgpt-be8dab3184c7f8a7,2
devgpt-9e3265fca2106fcc,0
devgpt-e3fe2d4c8548c6aa,4
devgpt-2cfb2a446db1a43a,1
devgpt-53da706b1b0cb431,2
devgpt-b5264460408bb070,1
devgpt-2e4e37d112b19df4,4
devgpt-13f4b440bc1657bb,3
devgpt-28cebea445774600,0
devgpt-438d9daa116fc36e,3
devgpt-3f63cd53ce0160f1,2
devgpt-ded1cb6808b8b39f,0
devgpt-2dfda449278cc827,3
devgpt-81e9a6e51de05b3c,1
devgpt-c6ad16aa7d573a16,3
devgpt-269e57b9249902e5,1
devgpt-39dd1eff9e4654a5,0
devgpt-acdfede22f94707a,3
devgpt-abdf84df556c12a5,1
devgpt-81ebc317df27b417,4
devgpt-480b308c24e86d28,4
devgpt-aa348a0272f322f0,2
devgpt-ea5e4b1413e9e935,4
devgpt-9affbbdbfd07f27d,1
devgpt-d173ed2123f9b328,0
devgpt-1795f86c1da87756,3
devgpt-835c722614fae59a,3
devgpt-85df8693d39c14d6,3
devgpt-e8b7f5c9d8d474e0,2
devgpt-42ef4394c6c876c8,0
devgpt-15b391036024e53f,0
devgpt-915eb57ccd934b07,0
devgpt-cd6d383888bf43d2,0
devgpt-51fd25c0e6be791a,3
devgpt-a70800035c1bd512,1
devgpt-0fb47a1129bff56c,0
devgpt-ebf6a654227c59d3,1
devgpt-1487a1feda7856ec,0
devgpt-e1cc105a854660d1,1
devgpt-7db8580673241cc9,3
devgpt-517e16ab3beb9535,1
devgpt-8d2507fab7a0ebc2,2
devgpt-51f269c0013ec301,2
devgpt-3eee73059c587be7,0
devgpt-ea6ce103b8efea75,3
devgpt-b2e1764e8d68a9d4,0
devgpt-9858a86384273c51,3
devgpt-6448a0d3ef911dbb,0
devgpt-e324177bab8ab590,4
devgpt-ea70a35a720705c6,2
devgpt-533ad7576addb7b9,3
devgpt-62d8f54357234df8,3
devgpt-599f8f2d46c0bcac,3
devgpt-dc87fd4a037b95fd,3
devgpt-e5bf2b6bc0caea46,1
devgpt-28210e6a4cb9c2b9,3
devgpt-d1944222243a7c7a,1
devgpt-118ac0a196d4f618,2
devgpt-f56a1084ca977169,1
devgpt-f8a9e77beba44564,3
devgpt-913fcb28892ef009,3
devgpt-a3fbe923398936bd,3
devgpt-a9d010b3a7cff175,2
devgpt-75db0af70f929505,1
devgpt-75b64d0566387ab0,3
devgpt-939610c13073da56,0
devgpt-b98d7e0e07ab85da,0
devgpt-feac19f0a1ed6ec0,2
devgpt-6d09363400e8a9d4,0
devgpt-7371e9ffcc46812e,3
devgpt-67332f6837c09d44,4
devgpt-ecc10520021694e2,4
devgpt-8b4c8e7314e456ce,0
devgpt-9881bf951f5f66ad,4
devgpt-5ff35950734bd0bc,3
devgpt-3fcc31695632ad0e,2
devgpt-bcfa569e06b094b2,1
devgpt-cf87cbbbd5dcc877,3
devgpt-b04ebd691c7e4974,0
devgpt-819bf931b5491e6c,2
devgpt-a639e95575f676ab,1
devgpt-aa92d6f03872540c,4
devgpt-b231fcac318047f8,2
devgpt-2118bba543adb587,2
devgpt-35807a9446ec4e44,3
devgpt-be5fad6d80b7b5db,0
devgpt-9b9131487ac3f3c7,3
devgpt-6b60079c1326b77f,0
devgpt-1ab269183f9932f0,0
devgpt-41530f200d6d92a7,0
devgpt-7ddda96533fe16f3,4
devgpt-bdbed1dd619a572a,4
devgpt-a183a81543c94393,0
devgpt-7f480963b76e78aa,2
devgpt-a924e7f4df5a912a,0
devgpt-9daa697d214450fb,1
devgpt-d695335974af2ed8,4
devgpt-9407fd9fe97ad200,0
devgpt-435c953b1e2f33cd,2
devgpt-7a556b1f5f94b7ee,2
devgpt-658262354ca3c4e7,2
devgpt-321200ed5b637220,1
devgpt-45b315a1549a62b6,4
devgpt-6f41f887f652ee11,3
devgpt-4acbf407e9fd3de9,1
devgpt-669fc8b112da6012,4
devgpt-5e0b1b309ad9ad24,2
devgpt-eda380766b0e3790,1
devgpt-fadb1861dc7fbfbe,0
devgpt-89c3ef3c72a944e2,0
devgpt-c64765d28872078d,2
devgpt-022861d8e2e1356f,0
devgpt-d43bc7f3fb28467c,0
devgpt-a0d40e72fa84ad3b,3
devgpt-9aaa45500fc01cb9,3
devgpt-5c3370210cdad185,4
devgpt-bc3a936b409fd967,0
devgpt-f3cc1d7391b0a1df,0
devgpt-ac4231d3a69c8926,0
devgpt-8c6de32d6152ab16,0
devgpt-57af71d8b2133bd0,0
devgpt-f7024f2e5de29ed3,2
devgpt-d863c0f7121f22bf,3
devgpt-40a7073c4592b8e0,0
devgpt-1f821b036824734b,2
devgpt-f893d73ba85d89ec,3
devgpt-25ae796fa5c62811,0
devgpt-1e90a666c447da23,4
devgpt-34195eb385a582a5,0
devgpt-560b767950c2f5f0,4
devgpt-0725a99e571642bb,2
devgpt-321f450d359e62bb,3
devgpt-2b3c98f68f5403c0,3
devgpt-bb72c7cf32d33c0e,1
devgpt-7a96d61eef4d1113,0
devgpt-78689c55c9874070,2
devgpt-d6d572745b7e8ce6,4
devgpt-3c026b34e84a609a,0
devgpt-08f720520694a083,2
devgpt-5dad14d79f50ee51,2
devgpt-c45bcd3f70fd80d2,4
devgpt-6ae4cf8dffc945cc,1
devgpt-4c160741b9056e69,3
devgpt-179e4c0a91986819,4
devgpt-e9d2dce6ea7715cd,1
devgpt-c64343098d8d5eb6,2
devgpt-46f8a002de03fea8,2
devgpt-ece4bcc463657b3e,0
devgpt-cca813363bc19614,3
devgpt-7e344b27fc8723b1,0
devgpt-8e92293d2dc8a8e7,1
devgpt-f9e0ef090ef56868,4
devgpt-dbab03bdd7755b7c,2
devgpt-e1371a9a1d5000b4,3
devgpt-7cd497fae7e55bc3,1
devgpt-fed8b64e4385a3e6,3
devgpt-3f2473c3d238d3d9,2
devgpt-02163c0435b6fa15,0
devgpt-780157b12649c053,2
devgpt-fea64dd818d66087,3
devgpt-7a1432e8bde05ed9,0
devgpt-893935f86299752c,0
devgpt-0632979d515aea47,2
devgpt-bc8414141a1299f3,3
devgpt-cf4e5497fb877433,1
devgpt-01780a6b85d75493,1
devgpt-7e44ca922587e751,4
devgpt-91e33c9f568792bd,0
devgpt-25b9cf61fa5bcb41,3
devgpt-5baf35ae95c59790,4
devgpt-0bf2606fe7b00313,4
devgpt-668f8661e8d3c8ec,2
devgpt-f9c0161295d40860,3
devgpt-310007fe454a80ce,2
devgpt-9ea5819760003c45,1
devgpt-f55da6033949dfd6,1
devgpt-d0f696707e606376,2
devgpt-4a5fb24ca1c7eee7,3
devgpt-03e1972bedba2de4,1
devgpt-feab90f2bfc22972,4
devgpt-6c8da7084a3b1eb1,4
devgpt-12fa8dd1a5c39f57,0
devgpt-f61f163a6b03943f,0
devgpt-6d6ff53ff9a84c44,1
devgpt-210f3775b0021061,4
devgpt-a592138ac3a15876,3
devgpt-a2106fe783dace95,1
devgpt-0c6f972f2a5feabe,1
devgpt-162e2c3f8a97b5cc,4
devgpt-ad8da90fe10d971c,0
devgpt-61d8ad3471383bc5,1
devgpt-5b4eac2433c23f18,1
devgpt-5e1dcb5e129876d5,2
devgpt-129c9712a555a9a6,3
devgpt-89299ab1d00647c0,2
devgpt-dc6dd774455eaa69,0
devgpt-ce7f14cc306546cc,1
devgpt-73baad71fd19eec2,0
devgpt-41593c8b1f9b7db2,2
devgpt-97817a77cac6781e,2
devgpt-ddd4b357be8ea3c4,1
devgpt-aeb490af8cc0e6e6,3
devgpt-4fe49ea941ec477a,4
devgpt-c1ef200f76b3c064,1
devgpt-272c75b546b726ca,4
devgpt-2f3d1ef7f14a69d8,4
devgpt-d7c7ee0f0e996ae8,3
devgpt-1ef9716a701ca2c4,0
devgpt-6ba42dff165394bc,1
devgpt-e469de749f3b4bbf,1
devgpt-26e6c5def3927ade,3
devgpt-d3c246505220475e,2
devgpt-9db17bb5a65308b3,4
devgpt-9c691e59a170ad7f,4
devgpt-07c495e9ce802ea1,4
devgpt-b6d1f8c805ae839d,3
devgpt-3c526f06fb81c733,2
devgpt-e9307dd490c2495f,3
devgpt-b05830dc2b2dd94f,2
devgpt-bbc9eb3b563d9f72,2
devgpt-a473f9e2f3b669c9,4
devgpt-8d84896430182623,1
devgpt-5cc2009018bbc7ce,0
devgpt-d2a94a68e57c712c,0
devgpt-b20f41a0a0c4cffe,3
devgpt-b2b9576922f554bc,1
devgpt-3da98444653e4a5f,4
devgpt-70445680205d4e56,4
devgpt-759e5249f9ec7f90,4
devgpt-470b8b4e0e83ce72,1
devgpt-aa41c064c3c9e394,3
devgpt-28bbfacb896b0824,2
devgpt-3804586d036e7300,3
devgpt-0ef433bf9b5c262a,1
devgpt-cac1c32e8f0fc91b,3
devgpt-a28d099ef8395dee,2
devgpt-d4142a4bc2082b00,2
devgpt-140508d95d26a4f4,3
devgpt-eacae271fe36d774,4
devgpt-6df29cd668353de3,2
devgpt-b5c1a918bf5c4357,2
devgpt-87554e5154473495,2
devgpt-72e52c2ba3fa54b0,3
devgpt-4bef35c027b4ab13,1
devgpt-ffba9eb5af1f1a60,2
devgpt-9c0ad047d151a87a,0
devgpt-18fd545ee5858030,4
devgpt-4f1e649fbbe0c5b1,3
devgpt-c58976caf00550d7,3
devgpt-efdec27554d948ea,0
devgpt-01f3461599469fe2,2
devgpt-4c1151afb2601503,3
devgpt-e5f6cfe75b0a7bf9,2
devgpt-3bfd70f0ad0458d6,4
devgpt-4092efabcd1c6e2b,3
devgpt-d2cdc91b5714c804,1
devgpt-88a41cf102cb5d02,0
devgpt-ffa1ae816d452ac5,2
devgpt-b73a043606dc60d0,3
devgpt-bd96f413b7537913,1
devgpt-e234078d6f87f3e9,1
devgpt-7f3029fc44e60129,2
devgpt-6dd2b13650aacb38,3
devgpt-2303de7f5ea71ddf,1
devgpt-8f305596decedc46,3
devgpt-4f1a16a9ba76388e,0
devgpt-536c53a07cd7731a,3
devgpt-a29c8485ee251870,2
devgpt-b084c78a2a09db93,0
devgpt-cb43af897c9e8f02,1
devgpt-268e4b03c6fa9988,3
devgpt-92d80b60c3beafd8,1
devgpt-1b46f059111afed8,3
devgpt-94a5c539ba9acae4,3
devgpt-9ccc8d3e01c9ebc4,4
devgpt-73736777ea0ea5c6,2
devgpt-d806444f65c7daaf,4
devgpt-4211a83da659738d,4
devgpt-3eb527ed463d4b8d,2
devgpt-d70b84d44eef17f1,4
devgpt-0c2b51cbf065eaed,3
devgpt-d685ce0e913774ac,3
devgpt-50e0d8537bcc791d,0
devgpt-60c333d08524dfe0,0
devgpt-942f974326f47e00,4
devgpt-632abeede0fe2137,2
devgpt-49c857e56c42431a,1
devgpt-30fb8d48decefd39,0
devgpt-d7f3b4c7a2c74a78,4
devgpt-9c7677c1e686e678,1
devgpt-b67ae503cb3c399d,3
devgpt-7ffa655219e5424a,3
devgpt-05f53908a55d6164,4
devgpt-f5fa2aee5887caf3,3
devgpt-33bcd179764b6650,1
devgpt-6bcb02081d849f98,3
devgpt-260ca5785b839fb4,1
devgpt-213c860edcb58a68,1
devgpt-19ceaf8b71f05b08,0
devgpt-1b011da15c527abb,2
devgpt-545f1abd890a82c9,2
devgpt-2eaeae034d0b616c,2
devgpt-c8a7cfd52050f599,1
devgpt-17ba92a78d225669,3
devgpt-426b70c9ad711fc8,4
devgpt-62530c8f3ee2ec4e,2
devgpt-680d2f550d2bcb92,3
devgpt-119b1cd1439fa0ab,4
devgpt-9ff72fb1b300cefa,0
devgpt-44e301e1a31ab810,0
devgpt-dbab7f08be28623e,4
devgpt-f09de04869214875,4
devgpt-e49b54262c840cdf,0
devgpt-e8356a8dcea17104,1
devgpt-372a31d08a272d8e,3
devgpt-fb5c790949bd8e70,2
devgpt-673b48f476c2dc24,1
devgpt-a76e0013a60d8458,3
devgpt-1f62f0d520947ec4,4
devgpt-77c31314326ad4ff,4
devgpt-f5296d2b6eb68e8a,4
devgpt-ad7157b0d056d35d,0
devgpt-f3646c7953d6fb67,2
devgpt-0741f9bff24da9b9,3
devgpt-c31694c00db91c78,0
devgpt-59151c05348097b4,3
devgpt-dc9301928f5b01f2,2
devgpt-391b72249f79f7ab,1
devgpt-9980f4c15e8a90ac,4
devgpt-066b06665893c988,3
devgpt-0973b2f6491484b4,4
devgpt-2365b0087a356f5e,1
devgpt-9923db89bec663dd,3
devgpt-22d02a681de2287d,3
devgpt-475807bcdfd72d36,0
devgpt-36745bea074d036c,0
devgpt-aa9954c481b4a049,2
devgpt-571523e65314e4a5,3
devgpt-25403de6d111372a,3
devgpt-5ce04e1acf26a387,3
devgpt-5e49247bf7a726ba,2
devgpt-c1e393a9f8e21e38,0
devgpt-c72467c15d46bbb6,1
devgpt-a03429033013e9da,3
devgpt-b664053cf49173b5,4
devgpt-acc71e960962fec8,4
devgpt-d79acc599a95ca9f,2
devgpt-6b7b915d6b2b6c9f,0
devgpt-60219efcfd2d06a8,1
devgpt-fc5f9e2968ef48b0,0
devgpt-db9baddbd93ec760,2
devgpt-86547ab1415cec35,3
devgpt-fb52524c6b970bda,1
devgpt-214b533d394cdf43,4
devgpt-cf2147f7e2ddf374,0
devgpt-9b00fdc7f0353def,0
devgpt-38fc019cc4ec5e24,3
devgpt-06abac10ed5c419c,1
devgpt-c1042a2e8cab1d0f,0
devgpt-dd38fe98dbd44d89,0
devgpt-580cc22f854cda2c,2
devgpt-d64bf829b5d2b075,3
devgpt-6a6820bc9554ab9c,0
devgpt-a68eb427ae9ce7d0,4
devgpt-0462788705c4992d,4
devgpt-4132c4bc73ae1157,2
devgpt-2d5f467c3f0b3741,4
devgpt-e736cfd56fd31efc,2
devgpt-edc6f4df76edaf84,0
devgpt-a48814457d1070cd,1
devgpt-a2cc97ee89cb6f52,4
devgpt-22107f84234d8770,2
devgpt-7a3cb21c6deae0c9,1
devgpt-b3698cb0ef3a05a2,4
devgpt-a126e2b20643abcc,1
devgpt-d495417ff02c8926,4
devgpt-aa81bd954921506b,2
devgpt-ecaccf7b19d1c9d7,2
devgpt-df2d0fe3980d4131,3
devgpt-876f8fd3e344c4d3,4
devgpt-f0524eef1c3920f4,4
devgpt-e38ff783ab9751b6,0
devgpt-79e7248beefda9df,3
devgpt-088ebf69ca007295,3
devgpt-40008bf5e41ed3c6,0
devgpt-06b8b7716327c95f,3
devgpt-92281e5ed68cc4ff,2
devgpt-5c4fcb85fb669257,4
devgpt-004e3bae1e65df1e,2
devgpt-c12f6c9498c64a9c,4
devgpt-9f9d5997a2f3bf78,0
devgpt-e16d7b78f323193d,3
devgpt-412f13d51c14f4c5,4
devgpt-1dbd7db82a4b9a07,2
devgpt-485914cc37c16522,3
devgpt-dac8420170ec858f,3
devgpt-76d552b3b0b7c10c,4
devgpt-5426d6614a40702d,2
devgpt-9558a14571c12c84,2
devgpt-6782a0d997b40581,1
devgpt-1c44783c8e1a770a,4
devgpt-25415c62ea00c001,4
devgpt-1b59bdf417e09b2a,4
devgpt-ff49032a381f1b6e,1
devgpt-ffbfcef39778845d,3
devgpt-adb12e13faff65a6,2
devgpt-df0c2d6b2e8d0b77,2
devgpt-0db805996e28c4ff,0
devgpt-f3e815e52cc37da5,1
devgpt-9b2caa8ca379a59d,0
devgpt-6ae203578914d51f,4
devgpt-eaf8d02ebbfd14ca,3
devgpt-a237f6714f2fe0cf,0
devgpt-e28b5449f4501632,3
devgpt-a0859019e3110b2b,3
devgpt-bf5f8d33c0abdab4,4
devgpt-e4d5b1f41100c7bb,1
devgpt-1020cb53dba124d0,4
devgpt-bb001a381863bebb,0
devgpt-cfdd550f9ac1f7d6,1
devgpt-4380b6953c5b3e4e,1
devgpt-5142b16632708567,4
devgpt-8f77f0f3c08f5889,2
devgpt-675a0243f5725d8e,2
devgpt-d8c1edcab25bc892,1
devgpt-487fe3923567d043,0
devgpt-b4b2851d8756f785,3
devgpt-dabb2fbe9ce2bbc5,4
devgpt-aad62833dbcde58a,2
devgpt-b96fe79b9d7fa427,0
devgpt-45fd6e67e0af424f,2
devgpt-d0b2acce2632ea87,0
devgpt-fb98bb17dff881c8,2
devgpt-dc870b14756749c7,0
devgpt-a63c14c3a65212e4,3
devgpt-dae2ebc92e7415d4,4
devgpt-68809f69e44a8dda,1
devgpt-500a76414d228765,2
devgpt-bc4d86532ae81bae,3
devgpt-2124567960043860,4
devgpt-15bebe75df8e2258,1
devgpt-1cf4fbfe1147407b,3
devgpt-52dca9ed78fe4ba2,3
devgpt-8c9c95b302f6474a,1
devgpt-c37acef5b4702cb4,3
devgpt-901f60118ec8b22e,2
devgpt-393c61bb52d8f85a,4
devgpt-00db87d699036c55,0
devgpt-f83e6642fd2d4294,3
devgpt-ce000e706b6254ff,3
devgpt-3b8b5114ec05e69a,0
devgpt-8dfd84cee2c13f99,3
devgpt-9ca786ef81c5aeb1,2
devgpt-4418edd30977c1f3,4
devgpt-25bae864aa330351,4
devgpt-7c4e77afb4303cf6,2
devgpt-796893bafa2980dd,4
devgpt-1f1c6636c4a7c66b,2
devgpt-def4974feeb41b0e,3
devgpt-c2d7b1a3307539d7,2
devgpt-003c0b9aebce8261,4
devgpt-4e2382daf15d4074,0
devgpt-30c5c598ffe59337,1
devgpt-1c7acd826d1c48f9,4
devgpt-c16ed753fd6c1979,1
devgpt-8e457a4a3dce30f2,4
devgpt-e3051dfb6bf4dc78,4
devgpt-a090d4a2b8e9bb7f,1
devgpt-d8c883c5fc7abfbb,4
devgpt-7560e0b0ebd1ef21,3
devgpt-14d209afb13c2f18,0
devgpt-7b7ea7bf905e8d44,0
devgpt-f5f7f30da68f4efc,4
devgpt-b26e0bd30842468a,1
devgpt-647f2f3949b8fd8a,3
devgpt-f5bb0c4d4142b600,4
devgpt-8afa6f12508661e2,2
devgpt-c985341472ccb73e,3
devgpt-8c2cc5cee3840ac0,1
devgpt-3353c7a4814bc62c,3
devgpt-1bbbd4fd7e2202e2,1
devgpt-37bc97dae7522711,2
devgpt-2aae16c060518709,3
devgpt-25fe48318fa4f35c,2
devgpt-4ddffd00cc2fdcab,2
devgpt-83a5c4fe681c7fe4,4
devgpt-44eda46d08fe5079,0
devgpt-ee8c4399ebeef343,1
devgpt-11dce66088d13905,0
devgpt-0dca40f846d2835d,0
devgpt-a5afd7ebd8f4b461,4
devgpt-f73ec55281cfa428,3
devgpt-9440d3941b19ad6c,1
devgpt-e43ed5605f8dbe0b,0
devgpt-dfdce2c925872072,2
devgpt-dbcd36f797685ffd,0
devgpt-d881549edaf397a0,2
devgpt-ff4f51b2e085f7ff,2
devgpt-bbac767019c43bd9,3
devgpt-be003bf6f0fb0ca6,3
devgpt-a25a6ab57f69de82,2
devgpt-6cde420c05296e84,4
devgpt-92ff212ee1ddb6b6,2
devgpt-30c58e4f9355fbe7,2
devgpt-1076358e8778a481,3
devgpt-0b3f39ae78a6dacb,3
devgpt-aec66fef0c8ff592,4
devgpt-07b891d1fce3ab0e,3
devgpt-a71e13581bc1477c,4
devgpt-28db4aaf19e20367,2
devgpt-9b0500773e71656f,3
devgpt-257ac072090038b3,0
devgpt-22119da51a582571,4
devgpt-05d3b9dacb8cdd5c,0
devgpt-c0c661f24c9e79ae,2
devgpt-07761f2ade6d3b07,2
devgpt-a7277d0075d0b8f8,1
devgpt-f86890a65fa4de8a,3
devgpt-46c4a2f4956da5d8,3
devgpt-b6c3e6d09a57a00c,1
devgpt-b4d937036825c89c,2
devgpt-1870db260e002aa7,3
devgpt-fc4fe98d4f9ab238,4
devgpt-c43c1670f903ee84,1
devgpt-07a2235865599a2c,2
devgpt-333050cce6266e81,3
devgpt-a24e1bfa3656001d,4
devgpt-19e82768cfe8d3ca,0
devgpt-887aa28d16420507,3
devgpt-625ce117a65d5942,1
devgpt-05a6e3f1aba1face,3
devgpt-5e3a842dcdfab3e6,1
devgpt-170f30413e1a4b64,4
devgpt-a1083b0ef711329d,0
devgpt-e04c5d522fa1535a,1
devgpt-a925f07f9dcf78a6,3
devgpt-01ac8e02a59d1778,3
devgpt-1b960191b1d6f039,0
devgpt-67d5d9430de221fc,3
devgpt-77fc04141bd862db,4
devgpt-da7fa5e2408c235c,1
devgpt-0dce09aa45dc9c03,3
devgpt-8bbdbadc8c4c6afc,1
devgpt-a152291e2a04c237,1
devgpt-0041cb3709488ce7,2
devgpt-db5b9fa83d68f5f5,2
devgpt-02cb2eb8eac9856b,4
devgpt-0dc72331633005e3,0
devgpt-c8264be98a02c5cd,0
devgpt-b695b1b6e8719a57,1
devgpt-83361c101e50bb8f,2
devgpt-52e2afa9d66811cc,4
devgpt-7816cb61d9abd05f,0
devgpt-1753dcab448eb2a4,3
devgpt-8fe284da2554afe5,1
devgpt-47bc6330e0e25680,3
devgpt-cdbfb03052a2e2e3,1
devgpt-1e912978753dace9,4
devgpt-17e4cf6f500a2d5f,1
devgpt-5451d9e1f8b9ad04,2
devgpt-fd5335d6602d9944,1
devgpt-6e0fff4113f9cb75,2
devgpt-ddae40dd8f0a238d,2
devgpt-7d261c361cd9640e,3
devgpt-c75b87490bdede3c,4
devgpt-b105fcaed01b07b8,0
devgpt-959546b7fc57a638,3
devgpt-515d5ead2fb83ac2,2
devgpt-daeb71c3e4334869,4
devgpt-e555f51734435560,4
devgpt-28a9708530bd717a,3
devgpt-4ba2275fb0637da8,3
devgpt-819ccfaa0928ae28,1
devgpt-ee2876acff931e0c,3
devgpt-2063c5bd6066cbc5,4
devgpt-b3b13215454fbee0,2
devgpt-5b23838ef2ca10bd,3
devgpt-f86aa6f8e605ecea,1
devgpt-f93e91c281903c94,1
devgpt-b3cbf384de087975,0
devgpt-223fd788c6daddba,2
devgpt-8ec44e7506112bc2,1
devgpt-181e8f6abe09efb7,1
devgpt-25a142b78d8bc0c0,2
devgpt-936a6b2fae0f2220,2
devgpt-b6af6327ba110ff4,3
devgpt-0de87a24d2a29c89,2
devgpt-77704ab10e848243,3
devgpt-c1461edb33a83cfa,2
devgpt-ecf56f5bb8a0c4bc,1
devgpt-736978e765daad5e,2
devgpt-a96785ed6cb7d9d3,4
devgpt-24fb1aefd65b5479,2
devgpt-0230167c699ef5c5,4
devgpt-51f385f433267539,3
devgpt-d51acf6ba7068d08,2
devgpt-b06348dce989c1d2,0
devgpt-70262d2fffdfa405,4
devgpt-60eedb85ee3f6a0a,2
devgpt-e87a3ef2f4811001,3
devgpt-43b5ceff407e89e1,4
devgpt-8ad3a1780fab2e0d,4
devgpt-3d4ce23b650ea5ef,2
devgpt-e0a47699660efc32,0
devgpt-5f70f8ad790db523,1
devgpt-9a163ca53300de34,3
devgpt-81f8237541b3360a,3
devgpt-c6766669bc9c3b1e,2
devgpt-bc879dff0697cd36,0
devgpt-4e69b62c70a42b21,3
devgpt-9b56fe94a9885bf3,3
devgpt-fb0b4c4554f679b3,0
devgpt-743661bb7f6283c5,1
devgpt-dd197624d3754d13,2
devgpt-6d7a0f38e5ee2196,4
devgpt-aaca2aed4dcb0051,4
devgpt-8ac168c1cdf1f15b,3
devgpt-6333a589d6764adf,3
devgpt-1231f9ae46d13e77,3
devgpt-56a32bea8dd9a8cb,2
devgpt-e6c8ce583c2af94c,1
devgpt-82c647e4043bde08,0
devgpt-d6c34184c7e6cf22,0
devgpt-9a1cdba6432de323,3
devgpt-fe1dcf648b27f2be,3
devgpt-aba613a2c3cbc3cc,2
devgpt-bccae12dbde44b65,1
devgpt-b02a78777988b38c,0
devgpt-d7c5926d6a861369,2
devgpt-7a05154ec4224942,0
devgpt-57852ed548526ebe,3
devgpt-6f222efe521786fc,1
devgpt-616126b818d2ff4c,1
devgpt-e32596738924dec8,2
devgpt-943856f5ef3f8db2,4
devgpt-7d52c469a153e8e2,0
devgpt-15fa3e06a136f42f,3
devgpt-bcdc5f1e45c5b671,0
devgpt-92b9dc026cfaaf2b,1
devgpt-12c5ac542440b9f9,1
devgpt-02888f535d6f2054,2
devgpt-be5e8ffa30d46cca,1
devgpt-75692d588c953625,2
devgpt-ecaef04edf57a4f9,4
devgpt-7f4d0512180f8f24,4
devgpt-cac3d6b0a4d3ce73,3
devgpt-87d6c781c74d4986,0
devgpt-de2f8e5fba3332f8,2
devgpt-3b7408f70cb4bced,1
devgpt-861dbe5b75d0013f,2
devgpt-1941fcaceadbefc5,1
devgpt-6aa5548b4979f0d6,2
devgpt-b64e1126f2c714a7,3
devgpt-27bf9e5565b25348,0
devgpt-ad84880a485a0cd7,0
devgpt-f57abed32ee490af,3
devgpt-cbb13e7bd40568ff,2
devgpt-7541eabad679cbab,1
devgpt-d9757112a5b4191b,1
devgpt-1f253dcc8d87223a,1
devgpt-76f12697ec142381,4
devgpt-c7d6bfbc9e903fd1,2
devgpt-e09d7f507063adf7,4
devgpt-40856905f700cc9c,1
devgpt-ef9c597537d34939,3
devgpt-93991f5b5f391828,4
devgpt-fe68e39aa837c1fe,3
devgpt-657dabc73e23caf4,0
devgpt-a29409750af1122b,0
devgpt-a0418ec100958914,3
devgpt-e6a088f7566c4735,4
devgpt-f68773eaebe32f55,2
devgpt-e9724c03352d359f,1
devgpt-293a7569096de24f,1
devgpt-76913a351913ee00,2
devgpt-0c559bcf6d6352ad,4
devgpt-c8a881644bf8082a,4
devgpt-120ee470ad7a129e,1
devgpt-81b222a939adc187,1
devgpt-9ea1b7619004a0c0,4
devgpt-20dc9ce43336ba80,3
devgpt-2c8c2a5b1c191c03,2
devgpt-845cf1273379e1e1,3
devgpt-7d41826e7262fbee,1
devgpt-4ae453835e6e82bd,2
devgpt-4bb89c68c970261a,0
devgpt-492521cb86a1da99,3
devgpt-20d6cfae05eee740,0
devgpt-ba149af4434bfcea,3
devgpt-56292c5f09dccbfe,1
devgpt-5b34ce32ebbba1db,4
devgpt-bb13449a293815f9,1
devgpt-194321add5eb8c5b,0
devgpt-f736ea6f87b378a4,0
devgpt-a0ece89c57336e43,3
devgpt-3b5a4a85de49f7f9,0
devgpt-013b9d8ca1c76816,2
devgpt-4701c376ccaa0f3f,1
devgpt-b55f92399a681077,2
devgpt-a70f31974b315fc8,0
devgpt-a11dd6c403ef0b7c,1
devgpt-eb1d5a5ec10361e4,1
devgpt-7fa397f78b98922f,2
devgpt-a69fb9ae0dca7f34,1
devgpt-2eee08f2f96fd8cf,4
devgpt-bbe56bb43c5f2ffe,1
devgpt-dd4ab26b21e0c515,0
devgpt-a6236fcf47c50627,2
devgpt-9393da819dc324d4,4
devgpt-db58be12cab0842a,3
devgpt-cb6bb6a71f394ef6,1
devgpt-0e856ce082470380,2
devgpt-7a46bc45a1d1588a,2
devgpt-bae11616b8cf4442,2
devgpt-1a645dd8c15eeb7f,3
devgpt-f5dc9eae9f8af916,1
devgpt-5c90dc98380fc4de,3
devgpt-a413cbd88933d16b,4
devgpt-049d3927a3f8e8e9,3
devgpt-b56d95637de74cf1,1
devgpt-33266dc2b49707a7,1
devgpt-f3a226e7205eb457,4
devgpt-ae7ed7cddeae34a3,1
devgpt-b437fb339a87fa69,3
devgpt-9e3e4f9050b885b3,1
devgpt-9920af7cd40ccb54,1
devgpt-4d4e2c0a95b94c48,3
devgpt-838f8f16f395ed42,4
devgpt-bf80ed77d3d42af8,3
devgpt-5c5b6f796d9a8a8d,4
devgpt-0c6dc48711e7c8c8,0
devgpt-98e0f418d269b9a2,3
devgpt-67189e3d24f9089f,3
devgpt-bfcebf746ff676dc,3
devgpt-124707da35ff7782,0
devgpt-5f17ede650c4163c,0
devgpt-99d245ef91f119cc,1
devgpt-e2e854531ca78a09,4
devgpt-df242f61b9df4404,0
devgpt-a97d73c080ac2b5d,0
devgpt-0aa4593a122c1a6f,4
devgpt-b7ffcc1c9d6f1c91,2
devgpt-3041f67a4b82aaf0,4
devgpt-631f8d8fe528a060,2
devgpt-62883b2883478a23,1
devgpt-97834bb0a4e2c7ad,1
devgpt-a9150961d8829cb1,4
devgpt-0834f8d4eb330f04,0
devgpt-e57f85d46cae6d78,1
devgpt-87cd1e1e68585f02,2
devgpt-619c3e58125ea4a5,1
devgpt-e299005147f7fe39,1
devgpt-dad1c3eb5ead0420,0
devgpt-98fbc98928539820,2
devgpt-7223af8c535336dc,4
devgpt-009d622031d63385,0
devgpt-eee837821902698d,3
devgpt-c9167dc4b5d8376a,3
devgpt-1a71ca3e92e7a3dc,3
devgpt-849734467010400a,4
devgpt-a1550e39d16b5bf9,2
devgpt-05eb19cca72ce56c,1
devgpt-827d8a8fe26de4e9,1
devgpt-c3986a7f3cbbb172,2
devgpt-2916491f1d7596b8,2
devgpt-ee912905cc136af4,4
devgpt-1d1d1d65b592eee8,2
devgpt-9848106db70da51a,2
devgpt-78558aea4dfe7e79,2
devgpt-34bae7fc01e9d4d9,3
devgpt-d72859df4a10da2d,4
devgpt-7d0f9a8fa59def3b,3
devgpt-54d98058dfe6e78c,2
devgpt-1022a8f17884ed15,0
devgpt-acf4715b50976ed8,3
devgpt-56b16d40ecf558e1,4
devgpt-d05f4aa4fc451690,3
devgpt-e360785015191b2c,1
devgpt-23d098364eaf01ea,1
devgpt-c095ae21761b3822,2
devgpt-3d70a8bfa1958c3f,2
devgpt-b4ef0874c3a5457a,2
devgpt-8c44b57450869c4a,0
devgpt-c4d1ba370694aa80,4
devgpt-ffe0b0f8ea759040,3
devgpt-0489d17bf2721bb8,0
devgpt-b73145fef9c8aed5,3
devgpt-e18c6e0cdbe75137,4
devgpt-d40bea4715a79055,4
devgpt-29e64a08ed437fd2,3
devgpt-d5b5c2bdf49b047f,2
devgpt-909e4c9ed4d8b49c,0
devgpt-de3a6b3c229807ce,3
devgpt-81f4b2e67e002416,4
devgpt-b9b8d641ee76c8ea,3
devgpt-4c328a54a2ee52d2,0
devgpt-6b3567ea48c290b2,0
devgpt-cc0ec79fdf92a362,4
devgpt-4e4758f254e0c87f,4
devgpt-cb6b49f6d82238fa,1
devgpt-c041180fbc5fec5c,0
devgpt-07059a22f3f487e1,3
devgpt-d54535614dfe128a,4
devgpt-375cd6a32578a46a,4
devgpt-c68e776a26fac7ae,1
devgpt-f3a0d9162b60d9c1,1
devgpt-f7c6aa13b5dd28b2,3
devgpt-72cc0dcb83aab516,3
devgpt-63c5fc042657d24d,1
devgpt-5b9bf892390a3164,4
devgpt-20b39502db201221,4
devgpt-0d7b215ddbe97e14,1
devgpt-02ae95e4326bc8ee,0
devgpt-2f7fb7060e03f0d9,2
devgpt-c06281c35abfc285,4
devgpt-9f1186ffa31283a5,4
devgpt-1ff9b2c2d8237e95,4
devgpt-40f24db9f5f5e1cd,4
devgpt-a85409dd8fe1864b,3
devgpt-b74bb4891833ff33,0
devgpt-d2f6f66f6a034653,2
devgpt-48ac079a854295cd,4
devgpt-e7f5ee1ed8ae15c9,2
devgpt-08ca69e3d4eaa418,4
devgpt-e65a96db87d98cb7,1
devgpt-5f6ae980b15102f2,1
devgpt-6fad4cc93dce067c,2
devgpt-6e90c40dfcbe1eac,4
devgpt-d9a578c2e9900928,2
devgpt-4d663c2d7b3d6885,0
devgpt-d561e0130f19b90c,1
devgpt-b92baf083a38f558,2
devgpt-7e7d70e7f75ecf1a,3
devgpt-cc424d22a0391da2,4
devgpt-2b0b9177ba815cf8,2
devgpt-82979102bf28a815,0
devgpt-0ee2219c235f40fe,0
devgpt-51887f0e4df5a99e,1
devgpt-5824cba9063a2e39,1
devgpt-c8ff7a2e7f09cce9,4
devgpt-883528679101c979,0
devgpt-a49926279b6cea08,2
devgpt-a9a347d97e843ae4,3
devgpt-09d95d34e0efddf4,0
devgpt-24403d56f1e60c91,2
devgpt-0378ef069db74b12,4
devgpt-32ad9c11732fbe52,3
devgpt-ce4abfc4f1709164,0
devgpt-4835f4a83f60b217,1
devgpt-699e1523083fd5f7,4
devgpt-baabe55fe82a0729,1
devgpt-ac0cf2083703457f,4
devgpt-813f5a9d05035c12,0
devgpt-730f72acdec76230,2
devgpt-4e1c40059465a88b,3
devgpt-76500fd00f33166b,3
devgpt-bf6977e25674ef70,4
devgpt-c66aa66ac4294b87,1
devgpt-b49e49c3d34f35a1,1
devgpt-390a6ad1310dd4bd,1
devgpt-782b7ba4d607fb5f,0
devgpt-e3e8013da4dafc1b,4
devgpt-06aef58e3bdd8790,4
devgpt-7c0f71a7e8fa9c8e,4
devgpt-78ce6df07b891a24,3
devgpt-0386cd8043c67031,3
devgpt-be7ba29c2c8d49df,4
devgpt-117c0478b8b44ecc,1
devgpt-b28d9720e9b17917,1
devgpt-ad5ef5d92cc1a7cf,1
devgpt-cdd39df7166f5744,3
devgpt-bebe1d149ef34faa,4
devgpt-8d0d27fcfb62f156,0
devgpt-5b6abf1a3d71ed51,0
devgpt-f1fa22b6fe0f82df,1
devgpt-9421f42e4be2602e,4
devgpt-70a8e7adbb9f600b,3
devgpt-d511fe75f56f01e6,1
devgpt-754e759855a49d3c,0
devgpt-8dd24c92b2cb9362,4
devgpt-12e5c458e6495d57,0
devgpt-c2eaaa50fdaec1e9,0
devgpt-ea43c179ecbf4c1c,2
devgpt-f1987add87f942c1,1
devgpt-888f69b1bfb4cb1f,3
devgpt-b498f22dbcc476df,4
devgpt-7492e7be7b807ff8,2
devgpt-04212f7bc2692e67,2
devgpt-98aba60682ace236,2
devgpt-b7665afc516b3a4e,4
devgpt-39a19a4c8d0852f0,1
devgpt-0fa92d1cd1a782ab,0
devgpt-8303db65dd1f3166,1
devgpt-c8b22ec9b72f709a,1
devgpt-e5c3b9d3bcfab985,0
devgpt-1404817977ff305a,1
devgpt-9195798ce6e6496d,3
devgpt-27ca8844f42e2a95,0
devgpt-bb26cf574b32630d,2
devgpt-fb77b9ed3fbe89d5,1
devgpt-8bb6acf8f8db501b,0
devgpt-9bbb28714dddc87a,2
devgpt-48c616e77172ec8a,3
devgpt-4abfbc904fad1678,2
devgpt-9c1cc39a96383494,4
devgpt-83ace744db427de3,1
devgpt-690cf32ae5aa2bc5,4
devgpt-7a9e70b12ffb68a7,4
devgpt-12afa43b2a234ced,0
devgpt-700c33e13d4018ed,4
devgpt-b145efe5f9c24fc0,3
devgpt-5ce6129ceef50333,3
devgpt-0f777aa5dcc86fed,3
devgpt-0f3d960cd0296cb6,0
devgpt-096acd903ef373c1,2
devgpt-9abf4a87a07a19c3,2
devgpt-93466744fed3b25e,0
devgpt-3f0cb63fbb84fdf1,3
devgpt-48f426a9c3b83a68,4
devgpt-7ee4dace5f942169,3
devgpt-65e564f742ce3750,0
devgpt-aa53d5fa58ab0577,4
devgpt-85d94d76745ed750,0
devgpt-4fa1f9d16afaea2a,1
devgpt-8f115ea110d7af29,4
devgpt-05534ee8b859e1db,3
devgpt-eabfff60f7e2788e,1
devgpt-4e6dcfd518c61ad8,2
devgpt-3940a5a128aed054,4
devgpt-edf26031593cbd5a,3
devgpt-3a390cfe3e3b6fb8,1
devgpt-99625cf6a3f80f01,1
devgpt-5bedf059500e6939,4
devgpt-dfa69ffc686c9bba,1
devgpt-a39c5c88c205be39,2
devgpt-46ac9c75e337ce17,3
devgpt-13c2f5132388707f,0
devgpt-9254233f8c228389,1
devgpt-5c595e67f56228e0,1
devgpt-0b300c58830ce07f,3
devgpt-4ac800a0a10b3af9,4
devgpt-cb2c05a45db7b052,0
devgpt-c439310295bb627f,1
devgpt-bbb8e8f92596c846,0
devgpt-f77fd648c3698425,3
devgpt-c43f66d542396e00,1
devgpt-f32c14a7722d3d51,0
devgpt-83b33c7a4563e7c9,0
devgpt-28baf44dff24a89b,2
devgpt-83f2a1ac0e557431,2
devgpt-d77be5c7a06b4a40,2
devgpt-0e0277335a6a48a7,2
devgpt-6aba3360ac9e2d50,0
devgpt-6a155cb8a6621c85,1
devgpt-8ac4b55a28c28a38,0
devgpt-0c0042bcc385cb56,1
devgpt-3c34affaa74d074e,1
devgpt-4cd50e98fb2c882d,2
devgpt-c1a59e4fe137c232,2
devgpt-2d79fb3bccdd447c,3
devgpt-4e04bf6125409538,1
devgpt-40f9083c0e6a566a,2
devgpt-4329b6e582d7c602,2
devgpt-3f60554f788b635f,2
devgpt-45c539a81562181b,4
devgpt-5fd5a6d7d3bd81ba,1
devgpt-3de7167ee0f5a2d3,4
devgpt-40dae40646833079,0
devgpt-59d32961d9acea36,1
devgpt-3db3b937004bf67d,2
devgpt-8a52f0452d7b8e19,3
devgpt-39ea6d1276ae5bf6,3
devgpt-203ae51d4163781c,0
devgpt-db9ba19168b68ee1,2
devgpt-98eea53e2b2e27ed,2
devgpt-b75707f71d8376b8,2
devgpt-3407a254b5f6ff00,0
devgpt-d0446755a0dcece0,1
devgpt-ce1bbfd3820193d8,4
devgpt-ba682377bfa71958,3
devgpt-5b8c870b8120fcaa,3
devgpt-a9253bb8df595aa8,4
devgpt-df05b410a676b381,1
devgpt-b42be77246ffbdb8,0
devgpt-cb1d4bb812b1cec4,1
devgpt-9ffd2e52f1c899c4,2
devgpt-0b519c271ee23905,1
devgpt-5e3cc0f025251185,4
devgpt-f6c17e8a95f63311,2
devgpt-f8a8f78ff90739b4,0
devgpt-3b2cb2ae394fb172,1
devgpt-d549aa8ed8a2919b,0
devgpt-508af6a09356cad8,3
devgpt-64ceb3640d1077ce,2
devgpt-c84cd155abf79740,3
devgpt-3f174f1d514d97e3,1
devgpt-6e46b2aa9a62151a,1
devgpt-cec2bb0386d7134b,1
devgpt-adaf298e03f96653,3
devgpt-8e8d02d4379d6091,0
devgpt-1c56e8b358366225,0
devgpt-fb28e3276f8fe340,3
devgpt-e31e88053dce0e13,3
devgpt-52e028516a4c9b0c,4
devgpt-2ef3964cddc707f8,2
devgpt-3b8958aa85b8904a,2
devgpt-f51b38c918e93587,4
devgpt-1605574e282e3799,0
devgpt-9ebfa075e28e1820,2
devgpt-af01b55af08bb308,3
devgpt-c2b8bce09f0e028b,1
devgpt-38d88d9c7ff68b52,4
devgpt-22739d5929138ddc,3
devgpt-401b617d2384c396,2
devgpt-022609dac4dbd0ae,0
devgpt-399cfca6198da339,2
devgpt-2512600316ecae7f,4
devgpt-4de7c2f48a8d88ca,1
devgpt-0215a8af73f0f826,3
devgpt-ec7e6a22767a9a92,4
devgpt-01e899d902a2aa6e,1
devgpt-65d4227d6740d1cd,4
devgpt-20e9e14c77bb1570,3
devgpt-553c0c8cd13ec3fc,0
devgpt-3971955f4c3dfaa2,0
devgpt-4fee2ca231df5a14,0
devgpt-65bb558af34e28ec,0
devgpt-dd6a0466c2476f01,4
devgpt-58c2b894542dc4c5,4
devgpt-85e37f54c570d00b,4
devgpt-bbe8486b02f8bfbe,0
devgpt-9836b7f70e718975,4
devgpt-594ddcce767f7213,3
devgpt-a8dbf44179115ee1,2
devgpt-45cf93f95fc68c54,1
devgpt-f5ad73488b281c87,1
devgpt-4cc4cd306c0895dd,0
devgpt-64b69f88fc183436,2
devgpt-0ccdf8fd8eafc080,0
devgpt-0c07ec5792f903df,4
devgpt-f598da68d057c6d1,1
devgpt-1f860e540d4334d5,4
devgpt-5650c0c60b92aaee,3
devgpt-e8edc8119b238de7,0
devgpt-d0dcaaf13613540b,2
devgpt-64ffc4825d3d9764,4
devgpt-fc4b1b00abce71b3,2
devgpt-808a087c6a577583,3
devgpt-6a8764495f1c717b,0
devgpt-d5ed8e20b1068c67,2
devgpt-93366f63065fc00d,1
devgpt-053ca9fb9b8f55e6,0
devgpt-6b2fe58d9e1719dc,4
devgpt-e145c1828a7547a3,3
devgpt-0468c0899757ec58,3
devgpt-dde935e5df33e55b,4
devgpt-389e044bfadc9b03,3
devgpt-ca3c7431ffb403d2,4
devgpt-52645ff5cbcb88a7,0
devgpt-1fad6000e3d9fe19,1
devgpt-cf235b619ca985c1,2
devgpt-c93e7ef5bcd1b70b,2
devgpt-7e1b50189baf362f,2
devgpt-2ec7936c961ee9e1,3
devgpt-ee345010149d628f,1
devgpt-aef479404e1933aa,1
devgpt-6dc9a1d71c2b121a,2
devgpt-ea01a771714e914a,0
devgpt-3475631299e727fa,4
devgpt-1c5b65c067359b00,3
devgpt-2bb805f6eae0f139,2
devgpt-3bf5d6ee90e44dfa,4
devgpt-503e0027a886596e,1
devgpt-7932320de78c2fb1,3
devgpt-338b3847963d465a,0
devgpt-bef2302dfa547d8b,3
devgpt-af210f86079e236d,4
devgpt-a77800dd95497829,4
devgpt-b31964a92c59dd8b,3
devgpt-5af8314f74c196d6,1
devgpt-e83a4d41acffb3a2,4
devgpt-6975d805d8eb96fe,4
devgpt-2bf49594bd94a049,1
devgpt-411a8f82078445dc,4
devgpt-e9c6df5a76acade0,3
devgpt-286b0ec91a25e731,2
devgpt-006029a4ab4a4f3a,0
devgpt-2db024da33bfbac4,2
devgpt-2da9a5cc549b0e46,4
devgpt-37aa5da2a40fef10,1
devgpt-5b032a343ed4cd4e,1
devgpt-b86551aba052ef07,4
devgpt-542edbeb57874228,0
devgpt-a0a5a4989728d88c,3
devgpt-74f2efbf828a1099,3
devgpt-23d5af78ed648cee,0
devgpt-702980e39b7cf23e,0
devgpt-942687838aec3750,0
devgpt-080e5cb682225c1a,3
devgpt-c6d5bd9af027c0a6,1
devgpt-5c0937ace5713cc9,2
devgpt-2767ecd5f5840bc0,3
devgpt-1d109763d11986fa,1
devgpt-de5fee0666f3bd7d,1
devgpt-8f6ae37c28f90db0,2
devgpt-e96fb2f5b2a3b213,4
devgpt-0a602dd8db055b97,3
devgpt-54526d2bb709caf3,1
devgpt-2d26d072245f2083,3
devgpt-6b23ca95fcc38851,3
devgpt-b343c55066ca7294,0
devgpt-b0888aaba3863f7f,4
devgpt-89b2ac40aa9f9504,2
devgpt-4125952acc5d81be,3
devgpt-9ff71fcea6ff0a93,3
devgpt-43766e4d1381b502,1
devgpt-f1545ed5662d41ff,4
devgpt-3d5e50c80b07a01c,3
devgpt-730ba9ffffdc2567,3
devgpt-ea046226922daf78,1
devgpt-8ca390b1cf1d79ad,1
devgpt-5abbab92e1caef5f,2
devgpt-366d754376e861db,4
devgpt-a43a12136eff30fd,2
devgpt-1550dac904f67209,1
devgpt-fd070967bcdb8bb3,4
devgpt-48736ffc916eb4d4,2
devgpt-666abcd7e0dcff7e,2
devgpt-a9ee0355ab86f405,1
devgpt-807fffc7325d48a3,0
devgpt-990bc87742721028,3
devgpt-8981a0fbf52d7752,1
devgpt-385526287d7a058e,1
devgpt-fed02f60d8d8cf19,0
devgpt-36e083fc762692da,4
devgpt-2d4a5250b36a9735,4
devgpt-277e5c71a97530be,3
devgpt-58ae2b05aeaf1a3c,2
devgpt-200248ab9676019f,2
devgpt-05947ecaed45f563,1
devgpt-4a01d0e37c622c04,4
devgpt-d6e6ae051597d766,0
devgpt-f209f0ca2e0b28f9,0
devgpt-ca5719c63a56d0dc,1
devgpt-bd5e8a0bad1bfb43,1
devgpt-18c27e0d8ca938c8,4
devgpt-4db5e2f223f460bd,1
devgpt-d4e12d0f1b5065c8,4
devgpt-362d8b3e33bd1d47,3
devgpt-0e87caf44a891850,1
devgpt-a3b42bd08b8baf4d,1
devgpt-2d819cc4cb5cab4a,2
devgpt-a5ba3c4e03b0518e,0
devgpt-2de6f2ae9d9b4e8d,0
devgpt-2856694e8418a740,1
devgpt-809687b8a5ce3d10,3
devgpt-429c024df127501f,0
devgpt-cbfe38f70ab741d9,0
devgpt-1caae54791bb84e6,1
devgpt-45fa6dad2ebcc9b4,2
devgpt-4a0cad869dfd8013,1
devgpt-af204d821865c5b3,3
devgpt-d88a720655de66b2,1
devgpt-b08b6e5e14f68ec8,0
devgpt-260d4395249e5c26,1
devgpt-0d052a3871a9d281,1
devgpt-76e7adc34b9ec71f,4
devgpt-1ef39d0c0b394dcf,1
devgpt-74c57914e45267f3,4
devgpt-c6fee85b0cae5532,2
devgpt-b5c365416417bfc7,3
devgpt-c46a72885cbbf6a1,4
devgpt-c00c13bbd15654b0,2
devgpt-4306aafb3a73b983,3
devgpt-05edd9724cb37c51,0
devgpt-d66a6268247d17c9,3
devgpt-950f2edcf71064b4,0
devgpt-a54a5ad7d7d936d8,0
devgpt-c5e2e28c2ae917b9,1
devgpt-0df6d3ce1af4319d,1
devgpt-aa0606daad5e785d,3
devgpt-249d63359d2373ee,0
devgpt-8e5ea3371be903a0,3
devgpt-a5ac4ddf167aaade,3
devgpt-3993ba5ac95f948d,1
devgpt-80c13ed4d15a3c75,2
devgpt-3709d0d3d44f12d0,4
devgpt-73c2d82c341fad79,4
devgpt-954f65e1b13671de,3
devgpt-0a5bd071acd44f6d,3
devgpt-9b6cadf2f6b480d9,0
devgpt-75c5b2c225b1465d,0
devgpt-7caad8e5d0db9e79,1
devgpt-741fea4b4792b684,2
devgpt-35d2e2600c9823b6,0
devgpt-bddf6ad983fe8c24,4
devgpt-1cdd58156da7070e,3
devgpt-ec22079dd0455fa6,3
devgpt-1e65ec7dc9bdf1ce,4
devgpt-14dcd70c5c45ef5b,1
devgpt-eb5ce59aa498ef3c,1
devgpt-c76c1483be7c4f12,2
devgpt-154a31fad87b2d5e,4
devgpt-733451c3d9e87228,3
devgpt-c6b6375603b8bf61,3
devgpt-f816da28492f33f9,2
devgpt-abdd2d34b1cbcdce,3
devgpt-578e741a84987565,2
devgpt-6eb7edc47bdd1e08,3
devgpt-829c81a399779f98,2
devgpt-b82e6d15bbec202c,0
devgpt-528a91253a8f0198,0
devgpt-9db802b9ca278b11,0
devgpt-7926ed917d2630ed,4
devgpt-f6d74ecd4cda5fb6,4
devgpt-38935063b7e3eaa0,2
devgpt-7c5e900ec257f163,2
devgpt-1d450c6d5ebc2866,3
devgpt-717b763abd1070d9,1
devgpt-324a4d5ae0448610,0
devgpt-33b30bd48e2e32e5,1
devgpt-0b3d5b4c101def79,2
devgpt-a080883886d51c2d,0
devgpt-9c86224e4b763e5d,0
devgpt-9e7a28a92c3175e5,3
devgpt-f068394ee8a2873a,1
devgpt-f12ac747f0a6e167,1
devgpt-5ceac02fb6a65898,0
devgpt-dddd6a71eb970430,4
devgpt-ec128f2c5152e236,0
devgpt-52489b3e299388ef,0
devgpt-bf34b2294d8d834d,1
devgpt-25edfadf6fce1e49,4
devgpt-a8203c8ff7aa9383,4
devgpt-862aafc1e17a865b,0
devgpt-020fe859122ed19d,4
devgpt-d1ae005a104b64c2,3
devgpt-a9d892ca405a3e3c,1
devgpt-2fc92fbfcc983c94,3
devgpt-f10ed4f2ced1ec5a,4
devgpt-ee51e8e6a6d993a8,3
devgpt-3021d946a981cd4c,2
devgpt-d5855d1bd844bfb9,4
devgpt-4fd122205672b986,4
devgpt-1c8b8237b128efda,4
devgpt-04c64ba4f887b422,0
devgpt-d0006415f20fd453,2
devgpt-a4023d1366952749,3
devgpt-913db08ca2f040a7,3
devgpt-6ac107d62133998d,1
devgpt-a88ce9f932765c6c,4
devgpt-280c47287bdd239c,1
devgpt-b9f343c1c31c7235,3
devgpt-a7e691600cc8aef4,2
devgpt-71d4c331d41535d5,4
devgpt-a436de4d59602b0e,4
devgpt-4e5a54291a91dae4,0
devgpt-137f4c5200479a0b,2
devgpt-3bd0babeebd31296,0
devgpt-59aa9be1a1531a41,1
devgpt-4e23c8acf3133b60,2
devgpt-383a584e139dc32a,0
devgpt-6619f386466b8d45,0
devgpt-aafd07a92888a266,1
devgpt-5f7601d4b9dd3da1,0
devgpt-27af712499fcbc23,2
devgpt-3e28af43f4ccc641,4
devgpt-7a11b74092b6f4af,2
devgpt-6aa9a1cb96253703,3
devgpt-4434a389bb208f83,3
devgpt-0cd0c1146bc8816f,0
devgpt-c6181f5237911d41,1
devgpt-7980c2e5cc7e2d32,0
devgpt-afeb3420b7d46503,1
devgpt-6f83beedfd90b4ce,4
devgpt-fff7a968fdfa56a9,0
devgpt-af87313eb1fc4901,3
devgpt-9f1ba644632374d1,3
devgpt-b1de76d2ff4512c3,0
devgpt-afc75278db1ecffd,2
devgpt-817579b1ec771069,1
devgpt-25b8342b57781716,1
devgpt-ba51171f4d4a00e4,0
devgpt-c1d824771f3e8edd,3
devgpt-c24bbecc3d371d94,2
devgpt-44dcaad2a6149c59,0
devgpt-e78c0970e4567f06,4
devgpt-163ff500ba9e14bb,3
devgpt-52e973043ac467bb,3
devgpt-902a644c96ce9077,1
devgpt-02993f52ff9b0200,4
devgpt-064204706b52539d,3
devgpt-4f1e91db62336588,0
devgpt-d0240ec920ac1072,1
devgpt-b43baa5c64b9ebc1,4
devgpt-339384459363af23,0
devgpt-31eae053f893bb3f,3
devgpt-2a637d8616cbf00e,1
devgpt-32b98657cf12eef1,0
devgpt-2970139e82aa6092,1
devgpt-87d8aec2b5ce0f96,4
devgpt-613ebf3a8534496b,4
devgpt-ce38a80a48dbb10d,1
devgpt-f3cf5958841e0861,4
devgpt-04e9c11ff6271fa9,1
devgpt-9f7690fb35c5bb6b,0
devgpt-f6bf5f0961e97fa1,4
devgpt-4aa689052b21498f,0
devgpt-ddd68bc947785197,4
devgpt-e6144961c1e2a3a8,1
devgpt-3a6c958fe491b880,2
devgpt-2f3856477ed44876,0
devgpt-6882bb6ea3e9ae2a,1
devgpt-7c2bcab730dc4488,0
devgpt-86b9fe5144cf869b,0
devgpt-4891532dc6b02830,3
devgpt-05e54190a24eba06,1
devgpt-e13cd2e42dabe941,3
devgpt-faef6262ee3dbcce,1
devgpt-da3248c3f8969935,3
devgpt-60ebb3b3c45dca6c,0
devgpt-827f1b03cf71c861,2
devgpt-2d123b8fddf61f35,2
devgpt-7855d99938deec3f,4
devgpt-bf7ba2daac5fcdd4,4
devgpt-d9747d77b83f7798,3
devgpt-a68b4ec121af58a3,4
devgpt-63ddc0eada4466b6,1
devgpt-593c2ebbdc3aab95,4
devgpt-6d348d39ce8666e2,3
devgpt-932bac94ffb8cefe,2
devgpt-53f00fefcbaaefdf,1
devgpt-2f80b156d6e3793f,3
devgpt-ffdeb121c2565ac2,3
devgpt-2857d06c88a6ae50,2
devgpt-6041cab0afcb0ef1,3
devgpt-229b2f6da1ac48e8,3
devgpt-7ff8886078eab366,0
devgpt-e50ed5f374b7f2d4,3
devgpt-1455a69f2d2a1a77,2
devgpt-02124967e899f1a1,1
devgpt-ed0ed46cbec634b1,3
devgpt-f4a21d70648c1831,1
devgpt-535b678d5ed81776,3
devgpt-a2fd3549a97c9669,0
devgpt-93c715894e2cef0c,1
devgpt-feacffe0051a8a86,4
devgpt-e7ecbe44f73aee21,2
devgpt-a541c48cad6e9b66,0
devgpt-a8900c4eccfab11f,1
devgpt-65f4e9e47e7e6a8f,3
devgpt-45c1d5f5f1d50e9f,0
devgpt-24ba3e7a57d3377a,4
devgpt-1bc59bc3497393c6,3
devgpt-a335bbdab4d3a1bc,2
devgpt-f69b0107e2823522,2
devgpt-6f40d1b35222a7f0,3
devgpt-3eee322f198411dc,2
devgpt-930b9a562d4fe100,0
devgpt-e43105e3e33ed55a,1
devgpt-8950adcc6f7eed96,3
devgpt-50a8f202380c0bea,0
devgpt-b769635d1129cffb,4
devgpt-e50e838d40d20255,2
devgpt-015c2899ca05d364,2
devgpt-0f83b8570d82859f,1
devgpt-f0b76e588e559820,2
devgpt-f2b74c08e0d1d23b,1
devgpt-e2910a5525b5d9f0,0
devgpt-d5e890e2ccb8e274,0
devgpt-b48166dac86d7d81,2
devgpt-65a08f41c05bb39c,3
devgpt-07569f67445a84ce,2
devgpt-e95c76b509c73d8d,1
devgpt-7b01a9346869c6e6,3
devgpt-3055046186a64d7a,0
devgpt-d2c2184b05d25561,3
devgpt-f8210210a54354b2,3
devgpt-395c2d2b0a8284d7,2
devgpt-44126e3b06fa81a7,2
devgpt-5b711d726fa42223,3
devgpt-cc1f5e772ff12add,3
devgpt-e8d316464c5c2922,1
devgpt-3db378ab085bee58,0
devgpt-3eeeea60ff30dccc,2
devgpt-256ca9a133080221,3
devgpt-ff466ebd0899c733,4
devgpt-fc27c7ad8eaf7525,4
devgpt-0dd48487b840eeaf,4
devgpt-066708ea01026b3d,2
devgpt-6a2ecc8a7e7beee4,0
devgpt-cb6f8a55a45f31e5,1
devgpt-c111947617f5f5cd,1
devgpt-93df292f5d8809f7,4
devgpt-e0dab19c70590b71,1
devgpt-4a83dd4babf3f935,1
devgpt-70056bc24eb4d27d,3
devgpt-049c567956fa2a01,4
devgpt-b0065ffcc16bae39,4
devgpt-a157709600bf5021,3
devgpt-0c60783f90ff2bd2,4
devgpt-7b8ebbf4f5af7657,4
devgpt-f3f419c13d6d8614,1
devgpt-7ea893bede9365d0,0
devgpt-f88997a82c4afeff,3
devgpt-53e900a8c91a37aa,4
devgpt-0f824bd86b604ed2,4
devgpt-468821a0eac1fa36,4
devgpt-77ccd35ae7f0cebd,4
devgpt-c93fb4b9ce629617,3
devgpt-e4b6c3abcbe8de7f,1
devgpt-846c15c5861108d5,1
devgpt-02f381e9fa55432b,4
devgpt-163dac6a34f8ab4c,4
devgpt-d0548b44e28d641d,1
devgpt-dcfacce29a9351da,1
devgpt-0df7877495ed7589,4
devgpt-44c292ef09124473,3
devgpt-a3148bbe25daafaf,2
devgpt-a478667c94e1867f,3
devgpt-48855faeb368913c,3
devgpt-8af25fe133dd6ce8,1
devgpt-d9955629401209fc,2
devgpt-48478984b81d718c,2
devgpt-c72365e0130cc943,2
devgpt-d42e870a2e88839b,2
devgpt-5936bc6154f882a8,3
devgpt-2283378a8fa929bc,1
devgpt-12eaf94fc97562a8,2
devgpt-dc574716134e315e,0
devgpt-f1075955c85b03f1,1
devgpt-321e08366442c0ff,3
devgpt-9ad9fdf765deb006,0
devgpt-96caca98f03e1839,1
devgpt-a5afbce24b078d2d,3
devgpt-9e77210d231d578f,3
devgpt-0a5427d9628bf575,4
devgpt-ab4692531da47152,2
devgpt-3bb2527b7c9df3bc,3
devgpt-4ac04ec197f508b6,0
devgpt-f5b246288b698a00,0
devgpt-4745752caf06f310,0
devgpt-a3d590aa5d5b4956,4
devgpt-0b2d9d6dd2900f9b,3
devgpt-107d28aa9ff3ce85,4
devgpt-a32e9193aa6937a2,3
devgpt-61e93898ceb7f79f,4
devgpt-13bd6fd8d6c083c3,1
devgpt-d52b0a9ebf48d83e,4
devgpt-2b80630accba89c5,2
devgpt-5662dff168e80ff5,0
devgpt-02ff9c6f1997650c,0
devgpt-4beb78c073488aac,0
devgpt-e132cec7ed2be50a,4
devgpt-9157061d4b43c19c,4
devgpt-c80a3e2bda0939ac,4
devgpt-816a80161607c45b,0
devgpt-fe0d1bcb780b90f1,3
devgpt-c39e413cd81dd9af,2
devgpt-1bf53e49fdd71d76,2
devgpt-b0916b139d4cf541,4
devgpt-9ef431ad54b94c07,3
devgpt-0b3027d1e82429d2,4
devgpt-22acced484ea871d,0
devgpt-7f129d57f7c26219,4
devgpt-66b6f80271d0a205,3
devgpt-27b6ded527730551,3
devgpt-c775bdabfc8aaa1a,3
devgpt-c2d79e8d1ac1079b,2
devgpt-d0b6092702057d77,3
devgpt-e7961f45ec14eff6,0
devgpt-a119067222f6bd48,0
devgpt-5267368e430280dd,4
devgpt-e4e74f024866eba6,3
devgpt-82bae5736355379b,0
devgpt-a8aaf5c7d3909288,0
devgpt-97aa5ac1e287cfeb,3
devgpt-0ecac6c15867f4af,2
devgpt-c6bae557696ed108,1
devgpt-a85ef2c10daa02f7,3
devgpt-01f8906a56b719ac,2
devgpt-d719c69594d4f145,0
devgpt-15bf1ea4555823cd,4
devgpt-34164633bf62a869,1
devgpt-23f4f202fa25719b,4
devgpt-48b47127d3bb9eca,1
devgpt-6fe342c4a29feaa5,0
devgpt-d303c507f0ff2e05,2
devgpt-8d34fd012e6bbb51,1
devgpt-ce692bec32d911fb,3
devgpt-4b1096f9c76e1516,4
devgpt-eb830027dd004563,3
devgpt-1d92ed5388192035,1
devgpt-b099bd1bd00b00fb,0
devgpt-f0c5092c6c85f7fb,3
devgpt-d3f5327b4181441d,1
devgpt-c13fb5f80cc941f0,4
devgpt-6719908fe45a44db,0
devgpt-b42f43cd6434d9b4,2
devgpt-c8f938fd9c8bbd5e,2
devgpt-222bb94a867c8176,4
devgpt-2fa3140042625eb9,3
devgpt-d90498449e8a614a,1
devgpt-19b8254130f5a094,0
devgpt-72d30f867c22c0f4,4
devgpt-d3731d11c668a4f3,3
devgpt-71d885762cdf86f0,4
devgpt-52b16de7237f2e1b,3
devgpt-eb1aac754759d254,1
devgpt-c09e0f2cea82d878,4
devgpt-6e6d12264b1b8ca4,0
devgpt-7ba641756222e78e,0
devgpt-7750a2092f235dff,4
devgpt-54209c7f97419d73,3
devgpt-6754141d0d7c79e1,3
devgpt-fad5e76f7d744132,1
devgpt-53732a273924bcd3,2
devgpt-25f74272e55cd4e1,4
devgpt-a5fffd46930fe802,1
devgpt-0c2280b12d7309c2,0
devgpt-02fe5cb6cd8df861,2
devgpt-a2a24ea1387bda2f,1
devgpt-594f4a6981b2f8c1,4
devgpt-1337cd052f7e1225,1
devgpt-0603fe966907f5ea,2
devgpt-f5d0701902a41dde,0
devgpt-17b302a3347e939b,0
devgpt-cd9257fe96f3817c,4
devgpt-2683d2a1d10c3338,4
devgpt-1f5e4b06d17301b6,3
devgpt-f33819ad57cb92f5,4
devgpt-a1e115588ec5770d,3
devgpt-8bd180785a954ba1,2
devgpt-e5e66ca315368c86,0
devgpt-e04a749f80dd1d7c,4
devgpt-bf02e1a6ee9373d1,1
devgpt-33636fc854bc9c76,3
devgpt-8e9e10a46e13427e,2
devgpt-3f2d71d0abfaffea,2
devgpt-0a97f247f66c0a41,2
devgpt-12139cb0f1bbf640,4
devgpt-9b046a2509d05fbf,0
devgpt-9918b2c3bf47c4bd,4
devgpt-92487e0f7a6c2c9a,1
devgpt-2dbda8c2c4f5ceb4,0
devgpt-bbb916e209036d0a,0
devgpt-0b6f49bfd0794f1d,3
devgpt-9c5ea3b6782dda62,4
devgpt-74761bc1489beb66,2
devgpt-819586b85ea35fec,2
devgpt-0de79ede0b2c880e,3
devgpt-da33115464604e2c,0
devgpt-ae4ef00628e10c50,4
devgpt-42984f4825c34c88,1
devgpt-1fa2944697bfb25c,3
devgpt-328ed2235f13cec3,4
devgpt-02b4ea5e43a10557,3
devgpt-011873a61c7ac44e,4
devgpt-ddcd4aff9facbf89,3
devgpt-20d5dc12d21d8316,1
devgpt-13d9b77020c37e39,4
devgpt-93728a91584a1bb2,0
devgpt-36d220a731447828,4
devgpt-e77abd415246096a,3
devgpt-378498041f0ad2c6,1
devgpt-3eddf0d1af3f8a39,4
devgpt-3763a2188f311615,4
devgpt-748673c399ddc8dd,4
devgpt-e9584b3920db9b56,1
devgpt-e086cd4145db1254,4
devgpt-7bc89b2e4a062e47,0
devgpt-c39ab0ac8492ec62,2
devgpt-35911b98689c2e91,3
devgpt-443bb911e9d6b0af,1
devgpt-7d08f4b66c292bb5,0
devgpt-f904ebb33304ecf2,0
devgpt-0d8ee1b160ddb901,4
devgpt-e28dfae7b651db4d,4
devgpt-f620dea2a5e96497,1
devgpt-231a8f52e48ddf8a,0
devgpt-56b43a947041d98f,2
devgpt-bf39c76496849687,2
devgpt-bbeb59657ad6dc29,4
devgpt-919e4f11198f6c44,4
devgpt-04a91bc901e090cb,0
devgpt-b87f07b173745801,4
devgpt-879df2111b9e11ac,2
devgpt-e7b03453db53211e,0
devgpt-bb308f1517194ce4,0
devgpt-c2ac50154f12efcd,0
devgpt-0589c544982c3ce7,3
devgpt-d032059295112376,4
devgpt-c5b9778da1b541bb,2
devgpt-5ae6dfd90f646fcc,4
devgpt-a68bf18f6680ef8d,3
devgpt-c8552bcfb14004d0,2
devgpt-dd9e9ed5b3d54497,0
devgpt-bff408e7e4a90181,1
devgpt-cbecc73923efec27,3
devgpt-095d47a43a1ea5b6,3
devgpt-c5db8f97905429ac,1
devgpt-dbe91a22740b633f,4
devgpt-d4024c2bea14a86a,2
devgpt-5f14a8e3d4c59658,1
devgpt-760429dfde9618fd,3
devgpt-96955d094d662f10,4
devgpt-62784f7a1511ab37,2
devgpt-61526c24b6b132d2,0
devgpt-42bae354f18d548d,3
devgpt-fead24fe1a5eacae,0
devgpt-b8037ca133b3e356,3
devgpt-19c353b5900d99e3,4
devgpt-3ab9e83aa5a5e583,4
devgpt-cd550e4244a4ffed,3
devgpt-6e9b1f1680cfa2f1,4
devgpt-fca72b533cc310b5,0
devgpt-1e7db066c806bc0f,3
devgpt-d1f17b68ea8959bd,4
devgpt-0fed68b521cd2556,2
devgpt-51e48569b5002f4b,0
devgpt-f03ffb43ae60da37,1
devgpt-639795706b2e1055,2
devgpt-030fae12ab9be491,0
devgpt-5996945231655cb3,0
devgpt-00d21d0b59bfeba4,3
devgpt-ba1b67db5399baae,0
devgpt-27f9a9c0020120fd,1
devgpt-15d8399cc2e356ed,3
devgpt-6bd7a8f222c52d71,2
devgpt-f2389cd62d85fb76,2
devgpt-a4b5b473fb176a09,2
devgpt-db97395c5cf9c6fc,2
devgpt-4ee089d245499da6,3
devgpt-b2a5a91e0b5077eb,2
devgpt-8f93694c32410f32,4
devgpt-60cea3b7baade3d8,3
devgpt-3b2aab6624084e35,3
devgpt-74d3ddd1a44fbbd9,0
devgpt-ae7a9524108127fe,4
devgpt-8685735e53cbc3ff,4
devgpt-8b941c8fe879759b,4
devgpt-fa9cd2fe502e2630,0
devgpt-5451707294d6bbff,3
devgpt-45a1b28fb41d26bd,4
devgpt-dbae0279a2772905,1
devgpt-c850d903119de461,1
devgpt-fcff7e22096a6a45,2
devgpt-393b676bbfd6cc94,1
devgpt-b773f313ff537499,2
devgpt-3ccf034a8c4085cd,0
devgpt-8cfb5e9bdc0f55e1,0
devgpt-697fcedc97e0cc8f,0
devgpt-fe6babe22f5d6639,2
devgpt-96c305a0913c6897,2
devgpt-f8ad4ef73a992e77,0
devgpt-8e13201282d84798,1
devgpt-0f621294f745be34,4
devgpt-1b1d5d96468b7fdd,4
devgpt-3b3da845003bfde9,0
devgpt-f8bed70ccd6fc585,3
devgpt-e018625f4bfdfbe3,1
devgpt-38794fbf0b412d65,2
devgpt-fee0b91319f023d1,3
devgpt-b9b5635814eed043,1
devgpt-8ef3133c23df6b4c,3
devgpt-3040718c108749d4,1
devgpt-4b6c6bd43bc888f0,2
devgpt-80326efe20d3e491,4
devgpt-3961446ebd4ed918,4
devgpt-7f1970aef04f0fcc,0
devgpt-f35ab5f4f85f0a93,4
devgpt-f170de428dd23e7f,0
devgpt-a48a29479b6d2cc7,4
devgpt-73a68a3df8026147,1
devgpt-e40fb20d638f5f06,2
devgpt-a9801c07b70b967e,3
devgpt-767ae5fce2e056a6,3
devgpt-4f6d33159fae5e53,2
devgpt-538bdf57785f5d54,0
devgpt-a1ccde8508a36e1d,4
devgpt-2e662fa37839e927,2
devgpt-b1c49737c0017f00,2
devgpt-09d96fe7a3b7e8ed,1
devgpt-301eca22cf84856c,1
devgpt-2d8660947000473a,2
devgpt-876f04cfac638724,2
devgpt-9d3831bea09efc18,4
devgpt-64a88edb9f7a3796,3
devgpt-e550c6df45686df7,2
devgpt-927cabc8abdeff16,1
devgpt-2bba36a08e46634f,2
devgpt-502e0b725c554565,3
devgpt-2a8a39bbbd8bd4b7,2
devgpt-ad63364f4fa1f278,4
devgpt-5a86ee961813483d,1
devgpt-5a14be2b83121bcf,0
devgpt-13c240cc3688c1f5,0
devgpt-09cf2e14b161661e,1
devgpt-f83c2289ec352885,2
devgpt-05465b9694ed8e5a,0
devgpt-ef36005583ba19bb,0
devgpt-083516b4a3bfc1a4,1
devgpt-43bd2bef5a7fc1e2,2
devgpt-01bef406385bc24c,3
devgpt-0c099f8d22dd6e1c,3
devgpt-9fb91978449abc84,4
devgpt-31d66b66e7329116,1
devgpt-aed82bc7ec445c78,4
devgpt-aea6c9fcd6b03733,0
devgpt-1ff47845062f430f,0
devgpt-1d98d441fbc931d5,3
devgpt-8ca53f65a10d1eaa,3
devgpt-24d3555ae0517169,1
devgpt-7f8affa4206822f5,0
devgpt-026a50cb0708093f,3
devgpt-79f126b281e5baca,3
devgpt-808c53b3b110aa4a,4
devgpt-cafc9e8d28f696f8,3
devgpt-3eb26e6060f874fd,3
devgpt-d5ef3558eb36c33f,0
devgpt-b62ae0ab2babe733,2
devgpt-86243701aa7d613c,4
devgpt-4aa0c3492dcf8b42,4
devgpt-1c590c7cb87c4140,2
devgpt-4fd5320ae7545868,1
devgpt-26b309dcb7e04fa4,0
devgpt-1f4ef416f4a9c652,0
devgpt-df385ae32e26cdb9,3
devgpt-81821627f3d0e9f8,1
devgpt-10f409bcb531f635,4
devgpt-1de685fccb717791,3
devgpt-b95640d4da42fca9,2
devgpt-9d84fc6b555ac4fe,1
devgpt-617dfec69db2eff4,3
devgpt-221482c7096f3878,2
devgpt-f0f69afc955cbefd,2
devgpt-304861cc018d3d67,3
devgpt-1a64b2647c0c098e,1
devgpt-8340e7ed2150d215,3
devgpt-e55617bb253a6136,1
devgpt-560b167d66e8926a,0
devgpt-ef0c4c0547c3ebb7,1
devgpt-7ab48df7c2d93ef1,1
devgpt-0bdfe3bc6d310550,3
devgpt-4dbe43e10de93b20,0
devgpt-e4bec87ef828fe05,1
devgpt-52698fb9c5138a08,1
devgpt-cc050593cc1a917a,3
devgpt-933f154903774145,3
devgpt-f4760310f5c26b00,0
devgpt-9eaa92df533c4599,4
devgpt-e7a6b043f38429f2,0
devgpt-557140edb8c072c1,0
devgpt-02156924321e5f9e,3
devgpt-1e20938a8f2f02d9,4
devgpt-6ae1c9a2c5ba4ebc,0
devgpt-d669f487fe6ad81c,2
devgpt-c7860d4d09004083,0
devgpt-c065a484452d3957,0
devgpt-558c62365e4d3cfb,1
devgpt-9e2b4258ba92c1e4,1
devgpt-47cc69d71d560ee6,0
devgpt-5422b3a3525d9199,3
devgpt-67fd135d2a2b512a,0
devgpt-f3bd93ef1240dace,4
devgpt-97c93bf8941731f0,3
devgpt-fbe14a57fda36cd2,2
devgpt-b748e00e66282e6c,0
devgpt-0960586eeb39ddd1,2
devgpt-5b9083e342974225,2
devgpt-4e6298a200dca951,3
devgpt-96faa20429003bac,4
devgpt-d48a85713bc8a423,2
devgpt-250997da26a5053e,0
devgpt-93a54cefdd25bda0,3
devgpt-95ad052061d8da45,0
devgpt-453d7bd423b5a6aa,2
devgpt-7fe77ad1277c5b20,3
devgpt-245b261cf8b18877,0
devgpt-2cbfcb74d283a0e4,0
devgpt-596b419fc3fd8ab4,3
devgpt-fd0a899b20c495a2,4
devgpt-3ae9c0bfe96a2e7c,3
devgpt-f9434745a1a195fb,4
devgpt-66d356210ebd5b9f,2
devgpt-ddcb8e4d9cc376e0,0
devgpt-c8c08e6778f6edaa,1
devgpt-3a9cd35cb7cd7a1a,0
devgpt-382191bf072d8b4a,3
devgpt-e5b520986eec4af2,4
devgpt-da1b5605e580a881,2
devgpt-d90a36d6aec860ea,4
devgpt-944f900f37803f9b,1
devgpt-57af4ee0ac9412ff,2
devgpt-9e4d947cb2726b20,4
devgpt-8e1640bc1a673fa6,3
devgpt-b57a0c91a5ebe7cc,2
devgpt-9247a18263a51dd0,3
devgpt-7499b56a0e8d8113,0
devgpt-f3ffb094e83daeb6,2
devgpt-20df9ef1dff852f1,4
devgpt-5bffcc4fcf4cc815,0
devgpt-125b4aa7a76335b9,2
devgpt-6d2845b116135ce2,4
devgpt-b34596edee7172d6,1
devgpt-af7c18e5a554b4ff,1
devgpt-b2f0f2511d2e62cf,3
devgpt-fa3fc90451c9821d,4
devgpt-c01ee7433e6721e4,2
devgpt-04efed124332cb17,3
devgpt-a84c87e7ea45de88,4
devgpt-aefce354780d018f,0
devgpt-08f0bfded33d690f,4
devgpt-71abfe4d2dd1c02e,2
devgpt-ae6abd9b4027bc6f,3
devgpt-7e7234239e2764d1,1
devgpt-0aca1e7c8768bec6,1
devgpt-e58557ce47ac263f,3
devgpt-97c1a5d9b8461dcc,3
devgpt-cb9f988820c69c93,2
devgpt-8f4b56b7044ad6bb,4
devgpt-3c5de799219444a8,2
devgpt-3f207d37afc36063,1
devgpt-8dd87a0cce563450,0
devgpt-cb343323d8f5e1f6,1
devgpt-6548eafc6643755c,3
devgpt-167c08df2d6fd2a1,2
devgpt-de793b9a9680378a,4
devgpt-4dc44ead20fae830,1
devgpt-cfc038b9ae34bb12,0
devgpt-69ac119c4bedb83c,0
devgpt-87ad0ddea02d6435,4
devgpt-a9a960c8e28fd84a,4
devgpt-16c1ad37df295c9a,0
devgpt-77bd57fbf4643ff9,4
devgpt-9cd1805b9c318f1d,3
devgpt-751470387284b048,2
devgpt-1197000193858cd4,3
devgpt-bae2d8609548b362,0
devgpt-59e636efb0b3a827,2
devgpt-6f5b73861e4c6f21,3
devgpt-f235e438f6dbb9b2,4
devgpt-5fc51a15878b3192,3
devgpt-cd957e8e59c2d78b,3
devgpt-1289f95eed6e2876,0
devgpt-23fe46472c4d0a73,2
devgpt-bd814ac47cf37d26,3
devgpt-09f6e1277fed8c75,3
devgpt-f68e9956f6f6f3e4,3
devgpt-18be339a6c86fa4f,2
devgpt-a54708a502cd474e,2
devgpt-d1c5e41c8cd1b60d,4
devgpt-e5a4d427166ea1be,0
devgpt-b6218856cb5cd5d4,3
devgpt-da29c6783b61b48d,3
devgpt-c16193e9d91f8733,3
devgpt-668c836bc442544b,0
devgpt-d752e566c76754f2,0
devgpt-73b1d120533347b9,0
devgpt-6bf13abc07218f2f,2
devgpt-2885ebc74c1d14b4,1
devgpt-d8529ce480da25a9,1
devgpt-b8b89b8886c7ba0d,4
devgpt-c592eb8a2c96de47,3
devgpt-e4340af1643351b8,1
devgpt-ba9f2ad1a020a3f8,3
devgpt-186afca3f4b28227,0
devgpt-1fcf23111f6b7599,3
devgpt-2a09e4a666b7afab,0
devgpt-488d30b68f46faa7,4
devgpt-b7b71f6e4f2c678d,2
devgpt-fc3b432e635a42bb,0
devgpt-47f65c90caa3ccdb,2
devgpt-ccba9e9f633f7d66,3
devgpt-4ffeaea9d1bbde72,1
devgpt-7bb210337628e008,0
devgpt-efc1b65c3c335d26,1
devgpt-592022861edcceb2,1
devgpt-54b6992d4fb5b841,4
devgpt-eff6de9962cd4fb0,1
devgpt-37c258faa814cdc3,1
devgpt-2897a2a5ecb39081,3
devgpt-29f89d672e6a6c98,0
devgpt-cedb4f7a5d4af15b,1
devgpt-2ff461bc8c731625,0
devgpt-92f2a302ef6160ee,3
devgpt-f815c18b0412bb1a,3
devgpt-977865f522f2c714,2
devgpt-83aaff3f2bc312d1,3
devgpt-5bef84d67742e823,2
devgpt-2e0bc09c049214ae,3
devgpt-a8959c7c8ce8cbdc,3
devgpt-75bc0a0b930e96bf,2
devgpt-f6d5c5daefd821e1,3
devgpt-fc784054e409a219,0
devgpt-9f513a440120b5b2,2
devgpt-a814dd5fff5364a5,3
devgpt-6b1cf2e4b972faaf,3
devgpt-370d8eefc121f8ff,4
devgpt-e659ab93ee9112a1,2
devgpt-9c5737b2a1a598a7,3
devgpt-1c658e2618c32a07,0
devgpt-384fe3cf1d04e14f,1
devgpt-9797c4f4db606df7,1
devgpt-167c68c2c6b241af,2
devgpt-83fda312fbbdd8bd,1
devgpt-2ce85ce378c24160,1
devgpt-6114db7fcd0eda0f,0
devgpt-cfecc78b6b8e37dc,3
devgpt-4c7df7da3da10c28,0
devgpt-4e90cb5e31faf729,2
devgpt-13ee9d312440ba44,3
devgpt-cf5af4c43121f7b6,2
devgpt-5559f9acd31ad948,3
devgpt-3f8c648f4886fa5c,2
devgpt-41988fa7df3d1177,2
devgpt-966a54bf78e33df4,2
devgpt-9619e5779e64b3e7,2
devgpt-441b8a862b7d618e,1
devgpt-fdbe9911d8cb8bf9,3
devgpt-e0c0437bf5665b75,2
devgpt-402990d3c7347b36,4
devgpt-2666d9d0c0d1ed5a,4
devgpt-cb3b50deeb52f7fa,2
devgpt-fb4719b989d4bdf0,2
devgpt-79c24bce54eca495,2
devgpt-ea67d06e2b7fde46,1
devgpt-c6d085ce5eaa5957,3
devgpt-913f767240b433a3,1
devgpt-0b97c6f84c714362,4
devgpt-38108a74eb97d60e,4
devgpt-8c1a4833b861dca0,3
devgpt-f8bea83dd2b2ad48,4
devgpt-f1fd99a8fe83d1c6,2
devgpt-441e12ed8331f6b9,3
devgpt-8bc9285a1dc9a892,1
devgpt-9b85fe214e17113c,2
devgpt-1ad906084572d11f,3
devgpt-85277512bfa112a2,0
devgpt-b4cb332557bd1a4b,3
devgpt-36b0294f2737f4cb,1
devgpt-d8cce2d4891b57e9,0
devgpt-3bd7cd9107e55ca9,3
devgpt-a4d8a46e737c90cf,1
devgpt-044cc253e35cae41,2
devgpt-b9288ceebca051d3,3
devgpt-e92a6ce246d7ed3e,0
devgpt-dc974460ef33f61c,2
devgpt-b04a098ecb9c8457,4
devgpt-a871d395c786ddf2,0
devgpt-8f316a2e5f51acc9,3
devgpt-eec3ebad521092bd,0
devgpt-addfa40774518be4,2
devgpt-788632ad0381324a,4
devgpt-9d0aeffbf9145852,0
devgpt-01155e0a70559578,2
devgpt-553442ed6e820858,4
devgpt-d769e6e8a8936600,2
devgpt-8d6ff1c56f19306c,3
devgpt-f3d3db2f12787463,1
devgpt-bf40dace2e881ba2,3
devgpt-92c3f8912cf699cf,2
devgpt-2f4898ccf6e57034,3
devgpt-0065fe03a2aa8d36,1
devgpt-b6a8bbea3a747377,3
devgpt-f973d242eff49b06,1
devgpt-2e2450ecf1db406d,1
devgpt-892c33bb46abf766,4
devgpt-dabeed4e833cb7f3,0
devgpt-6a16d2e848086488,4
devgpt-865654ac43360df1,0
devgpt-99c4708f8f72459f,1
devgpt-b88b06e6e6a22276,2
devgpt-914e7a8e639973b5,2
devgpt-21c51d49954e0aa0,1
devgpt-18e453089b3fda56,2
devgpt-976a6445860f8b3b,1
devgpt-3cdaef20f2ee9fa1,4
devgpt-a52938ed916ec3c5,1
devgpt-408b415bc11ea87d,1
devgpt-940275ed11ccb7d0,4
devgpt-24aa5c32789ab577,1
devgpt-e6fc40474bc6113f,0
devgpt-fe1d53146e9cbe9c,4
devgpt-73d816c94ea4cb03,1
devgpt-cbace549f04067fb,4
devgpt-52fe2d2db2ec8932,3
devgpt-3cd884e4ed83fdbc,4
devgpt-e0dc50560848e5a6,4
devgpt-0812af9f1f55af1d,0
devgpt-bf0427e1047510d2,2
devgpt-c23487dd6301e21f,0
devgpt-f9e9fb5674d22ae2,1
devgpt-45f31c94c6994c7a,4
devgpt-1740925cf205ec2a,4
devgpt-1d6de5727f046418,4
devgpt-10da1a3deecdfe71,1
devgpt-f044977dcf13cbd4,4
devgpt-2391adf974804a12,3
devgpt-9b659a2e02885ef1,1
devgpt-d3f520387b493df4,0
devgpt-2856f0c96bba0a7a,1
devgpt-cd9e9262289cafcb,4
devgpt-7908c5d9ef94c4de,1
devgpt-080e6067dc13ee09,4
devgpt-b716240b7d56152b,3
devgpt-7a6864a820337f68,4
devgpt-128ea7a95b249a5b,1
devgpt-e997e5be78b83c85,4
devgpt-22ca0247245630f4,0
devgpt-8b1769881f8c59d0,0
devgpt-2f38096c45d2fa0e,1
devgpt-e382882a6d5f1eb5,2
devgpt-df21cf93491c2199,3
devgpt-5c90dcb1493ccb24,4
devgpt-e10dea41e6ec1763,1
devgpt-cf3d882124d3d32e,3
devgpt-8cd447d0fd6e9506,4
devgpt-5993298b403a4b1b,4
devgpt-32f6643edc92b5c0,1
devgpt-1811c1f4452c91cb,3
devgpt-faa85b711e283ce6,1
devgpt-c868760823357d98,3
devgpt-0b8b2f8f566088b4,1
devgpt-d279f5e5903093b7,4
devgpt-1be012428f87a117,1
devgpt-8700c8aeb260d47a,1
devgpt-6dbd6cf55759abe9,2
devgpt-b6cc677f569b9550,0
devgpt-6a28faf8339c66e3,0
devgpt-2465811592a658af,1
devgpt-4aca626d639304af,1
devgpt-efafe066b71db6d7,4
devgpt-8f2303704c97f53d,0
devgpt-1390560523cf380f,3
devgpt-5b7540d47e32e4af,1
devgpt-4cc7375e95b99fa8,2
devgpt-34560af6e3b4b2ec,3
devgpt-18bb5edecb3396ed,4
devgpt-7ef6d78b4bdb6161,0
devgpt-60996cf5146af300,3
devgpt-7a77b84ac9c38f52,1
devgpt-8017c9e08b7e59a5,4
devgpt-0e1f8829bc002f6d,3
devgpt-cbfd3562af7fd149,1
devgpt-1f5aec1713a208e3,1
devgpt-05b1820d558bbfe1,4
devgpt-aca51096f21ce23e,4
devgpt-06846f8232bd124f,1
devgpt-7a295eab0ac6d878,2
devgpt-2038cb98c0093d2e,4
devgpt-bb5acae98f70b71c,3
devgpt-6b43a620cecf77b5,4
devgpt-56367473c969ea1e,0
devgpt-240b16b479e48e2d,0
devgpt-ee8b92c4db8cb028,1
devgpt-ba34c2788a892ed8,2
devgpt-73e88780e2b6b55a,3
devgpt-232a1eaafc1b846e,1
devgpt-9b6db67ef724202f,1
devgpt-f924a15c4b85feff,1
devgpt-b6842dbd61835052,4
devgpt-4fdb6aa082af3ab6,4
devgpt-a5c2fb6bdf70ebdc,2
devgpt-37579230b2861283,1
devgpt-c1242c8679676237,2
devgpt-137fc9827ff54ead,4
devgpt-8a6253d6eebfd26d,1
devgpt-04418ce6b174be24,2
devgpt-3dba758b919cd1d0,1
devgpt-112508f2fd6acc67,3
devgpt-4d05c0d5a88cf8ab,2
devgpt-6fd7d7196954a4da,0
devgpt-ef1799837b92460d,4
devgpt-03ca7591c75c02aa,1
devgpt-5ef87159d746e67e,2
devgpt-ed233d51534df28d,0
devgpt-5772204b2892a505,4
devgpt-c51170bfac1b0d75,0
devgpt-96e6b9327e7bcbba,2
devgpt-be5967c71a8e6faa,0
devgpt-1fb7b5a29e5cd3b2,4
devgpt-d59e8881a5e375fe,0
devgpt-7397ff4b17710fdb,0
devgpt-21f8f2219e76c8e5,2
devgpt-f7e484773eb6a548,0
devgpt-8237b64849288303,4
devgpt-a938fd76aa32352d,4
devgpt-bea9997aaf5bf17d,4
devgpt-a1d880e922ad4778,2
devgpt-9a1a3b68acb1c216,3
devgpt-6eda62fb6967bcc6,1
devgpt-8a012e8e0c10742b,2
devgpt-099b9bcea2f2c7a9,3
devgpt-4f1d9fe639e8950f,2
devgpt-ecf3e121927bf7e4,0
devgpt-697919d3d766680d,3
devgpt-bc970210dfe52a62,1
devgpt-14fb7058b4e6d4da,1
devgpt-9251cc273a5257cd,0
devgpt-850e806059d71abe,2
devgpt-245de769f88d0a57,1
devgpt-7ff67092ab3fa3b8,3
devgpt-950e6a087afc01a3,4
devgpt-1f0be8aaf1e673d3,1
devgpt-f50625ca2702df0f,3
devgpt-a1704b2f8f469c49,4
devgpt-697f74fae2411007,1
devgpt-e7b8f2207181d6d7,2
devgpt-80cedc0a7d2dde1f,2
devgpt-4a4457dcbe01b3a8,4
devgpt-fd87dc99d78b4db3,1
devgpt-0761d14d4a1ef7ff,4
devgpt-04e944b6407061d9,2
devgpt-f13f18382d918238,4
devgpt-ed0379297211e621,4
devgpt-c5e784b4b8bdb820,4
devgpt-49cfbcf12d4439b9,1
devgpt-94d2bcaaf114b7cd,3
devgpt-1c1211876f8cec71,4
devgpt-b70f83b2104b3eb0,0
devgpt-da1ad3f0c5130a25,2
devgpt-fc31d70436506b29,0
devgpt-597aa35f4442d0c2,1
devgpt-ce4b87961a79bb9c,1
devgpt-77d23b36f3ba6ea2,4
devgpt-817782e8b5291d20,2
devgpt-3307bff58324da5a,0
devgpt-09e6e4a1a3c45b21,4
devgpt-27891685e11b8815,3
devgpt-e36187a33d477939,0
devgpt-29cebb469e5a29b8,1
devgpt-b81e2b3dd9be8739,0
devgpt-f4e577e662c91e18,3
devgpt-c4fc261130d5501e,4
devgpt-246a9b2a5f3f69ed,0
devgpt-dc9ce11acc474f88,3
devgpt-0bec750e700fd31c,3
devgpt-c59c644c3a0828be,1
devgpt-d5463671f30df465,4
devgpt-a076c2c6f559f5b7,0
devgpt-e034653b73db086d,1
devgpt-a3054d9b2d6518b1,0
devgpt-53a2d1442ed492b8,2
devgpt-248749b1fa5eb887,0
devgpt-31a389360bf17ae7,1
devgpt-ed8e12116646e258,0
devgpt-092e3f5f6d546ad5,1
devgpt-4b87fb7d30022875,1
devgpt-88b532a10549a8d8,4
devgpt-b85be9699252c6d7,1
devgpt-b7d117e86373c8cc,0
devgpt-b151af64be23f577,4
devgpt-fa550b649326e189,2
devgpt-715410694c52ddb2,1
devgpt-9d7f14fc3df04061,0
devgpt-f0742849647c0928,0
devgpt-ff34ed5733403ec1,0
devgpt-79f764eafc42a9b3,4
devgpt-2b11a20553874cc6,1
devgpt-607315c0513a7d04,4
devgpt-a3fbea1b9fada7a2,1
devgpt-51295cd2c31bff85,2
devgpt-edeef478d86d1b1c,4
devgpt-f4eeb56fb7fdb404,0
devgpt-4cf93521bc5e001a,4
devgpt-4e0b6de182557429,3
devgpt-da20f2f4ae43fd58,1
devgpt-7e6dcb14f862c2c8,4
devgpt-607529e8ab5cea05,4
devgpt-fd2fa1efca6404ca,2
devgpt-fde5fb562efe573a,2
devgpt-1e7bf165f92abc62,0
devgpt-806bd75d80f4993d,1
devgpt-9caa1a6945808418,0
devgpt-707bb6e10b922904,2
devgpt-2a0c48a9394ba695,1
devgpt-6ab119714748f13e,3
devgpt-19eba7bd4db8eef2,2
devgpt-13018c35ade3f660,4
devgpt-33d01eae88b83a08,1
devgpt-0dfcf982e94e55aa,0
devgpt-15abbf6e82370b5b,1
devgpt-bf80c52c93a76674,4
devgpt-1ab1f2526ad237b0,3
devgpt-f398f4e1fab74de4,4
devgpt-608b62cf4fa25109,2
devgpt-47a5104e59439b55,2
devgpt-30fd7e5bd5d80609,3
devgpt-e84c37932cd19175,0
devgpt-a206001e58100ad5,0
devgpt-31ee14143b6699ee,1
devgpt-413dc9939885a519,4
devgpt-4886f83fe11604a9,2
devgpt-97365ed264fd05f7,1
devgpt-28f5b05982453be4,3
devgpt-2d14d336f860e5e4,4
devgpt-c59a8a8be87d069a,0
devgpt-d493ee8d5d877395,3
devgpt-2848f7a9251ffcf7,3
devgpt-4d6e65091fd3c4a2,1
devgpt-c2a29339ef35cee3,4
devgpt-e86bbe641de8590d,1
devgpt-013d7ff39ece39ad,1
devgpt-4c742c1ec40d07f6,1
devgpt-46147f7d7cc8e1d2,3
devgpt-59ba66e893796a61,0
devgpt-7b31478acc5ef398,3
devgpt-cee66e3930b57c48,2
devgpt-249a5278ac205d8c,1
devgpt-0339f8e85732d297,0
devgpt-3cb02a8fd8b28045,0
devgpt-b3ca63a88b2d6120,2
devgpt-505c1e4a103fe285,2
devgpt-a8349dc87f93accd,4
devgpt-1472bf6fc420bee7,1
devgpt-b85b0da9b2def8aa,1
devgpt-17415a6b9244f144,3
devgpt-fcf34bca60ac8b85,4
devgpt-b92bce3a910e8058,1
devgpt-0d26a4cc6ae6fb13,2
devgpt-f7111df4f3bef07c,0
devgpt-160baa7761e66b33,4
devgpt-c97b9e499a0eaa39,2
devgpt-40844f13ca5e7e8a,0
devgpt-5a1e448fa5a9cde1,4
devgpt-30800e9e275179e8,2
devgpt-e021a564ba6f6900,3
devgpt-43376d2e020a1758,3
devgpt-c0b021dd3ef3590e,2
devgpt-d293662b08f7fad3,3
devgpt-442ff7a597bd2997,3
devgpt-9778cde7e3d57cdd,2
devgpt-687cb31c50e53218,3
devgpt-29c161146ce39863,1
devgpt-c901b772bbfbb198,3
devgpt-7cd06c666c57e217,4
devgpt-3ccff686acbeefb0,4
devgpt-bfaefd974a3df358,1
devgpt-80c56d5c562a0fc1,4
devgpt-fb7d22e4db2c43ee,3
devgpt-9e7b99fb5c65e539,3
devgpt-2767f007d695a583,0
devgpt-6aaaa471187903c6,4
devgpt-a40987d4e7df08d1,2
devgpt-b083333589309c17,0
devgpt-ae3193fbc0b5862c,1
devgpt-d32a31b66c0a7751,3
devgpt-5dd8447a2654c15b,0
devgpt-173ca49ee3217377,3
devgpt-dbc0edf1d3e03a9a,1
devgpt-619918964008a416,1
devgpt-562def7864dbd2da,4
devgpt-59ee3eb8a986e52f,1
devgpt-ee8790bc4cf8ecd7,2
devgpt-42b25badb7155162,1
devgpt-e8155825b17140a3,4
devgpt-87abb7bf2d1f6d6f,4
devgpt-a20e575fbb2a8143,3
devgpt-f3cdfed5ea05478f,0
devgpt-a59e26857037cba6,1
devgpt-daba5b73bd14eee9,0
devgpt-8673f781153a1430,0
devgpt-fee58ceed482b0cf,0
devgpt-93f9592755179f6d,2
devgpt-cd0e2dfade19c6b4,4
devgpt-891c1e28c5b6252e,3
devgpt-75a8149d91131f80,4
devgpt-f081e562cb3d636b,3
devgpt-cb9c501b959804d4,1
devgpt-e3f7c5b8c1537da5,0
devgpt-6647817ee6a7d163,3
devgpt-db91e4b1a8fbb436,2
devgpt-9a92c27d0ced4321,1
devgpt-472545e182d66c0e,0
devgpt-5650df003df7122e,4
devgpt-c8f76258e41d162c,1
devgpt-756a6ee7a1cd2873,3
devgpt-6a3e489d672ae1dc,0
devgpt-3fc51bbd3931f2b9,4
devgpt-988070a62dbb3dc0,3
devgpt-00194659d0b3e80e,2
devgpt-814edbde1d563746,2
devgpt-7b8a92827a38d1ff,4
devgpt-6d868f5adeff0d54,3
devgpt-4b96e9e76b706d73,2
devgpt-51c9a998b955bffb,4
devgpt-0bddb62bdf8112f0,2
devgpt-9dff93a4c4a01edd,2
devgpt-9cab74e454a0c5f7,4
devgpt-b7736a87144e891d,3
devgpt-5ebb0a624b06859c,0
devgpt-d5ac69d7b59c61cd,4
devgpt-7b30293b6cb8e462,2
devgpt-8f049786a5234f7b,4
devgpt-01db528f42ff03d2,4
devgpt-7a56a97d7ac42517,1
devgpt-7d50ebef7927487b,4
devgpt-5ee56ad80c25a368,3
devgpt-4ebf2319f98a242b,4
devgpt-9cdf56cfab5509e9,1
devgpt-51260db19059b67e,4
devgpt-f004a9331fecca68,3
devgpt-f25b4c5e4ac277c0,4
devgpt-f8f6815fcfe7ac6b,0
devgpt-f104fc0578555daa,3
devgpt-786f084deb3f6359,2
devgpt-f4f196312d8d19b7,4
devgpt-807f6d5b5d7a31a2,3
devgpt-2c5ff10be6e5509c,1
devgpt-f4fa3eeb463c3d4e,4
devgpt-d01bbe7da28ebeaa,2
devgpt-95e7fd70a93f013f,1
devgpt-57fb4e00f7ec1917,3
devgpt-771f0ff5b4209e10,1
devgpt-2691b6550a04b06f,0
devgpt-53ad841137c82854,4
devgpt-51a8fd0b43f94afa,0
devgpt-e90ec9bbe0ae7a10,3
devgpt-573480ec7ed39858,3
devgpt-f3a96e93cff45814,3
devgpt-d3c96517a7610280,4
devgpt-c7fd07fd27f327a4,4
devgpt-6a57a509f79ff52d,2
devgpt-aacecfffd0da865b,3
devgpt-f4de9eed1aa363b6,2
devgpt-83839e0a2eb1b4c6,3
devgpt-a3f8d3d94f0ad73b,3
devgpt-fac48cd82acacddd,1
devgpt-5c73bccedf5c4990,4
devgpt-d0c23f172786ee70,1
devgpt-91d69f13a9208aad,4
devgpt-09c672d2ebe3dc46,0
devgpt-d9af2975268ddf62,4
devgpt-8c2b830e10ec4ca9,0
devgpt-fa6b81ce42125cde,1
devgpt-e7641bb6b532a5ae,3
devgpt-4dbe48e7f3fd963b,2
devgpt-0da7b397301e6a98,1
devgpt-1bb895f4ccc48d29,4
devgpt-e9b6cfbbc8f76c6d,3
devgpt-b60a0598364bc6e2,2
devgpt-3ad76f124b8a2f82,3
devgpt-676dec8a02f34683,3
devgpt-1d45cab7bf736efa,2
devgpt-04bf654a8821ed2f,0
devgpt-4076d66cd195995d,2
devgpt-3ef627f40b4d349d,4
devgpt-634a57fb87a48fe5,4
devgpt-670ebc1e6dc328e1,0
devgpt-b1993c2f4a33bc64,2
devgpt-5f4fa6c4c4bee4fd,4
devgpt-b2d6b089112c697e,1
devgpt-737f8c954c8dd3ee,2
devgpt-eef1d0cfef304e7c,0
devgpt-469e97ce1f2d10a5,4
devgpt-f782aa9ab6d1b632,2
devgpt-9cdf0cc3f4672df1,4
devgpt-694a2cbba9c95c4f,1
devgpt-abe652a83624f920,0
devgpt-78b1f22de8dae8ab,3
devgpt-fc85f876aa61754e,0
devgpt-df5bd0d7766a9d46,4
devgpt-612cfe9835c44d85,4
devgpt-ba3fe38c5cda0b9b,4
devgpt-1986048c2fd3980d,3
devgpt-45a6ea3ab8a28fe1,4
devgpt-b33bc9ff023bd60d,0
devgpt-54acaf601c4531ce,0
devgpt-dcb061200f983401,0
devgpt-05fb86cbc175264e,0
devgpt-569949225f35eca7,0
devgpt-165d234a99f3a676,2
devgpt-fee4fa25e734866a,3
devgpt-299329d2e9c7b508,4
devgpt-19cebe257ae4e30e,0
devgpt-61592704a3c4fd44,1
devgpt-d3044cc80bcf87ee,3
devgpt-aa583fafa9d1bd9e,1
devgpt-b2f44ca46a5b0fed,1
devgpt-8077d969e358e1bc,1
devgpt-6bc99c56e55bbc73,4
devgpt-440c8fd206b309b2,3
devgpt-5a88d5fe9525e66b,2
devgpt-552c4b3647b3e262,1
devgpt-8f64a07437241d15,1
devgpt-ee027d8bbde12abb,3
devgpt-44f339f052819541,3
devgpt-b7a97d023c8252a4,1
devgpt-657e92d3efbc8bdf,3
devgpt-ba709070e716621d,2
devgpt-497245d4d0ef9c3a,4
devgpt-feea7d4a890ef038,2
devgpt-a7d356870d6d4226,2
devgpt-425c55fd7d255b4e,2
devgpt-0eb2bb764b8e32c7,0
devgpt-3c58420b7401c36e,0
devgpt-5ad060e4265fabf6,3
devgpt-34c4e62315d56910,4
devgpt-d4284f692af10377,1
devgpt-795e5d6110c74966,0
devgpt-c773c7ebbd796fdb,3
devgpt-ce3930cdbc847226,1
devgpt-1617b0146d18d6ab,0
devgpt-be669b08fe19f543,1
devgpt-c21a9cbcd10ed2e3,4
devgpt-6225ea1c9f3a2659,2
devgpt-228106f6188411e7,3
devgpt-456019f2d9e26f40,1
devgpt-8ab7b9ef362b5b91,1
devgpt-07209ebe275097f8,3
devgpt-6740442e1d60835d,0
devgpt-15b4d06d6babbb6b,0
devgpt-a4fc29145ba693e1,1
devgpt-fa736083b5c76ddf,2
devgpt-4eb26d1b14ddf0f8,3
devgpt-6940eb5eadafd3ab,0
devgpt-d0b3d430dfbec977,3
devgpt-e3c91dbadaa56549,0
devgpt-54867dd67361d6c3,2
devgpt-e79c9ab39d83156f,0
devgpt-7d2792f0192f5796,2
devgpt-fe76fbedcf577560,1
devgpt-940b5fd17575a328,3
devgpt-e5a67eed218806d2,4
devgpt-3cc1a70efe20f8e7,1
devgpt-b02dd91d481441c1,0
devgpt-035d581b3f5e4965,2
devgpt-5da75aac623d2ad3,4
devgpt-49df42a3a9ee93b1,3
devgpt-e20e58eb28b18ce4,1
devgpt-73dccb051505257d,1
devgpt-f4b4b2fda96ec790,4
devgpt-ea82e5f4b06e9efe,2
devgpt-46428581ba701e2c,2
devgpt-f9caabbbd1b29526,1
devgpt-706fcc60be05395b,3
devgpt-c6f7f2cc53dca1d2,0
devgpt-b87f6ea21c1690b5,1
devgpt-6892f2a1946f101e,2
devgpt-c6a1545f12b7a98d,0
devgpt-bcf3fd0f93358a0c,3
devgpt-6bd6f42b53d4c39d,2
devgpt-8832bacf6aafb0fd,1
devgpt-65b3f4a669b72627,0
devgpt-1088b09e6b3be5ff,0
devgpt-306be6c089e93036,2
devgpt-27b2c69665078866,3
devgpt-689011af4534b02f,0
devgpt-defaaacf8dac190c,3
devgpt-28a67d31a239c43b,0
devgpt-b2fbd17c829c56f3,4
devgpt-bfe13dbf27686de1,0
devgpt-d81826da448d5332,4
devgpt-844ee7301d057a7a,2
devgpt-d12ab19bcbbda452,1
devgpt-54d254310386877e,2
devgpt-5adab696f508cc65,3
devgpt-35c062808ff39f2b,2
devgpt-f2a68af202855aa6,4
devgpt-43b3533814c66c29,3
devgpt-98341144971016d4,4
devgpt-1cc0d42b35bb939a,2
devgpt-60ff052ab4a39533,4
devgpt-2672c2712dfa545b,4
devgpt-fec2cbdc8b688b15,0
devgpt-afea87a1fff76b37,3
devgpt-27afc6b04e0f8a6d,0
devgpt-52491484fdfab1ff,4
devgpt-bfd7aa604b847618,4
devgpt-73abe6eca7dcf44c,1
devgpt-514b4db422d17263,1
devgpt-fc223337279e8797,0
devgpt-ac60c6ce8a696ded,4
devgpt-10fa8b0e56597a09,4
devgpt-701684e74c53e577,1
devgpt-74c0044e7be44b53,0
devgpt-549b8043d26f0dde,4
devgpt-b87a84318b3595d7,3
devgpt-f7e8b2e377df98d8,4
devgpt-2ed4d73c6f41cf83,2
devgpt-d34def71ddbb0f94,4
devgpt-73795b791aacaa43,3
devgpt-257363593d32d025,0
devgpt-2e943c1a67241352,1
devgpt-15266867f4f9b834,1
devgpt-472118bb52a77061,4
devgpt-b27e489735733e14,0
devgpt-6f1204766c98329a,2
devgpt-06b98b3494de2757,4
devgpt-1398891aa8df238c,4
devgpt-525bbe825d5aa650,2
devgpt-fa22061db32c8d08,0
devgpt-574f5104442c0b5a,3
devgpt-cc5a453a79dd5bc6,0
devgpt-c5ea5b8ebda96bab,2
devgpt-259edf915c47e7e8,4
devgpt-4aad7925aa5a6a38,3
devgpt-2ffd3de738cad583,1
devgpt-1f75cdae9eda2039,2
devgpt-1a1a0e3e3d0917e7,0
devgpt-35f0dc5db84511c1,3
devgpt-a76f28070056cb7b,4
devgpt-050ffc9bf0b3ae2a,3
devgpt-317d33a1e8fa96d7,4
devgpt-74f4ed435b872351,1
devgpt-5d57770fab9c8297,3
devgpt-56c6bd6b95e2de90,2
devgpt-c1a492c0b81522e3,0
devgpt-5a932e92ec423869,1
devgpt-16f4b2696580af1f,0
devgpt-c0bd69103b8a8a14,0
devgpt-c5700c2587baf115,1
devgpt-f203931e62509e15,3
devgpt-b017e034962d3c7a,4
devgpt-e75308609fe1367b,3
devgpt-95948be413de1202,1
devgpt-fbe789fcd613961c,3
devgpt-4dd4e29c46d586fc,2
devgpt-9e1c6f3942328a3c,1
devgpt-ae604be41a8af7d2,3
devgpt-d3ad5b8c2c0bab6b,2
devgpt-9841ce28c31a6b5a,0
devgpt-9139885186864691,0
devgpt-8fdc5020d0685c2c,2
devgpt-d8cc77aca416b1d2,2
devgpt-a46d2f0702a1994c,4
devgpt-22457795485935d2,1
devgpt-0618ba0cc7534d19,3
devgpt-0ebef29e752d6dad,4
devgpt-ce2048079d3a5674,1
devgpt-8bf3195c28f344d8,3
devgpt-2ba6dc6692a8c09b,1
devgpt-01133ae06e82e3c3,3
devgpt-65ded385e534d72b,0
devgpt-8814f916a5f1f757,3
devgpt-1f0e423d49ab191d,4
devgpt-71deb06b44efdd50,1
devgpt-e82f3460935cce2a,4
devgpt-921bd5d2753cac5e,1
devgpt-86fbb5eb4723836f,0
devgpt-bd37feacb7127489,3
devgpt-5e146b1dd7f9bd24,1
devgpt-b065cce5b6c591c4,2
devgpt-a9336dd2337179e0,4
devgpt-8840b9b5d0ca256e,2
devgpt-21ca75f98ddcfd61,4
devgpt-aba1aa05e94e83ed,4
devgpt-eb6a44a8607771c2,2
devgpt-a83deee44cf0fcb7,1
devgpt-1c8b152fd9e96a05,2
devgpt-ccbbcd1b3a0a9ac5,2
devgpt-2c25b76590a1082b,4
devgpt-6c7be65411674006,4
devgpt-2d2a449ee002ba7d,3
devgpt-a963f3274ace0e7d,3
devgpt-d9b147153403505e,0
devgpt-7d6b07a760b1816c,2
devgpt-2e1ca0bdba8f93ce,1
devgpt-6d2870ec7d3cf9e9,4
devgpt-5869b934e1980c66,3
devgpt-fee101bfe0d2fb59,4
devgpt-08f4e15cf6f35608,2
devgpt-7bdfecb763791e27,3
devgpt-5b383c3778d6a651,1
devgpt-387dddd7f51792fe,1
devgpt-822cf30dd5b5f56d,1
devgpt-04098922889aa8c0,1
devgpt-f6ff363513afe11a,1
devgpt-c2cdefbf3a5a27bf,4
devgpt-8b0b662490cd9930,2
devgpt-4ada4c16859db0b9,0
devgpt-cd4ff81aa125d3b3,0
devgpt-84860bc0ac89d909,2
devgpt-14253141917f6604,4
devgpt-038dd920a7d210af,2
devgpt-983bf77ba7f2cd6a,2
devgpt-71b65647ea71f6f1,0
devgpt-7a2d1a36b806509b,2
devgpt-8fdc8d7ba9d8c5cc,1
devgpt-341cf0bf4d9c6470,0
devgpt-df3efd1efd6641cf,4
devgpt-58de488d17e31db5,0
devgpt-8faa0155164f6f88,4
devgpt-baf786dc969c3eac,1
devgpt-484176a2571a12eb,3
devgpt-bce21766f8d5759a,1
devgpt-5339ac3487f6799f,4
devgpt-fbaea2112a04fb02,1
devgpt-d6ddcdc001f13a69,3
devgpt-e8bec42408d3e410,4
devgpt-c1f647df164a8cf5,4
devgpt-8c00713fe2c60d5b,2
devgpt-345e54896a8b5a03,0
devgpt-639d2c1e3a8e8832,2
devgpt-f85595e5299b2ae0,1
devgpt-fb6e973024aca647,2
devgpt-e63d2ad4f1d783e1,2
devgpt-7505d510f1864af9,1
devgpt-c5c2975d08239655,3
devgpt-eb644a33a9d70890,2
devgpt-e73948b1869d4231,2
devgpt-11a70f0ffbda83c7,0
devgpt-1308f5286f89b790,2
devgpt-b6890ffa1248a165,2
devgpt-b0d586b70fa2208b,4
devgpt-1ef9a334cfb7ea88,1
devgpt-32e7cc53446f33c8,4
devgpt-e34c45114f3eb8be,2
devgpt-37dd8b264919d458,1
devgpt-42d2964784bf0c74,0
devgpt-47fa474c535f4609,0
devgpt-13d75b576ab837a7,4
devgpt-1ef6e160e2e9e9ca,1
devgpt-5e478bb90ba3d57f,1
devgpt-abc6f51409c70bd8,3
devgpt-15ed8528531b5724,1
devgpt-ebbde55bebe01fc9,2
devgpt-320436a14da50e62,1
devgpt-e69862ca7435cacb,0
devgpt-8c62a97a0ea4d54c,2
devgpt-12287c8cbf6e6c34,2
devgpt-e2b0c7b584abf370,2
devgpt-7b397242795baddb,1
devgpt-a671034130c3eff5,2
devgpt-f997d385333c59ec,3
devgpt-d4373c1833ec9a9e,3
devgpt-76a81ebff98e1dde,2
devgpt-f15ccef5101bae7b,0
devgpt-ce0f03ceac66d949,2
devgpt-f59903d381112236,1
devgpt-e1efd9b563e58a0d,3
devgpt-1aa104d768122dd5,4
devgpt-fd3698f6a63a7cac,1
devgpt-6cd23122efcf519b,0
devgpt-77dbb8f2da5a8a32,2
devgpt-920e994b0734627c,0
devgpt-c86c215281c9de92,1
devgpt-ce4474aa2ca3dce6,1
devgpt-4e6815326b3c9e15,3
devgpt-847ca93abf6f46ac,0
devgpt-a01bbf9d4cca703c,2
devgpt-259a93c68c85792f,1
devgpt-2b495a21dc84c5d6,3
devgpt-538f094f79211d9a,4
devgpt-6c27bc8b53c779c0,4
devgpt-af70d6d42d803114,2
devgpt-78799c909a8dd982,3
devgpt-0a426aa1b7b7df57,4
devgpt-c78da2ab85cdec32,1
devgpt-99e8699f2c0c3d6f,3
devgpt-5fb06e050b98a797,3
devgpt-8ab33bdaeb50d548,3
devgpt-14fa8689fd2a302a,4
devgpt-b73daf2f3f59eb66,2
devgpt-168e60bc4e39159f,4
devgpt-d467ff2908d8834f,1
devgpt-ffa573e649466fb8,0
devgpt-3547021fee04d028,4
devgpt-3667e3e1b25f5ec4,1
devgpt-cdcfaba9424b07ff,4
devgpt-3f06bb1a42c845b7,3
devgpt-f38059c882dff45d,2
devgpt-9f69b32b1c0007a8,4
devgpt-a0084e18e0b1af3f,0
devgpt-b10fceb417010575,4
devgpt-a5e047e9597f8901,2
devgpt-6d7cfd9296c22bdd,1
devgpt-672d63c1f39b142c,3
devgpt-f2541e191cfc9906,3
devgpt-7a50ab6c9ca7ecb8,1
devgpt-26a9a436526b5211,3
devgpt-491f66e97a9036f5,0
devgpt-9a46e3f0d938498b,1
devgpt-c7a098c71f4fc00a,2
devgpt-d372de805f540f4b,0
devgpt-60a9bcbd5bf9185b,4
devgpt-1ebfe5fd47f07e7a,3
devgpt-4064e49ef03d130a,1
devgpt-37ac17f1d1aef17e,4
devgpt-00b0725d191b162e,2
devgpt-890f573fac4359df,3
devgpt-28ef349752cebf79,3
devgpt-42f6e216ef4cf00f,3
devgpt-89fecdb11dc0d166,2
devgpt-50958981868099b1,1
devgpt-1ccfb98309d4815b,3
devgpt-648d5ddc185fda05,4
devgpt-0a1547a936465c3d,0
devgpt-bd2567ca0ce23c72,1
devgpt-597f425039971d5f,0
devgpt-439008d5d3ad0813,4
devgpt-83b436fca2ab7d15,3
devgpt-6f5525c9ff4b0302,4
devgpt-3db98f6ee1ca58ae,2
devgpt-f4df0fa7ad802e60,2
devgpt-5db8ddde5799cbe7,0
devgpt-998a063968db9e99,1
devgpt-228e0d08aa5184a4,0
devgpt-308ed04eee0fbabf,0
devgpt-9861c3799f71d9b7,2
devgpt-f6a3f6ad4a13db40,4
devgpt-11fe52531ab9091d,3
devgpt-2a35193ec3d4510a,1
devgpt-f676b3e21dadc8ec,2
devgpt-866a34c86a7aff75,1
devgpt-4443820cf14a03db,0
devgpt-35f18655f6f67861,4
devgpt-cb97c66001b58783,0
devgpt-937726e8ab90f792,1
devgpt-6424898533e96f95,0
devgpt-a713c476b5259111,0
devgpt-b2f060681987714e,1
devgpt-0fba2b48c2608d68,2
devgpt-0c7648aac0ed1fd6,4
devgpt-1836d02c718e1283,1
devgpt-3855909ff1665d4a,2
devgpt-bbdf71ab0a532625,1
devgpt-45e1855d04073810,2
devgpt-d2e36b9c84cad60e,1
devgpt-42f75f3f5a933724,4
devgpt-511b50cb02a56fb5,3
devgpt-e5092693667cdc73,1
devgpt-cd8241eb7db3b946,3
devgpt-4b1ad1a516f605f7,4
devgpt-0afae9e612211151,2
devgpt-e9ae0d258eed37a9,1
devgpt-272e642833166e6f,4
devgpt-c7be053f366c754a,2
devgpt-37a37cf1dcee65c1,3
devgpt-8c08056bf45fd00a,3
devgpt-8105d13d8f9e1d41,4
devgpt-37bdb6ac53b150fe,0
devgpt-2309bab711402891,4
devgpt-2870fca72ac95e81,3
devgpt-74045a2d905eca46,2
devgpt-ff698a10ecc45ce0,3
devgpt-1027963609f704be,0
devgpt-967c2ede998b6e7a,0
devgpt-dbe0610f07196233,2
devgpt-0bd64efdc2f12cab,1
devgpt-b623d66043090fb8,4
devgpt-1bf0cc47008bcbbd,2
devgpt-d1c78190d9d690de,0
devgpt-d24a29a5050b2842,0
devgpt-7eb603424cbc0486,0
devgpt-08f732d17a2a9fd5,3
devgpt-32c4a974ebfc8b4a,0
devgpt-bb99a3449a643055,4
devgpt-5bca5d976f9ad997,3
devgpt-aa2041fa4b102cf5,0
devgpt-bd2a3ba7544b658a,4
devgpt-990a78850c1fb137,1
devgpt-c8de6d1167c52a25,0
devgpt-c8bf620a3bd9cba1,4
devgpt-8a5137311af23715,0
devgpt-dfbca23c8b0f5d36,4
devgpt-af460e3e35ccdcf5,0
devgpt-32afd956fc3ff89d,4
devgpt-429dcc0e91b525b6,2
devgpt-c57b58acbdd58661,0
devgpt-6b9e8e66bc472802,0
devgpt-b4e55f91b60c7a63,3
devgpt-00ec189a91a0d29c,2
devgpt-1c54d26db1cbdd37,1
devgpt-d9161c64cac8bafc,3
devgpt-7b25d0a3b76b77ce,1
devgpt-8bf68b2bc8dff836,4
devgpt-a64e87d6b8ffd4a3,4
devgpt-87ef511787c6ab5e,0
devgpt-ba14b2563bdc78fb,1
devgpt-d6670ce0e9b873e9,4
devgpt-791d42fe41b76571,2
devgpt-f15337dc7b49690a,0
devgpt-b7b0efd0b5a9d940,0
devgpt-8b65d3b656bae3bc,4
devgpt-87a9ddf8ddd0aea4,1
devgpt-1f19e0057c881e25,2
devgpt-d3dff688f4fa629c,0
devgpt-2b23b64bff49bff0,2
devgpt-76e000d5472181f9,3
devgpt-8cc515c43be800b6,0
devgpt-490d55d73816fa15,2
devgpt-c01232df7a962b96,1
devgpt-ebeaa7239169ae92,4
devgpt-6ede9523f6b6c5b0,1
devgpt-8fef25f11111f7f4,4
devgpt-dc64da3e5fc9f5d0,1
devgpt-adfc7e086b596f26,4
devgpt-4f18cd4467e380de,3
devgpt-27865d67c2e205a8,2
devgpt-f4a1cda75d2cd0e9,0
devgpt-259b9ea63949e196,1
devgpt-e0b912cf586b2bc5,0
devgpt-4458240defe11798,1
devgpt-48141d561d5f4c5c,1
devgpt-db318d57c5d3e62d,0
devgpt-6194aeca863f829c,4
devgpt-e86a710982854a7c,2
devgpt-06f6c08b55da4976,1
devgpt-39c1f70375bbeb26,4
devgpt-bf097b575930a35d,1
devgpt-f68eed9418c74587,2
devgpt-e6849ab3a98d33a4,3
devgpt-9be79bc716af2f52,4
devgpt-e4fde226a84da1e1,2
devgpt-01097ff709b590c5,1
devgpt-66340e6f975a5b4f,2
devgpt-b18ef89ac11c6431,2
devgpt-0a9a17c055f8b497,2
devgpt-aae7d30b98d6f83b,0
devgpt-a77ad95ad8214c25,1
devgpt-373aff5de28f5492,3
devgpt-833dbb2a09f4e288,3
devgpt-a865220fbfcc4a63,1
devgpt-d618a788fd5e4769,3
devgpt-d563f6834f6f0e41,0
devgpt-d8910a76d286b283,4
devgpt-48afd66d7f1c1715,0
devgpt-0bb0ffec9967580f,0
devgpt-16af2bd15311ff98,1
devgpt-656ccc1f363275cf,1
devgpt-6c6aba1d9dfd83eb,0
devgpt-68e8ecbd90750b5e,2
devgpt-207856cdfa5c84db,1
devgpt-880216b4a677511f,3
devgpt-3eb49117e7c77e1d,0
devgpt-047107e401c1af91,0
devgpt-b95fa4eb068f1304,4
devgpt-7c6247bd4090e1a3,1
devgpt-0b4d3fc9bfda8236,1
devgpt-ae864c453bf8aa49,2
devgpt-2ac0bb871c037d38,4
devgpt-e8026739a2b396b0,3
devgpt-4300924f41c1e043,4
devgpt-80906cc070d5aa8b,3
devgpt-69a0b2e6ad1333d8,0
devgpt-867d27ec32bf45d7,2
devgpt-3c1a5f5515e22c67,4
devgpt-e3fbcce177babe83,4
devgpt-4489f1caac141d29,0
devgpt-81ad9e71d199668d,3
devgpt-76f8de16e8b9afde,3
devgpt-9b50f8fbd55432a7,0
devgpt-71eda390546c11a3,0
devgpt-92e26440ea4e7e88,3
devgpt-1ec4d58fd6ce8c2c,1
devgpt-59c8b9849bb47a61,4
devgpt-9d5eb94f44930957,3
devgpt-ac659679db15d577,1
devgpt-4eab9f52dde75b3a,4
devgpt-08c6831fd914a918,2
devgpt-29920f5cf82924fc,2
devgpt-aeb13c92187d4236,1
devgpt-71d73956688cfddc,1
devgpt-4bf1dd915be761be,2
devgpt-6a769656c881a4d0,4
devgpt-06282a0782f264f4,4
devgpt-a45fc109797f0868,1
devgpt-9d096eed9d64b483,4
devgpt-acd8c6a3734cc6d7,0
devgpt-61c272c8c21b438a,4
devgpt-afaff5c1ea508675,4
devgpt-178561797dc93896,0
devgpt-8212d3d9b5cc26cd,3
devgpt-6057824fc1d86c1c,0
devgpt-25a4a2453b2be271,1
devgpt-6944de8d01418b9f,0
devgpt-c8cc582f1f347b8a,2
devgpt-dbd080cfde44b876,4
devgpt-7c15d3a70fb4ffff,1
devgpt-d1a47c0eb4ff08b9,4
devgpt-81e32ae70615103a,0
devgpt-03f13afd3fa0cf12,3
devgpt-c84caaa47ea23f88,2
devgpt-cdb21749fc096516,4
devgpt-9ddc8f7dbebae64b,3
devgpt-8bc0ba592db70207,2
devgpt-96f75481de3753fd,3
devgpt-e427b881e31ecf18,3
devgpt-e5c95b163fd8ab0f,3
devgpt-045e50997d598632,2
devgpt-80a13f1b63f84e47,2
devgpt-ff0f13008d9c2436,1
devgpt-10da209682034ea9,0
devgpt-28e5fee82d3dafa7,3
devgpt-ed26efd667556849,0
devgpt-9d43949df4782de6,3
devgpt-97d4b357a5c0ff7c,4
devgpt-5f3612d464e6d2b8,1
devgpt-26466da2f7947d70,4
devgpt-a98b391f7bd80c47,1
devgpt-aeb56e40b3ea1002,0
devgpt-9d1df34da73bda2f,4
devgpt-e9e8f7abbdfecff6,1
devgpt-4a17cff0ac59ee24,2
devgpt-473484c367bf78e7,1
devgpt-d9aa126a423e4400,0
devgpt-b930e18730a8a62d,3
devgpt-6273c356c2a735a6,3
devgpt-9247ce06159dc892,3
devgpt-30a47acff9fec76b,3
devgpt-e9c0001958969ccb,3
devgpt-0063d78a51bf224f,2
devgpt-f2fdcf9f04ad4920,1
devgpt-2fc0799dcedf2529,0
devgpt-75d795f192d57c2e,1
devgpt-0b4aa4acae51a21f,0
devgpt-f607d19916c9bfb0,1
devgpt-e199ad9ff8cc7b5e,4
devgpt-5ef653e1dd8bb26c,2
devgpt-bce161b8d8087804,4
devgpt-fa82c80cf9fa564a,1
devgpt-43b2c24b2bba0086,0
devgpt-0682f42732737b8c,1
devgpt-2bffa1ea999c421f,0
devgpt-72135b035f6184fc,2
devgpt-f6673189bfdee4c5,3
devgpt-8536487511e35f76,3
devgpt-8222631aaade69c8,1
devgpt-266e54c85fe1ab9a,1
devgpt-d984aa87e91c90fd,4
devgpt-76539a01688b8ef9,3
devgpt-052bd42786fcd31c,4
devgpt-237551f101b60c78,2
devgpt-b370c8457b491f39,3
devgpt-b631e84018c0be14,2
devgpt-514acb2696a87b07,2
devgpt-7fc2df1296acd0d2,4
devgpt-d6a3def7df5139f8,0
devgpt-340b9c69b0c7aee6,1
devgpt-8acab7a756914987,4
devgpt-c4c904a986056ed9,4
devgpt-8e34b71d911f6242,4
devgpt-21a7190e8abe3007,3
devgpt-9456f328f43f185b,3
devgpt-af47417c51797759,4
devgpt-84704591921305f2,4
devgpt-128032bf91021d95,0
devgpt-0a23d1cc6ff8644e,3
devgpt-920264b28ae67d2d,3
devgpt-ee01d92854b49222,2
devgpt-072256d4a858fa20,1
devgpt-1e56e30fcfc1494d,1
devgpt-28ddfa2d76d0925f,4
devgpt-4dfba685ec57bda1,3
devgpt-ca9165b33ab19a75,2
devgpt-ab57a90ac7088cbe,2
devgpt-85f8422cc2e53944,2
devgpt-933773ab839f4dcb,1
devgpt-e85bace5d69cc69c,4
devgpt-45945bf1571b7f52,1
devgpt-63b474e406301b9a,0
devgpt-c01125bd286f80b9,1
devgpt-67f6c2646fff1082,1
devgpt-a9b8fb094b7ac7ca,2
devgpt-9a7a1f718620cf1b,3
devgpt-f8d050e7c4d133a1,1
devgpt-d63c770fe46482c0,0
devgpt-c674222e0d6c29ae,0
devgpt-ac5943e6775c7ff0,0
devgpt-066479c7a185311a,3
devgpt-e4583cd51ecc457d,2
devgpt-a34a5aea43d621fc,3
devgpt-d835e8f62239bbb4,4
devgpt-dce9170ad3e11432,4
devgpt-00f3c98210cebb78,1
devgpt-3804af951149f722,1
devgpt-411e65014c2a74b5,3
devgpt-cfd466a066dd89e0,0
devgpt-6a897697fc9492f7,3
devgpt-2f069ffb67ac99d6,3
devgpt-ff41a30365faca7a,1
devgpt-8a6b4d8e7c4e0548,1
devgpt-771b9b0e987fa2f5,0
devgpt-b28991e652a78be4,4
devgpt-9cd58cc65f9ba8de,1
devgpt-a3ebf5b32a1f7387,2
devgpt-1dc4edfe32aa26cf,0
devgpt-7e62260ba3f9c5c1,1
devgpt-9e9d4d92ed64bc5a,0
devgpt-a9a40875f5edb89e,4
devgpt-0ae55fe97112107b,1
devgpt-4ae6a3e4085a4258,4
devgpt-81bc86af7a80e82d,4
devgpt-e8409c49ce1ae639,0
devgpt-8e99dec38246ef01,0
devgpt-79da46cacececbe8,0
devgpt-61405c4a715a8e6b,1
devgpt-eda6292c0cd6f407,1
devgpt-4212c2f243f1b1e1,3
devgpt-dd6996869f48c463,1
devgpt-9452531a94bc39d8,2
devgpt-2d9f5277061b300c,4
devgpt-95c047eeb6bf95a4,4
devgpt-e389db65e91815bc,2
devgpt-34fb0dca1a52f2a3,0
devgpt-d610c692d32e4f8a,4
devgpt-96f3a27e4b257ea3,2
devgpt-3ecd25d579605c9d,1
devgpt-775abfc3d85ec0fc,1
devgpt-9c3f444c55cc7e0f,3
devgpt-e7764810317766ca,4
devgpt-d78273ce44abf40b,4
devgpt-3dc8c2e302d2a052,1
devgpt-f98e2179ec944605,4
devgpt-5cee6c4153aa6dbe,1
devgpt-92ff4aabbf6caa41,1
devgpt-b1c23197a9cc07f2,4
devgpt-346b2dfc4566e817,1
devgpt-209e2ca7051f01a0,3
devgpt-fae939730e52ae7f,3
devgpt-8b94c8a344ad232e,3
devgpt-18dfb2886f750701,2
devgpt-be6221827341bed5,2
devgpt-bb40ebccd0c8705d,1
devgpt-8116d87b95c05953,4
devgpt-736f184479ea0050,1
devgpt-afa26c88f3071c10,0
devgpt-02ffc8c4606dff9d,3
devgpt-bebc7b3ebc814994,0
devgpt-c31b512a6a97b51e,1
devgpt-ee4d888f142c7912,0
devgpt-00c77a47b23d58f9,2
devgpt-d6cfb1c4f85def63,2
devgpt-fb9c0b84ed6a3689,4
devgpt-f17e0a28128ef50f,1
devgpt-637c7ff4f1e56f3c,3
devgpt-32c30b46c9594089,1
devgpt-21c9b3ceacb86d39,3
devgpt-d733aa0c48b355e9,2
devgpt-6ade4682bef6ddea,4
devgpt-a3cdca45c750a924,0
devgpt-2190a7ee0b254594,3
devgpt-1f487adabbd902b0,1
devgpt-8444be21be788867,2
devgpt-47adc4837db0f126,2
devgpt-eb8688e8926302c6,0
devgpt-23d650503bcc934c,3
devgpt-981d575227b5b2c3,1
devgpt-58d67bfda03ae31b,3
devgpt-cfbd207ccc46eedc,1
devgpt-5592289bebdaf291,1
devgpt-d91284c5556a5cf0,4
devgpt-50c89cae2dbf856b,3
devgpt-0eab3c223c59d11c,3
devgpt-53807460a4177cb4,0
devgpt-0fb45b166abe3e8a,2
devgpt-663e46f35a05ad14,3
devgpt-31d450b6062bd244,1
devgpt-6ac6bb8a3097fa6c,4
devgpt-2b7b10099a9429d2,2
devgpt-539e5c8b4aab560b,4
devgpt-4c39b4df36135345,1
devgpt-c941ee3e74da6cf2,3
devgpt-ed17036906e5fd52,2
devgpt-93c01ac1a0da91bf,2
devgpt-77208818cf8755e5,1
devgpt-95f2e0804e02b0bd,4
devgpt-a1a10420b211f3cb,0
devgpt-44c9d17d7ef067f5,1
devgpt-0d174874d5b78f86,4
devgpt-31d19f7b35b78031,2
devgpt-c922fad4fefee9e8,4
devgpt-e27acbcadf9920f4,2
devgpt-f9d9ae305e35d0bf,4
devgpt-e34dff7f2374d367,1
devgpt-1f2aea177ef2f68e,0
devgpt-42611478bfca4f7e,0
devgpt-ef1c2084b6c69464,0
devgpt-f742b3aea11c625a,1
devgpt-135d3c5bcc72d3d3,2
devgpt-c1764b59d27c94b4,0
devgpt-73148cbbf2c1dfd4,2
devgpt-70e6b55744c487f1,3
devgpt-b6f37e6488470fa2,3
devgpt-815b939552f97439,0
devgpt-ad9c08ace107807f,4
devgpt-77edcec8fea53658,0
devgpt-27fa3777b514d2e3,4
devgpt-4e72abfc9d356534,2
devgpt-493d095f27ce7c73,0
devgpt-6bcd18bf1234483c,3
devgpt-dcf0b1290c58cc7f,2
devgpt-d8d32d0553741761,0
devgpt-c386025e035c33fd,4
devgpt-fda61dd961e5aaed,2
devgpt-99edcce70cb8ea4a,2
devgpt-d60c3c3ee98fd27c,1
devgpt-850e85e8217f6821,0
devgpt-356f9da00c9a7192,2
devgpt-11c121a2d38cb85b,2
devgpt-b9b5f06208935bda,0
devgpt-29a3384e966dc9e7,0
devgpt-b6f6553f97fdeeb5,4
devgpt-94c00cdea8ccf3d1,0
devgpt-ef507d97a4c52147,3
devgpt-7107562fc65038db,0
devgpt-08300e2d4b2d418d,1
devgpt-4b315e491ca413ca,3
devgpt-ca706bc83ce48ec5,4
devgpt-8e34a8dd06b68278,4
devgpt-bf8d119784249897,4
devgpt-706a3a1373db7449,0
devgpt-b8b1fe00beec47c8,1
devgpt-f7872ec5c1d82ac4,3
devgpt-4de0ab79b8f8c127,3
devgpt-aba217ef3098bc58,4
devgpt-68e50758ac594c96,4
devgpt-8317468fa4b69507,2
devgpt-8a8b5f46f7163b40,0
devgpt-03ce70028dbf4f40,4
devgpt-37b798ae8f476390,0
devgpt-f29d4b2d11a37f86,0
devgpt-98de8f3bcaf1ddc7,3
devgpt-2e2ebfd68a1d4c13,4
devgpt-1acfe54c181ed6af,2
devgpt-c96feafa335c4c08,4
devgpt-f5dbd89d3c21a68b,4
devgpt-f0f2ac440ee5af25,2
devgpt-c6c97ea644d288eb,1
devgpt-e6d66b2730ece133,4
devgpt-8191a53077aa0d26,3
devgpt-027472429a8c3ce6,3
devgpt-80a869ee8c1fb3f7,3
devgpt-3f97cd68941dd6e1,4
devgpt-6565b9323774066e,1
devgpt-07e955b089d48264,1
devgpt-573ed2fe9dee65ca,3
devgpt-b286a0b05b6eb175,0
devgpt-715f28ba10e9be95,0
devgpt-0c2359c8674717fc,4
devgpt-cbbbe7629fef947c,4
devgpt-89764042ea4f1d8b,4
devgpt-2159f4438bd671f7,1
devgpt-1272c7ab61509528,2
devgpt-0cee9476b2d1d007,0
devgpt-92f5a26000f01e5c,4
devgpt-5ca6c6a43dbca650,1
devgpt-2ac2d2f902fd9d45,2
devgpt-a2e453e5a37d610a,4
devgpt-0783c6f1346d6a28,1
devgpt-b5001030816bdba1,1
devgpt-dd934fa7f7e05cba,2
devgpt-c8e4573a40b88c4e,3
devgpt-de4cc47630b0e5ee,1
devgpt-ad6b7eb65d29a83f,0
devgpt-c01ddccf1657d8ae,1
devgpt-4834a234cfc81029,4
devgpt-5efca9edec6c8cab,4
devgpt-eec2f0d562f2b6ae,3
devgpt-0a02db764a6132b8,2
devgpt-de051619a25600c6,0
devgpt-a743a31285342d54,1
devgpt-e7418b8ad3abb54f,1
devgpt-992b71657da60bf3,1
devgpt-7d757aa9fc9d5d4d,1
devgpt-d0baabf1992b7bd1,4
devgpt-1aac02bb604535fd,0
devgpt-eb760be1b3c8f0f5,0
devgpt-b44e12d9546819bc,2
devgpt-ec843c3e729d992c,0
devgpt-aa151165a85f9ae1,3
devgpt-5f8eabda64b2bc12,1
devgpt-c69d62a331b922f2,0
devgpt-542a98c2de4112a0,1
devgpt-45b8ee089e6e4c9a,0
devgpt-37869f6c0a34a50f,3
devgpt-b23850ae6e130b30,1
devgpt-f57c068d9c5fc3d7,2
devgpt-ba9846ccdd2d98f7,3
devgpt-df879853a1f1a47e,4
devgpt-1dac8b455751c419,1
devgpt-258282b45754313b,4
devgpt-c5b23c4a26655e0e,1
devgpt-9bc52262201fd050,2
devgpt-15ce6bb220acaaff,2
devgpt-967fab89ff7cc3f7,0
devgpt-2dca46f9a8d35ce6,0
devgpt-49b281524919e3d7,2
devgpt-403adaa015593130,2
devgpt-55148fb3237ebda0,4
devgpt-7cc49dde883a8535,3
devgpt-81ded8a78b92de7d,2
devgpt-7a4899df44bd40fc,1
devgpt-2a62d2e5cf77330a,0
devgpt-741823c245108b00,1
devgpt-cc9f17662ab950f9,1
devgpt-7392264144da8b2c,3
devgpt-8a66e4ac03425431,0
devgpt-544e0e520e704729,0
devgpt-0c54392ca2e1072e,4
devgpt-29410129192cadd7,3
devgpt-626107c98feb1554,3
devgpt-18107b1adcc5fd9e,2
devgpt-a39df37933888066,4
devgpt-45a516588a232235,3
devgpt-927deb99dd487105,2
devgpt-7523d360e243db77,4
devgpt-e5009f482c725db8,3
devgpt-cdec1272e7d3dc73,4
devgpt-00d69fd151a94f55,2
devgpt-a866feffa4f1d500,1
devgpt-4f8ffb2ef395ed80,0
devgpt-ba0a54d29ef9a103,2
devgpt-fe5b6dda757494bf,3
devgpt-471e2c11f9feaa21,0
devgpt-99ee9bd1038299fb,3
devgpt-08ca7ce270a824fe,0
devgpt-00a74260b8aad439,3
devgpt-d3b25a82361a5732,0
devgpt-331c566892c1529f,1
devgpt-f9724c8389797dd4,0
devgpt-cc043a06b9153dc2,4
devgpt-5ef871cea1f8a5d9,1
devgpt-d28b8a6d4c3806c4,1
devgpt-33ec68d292ffbc7c,1
devgpt-19f4b0d16f5b1350,3
devgpt-c66eee26157000f1,0
devgpt-ad633fedca06de5a,4
devgpt-e8a52fbf32f1f185,1
devgpt-db24a10141c08e22,2
devgpt-84e520bc0548f752,4
devgpt-168116a9627cfb27,4
devgpt-7e6f2d2857a5807c,2
devgpt-fa5ba7003fa3cdcd,1
devgpt-359c203702932a1e,3
devgpt-e1ef185743fd8b4e,3
devgpt-4684560de740ce61,4
devgpt-6977a895ca3a8520,4
devgpt-46eefbe6f773a4f4,1
devgpt-0a4e9b4f1e8db072,3
devgpt-2d49c2845e697397,3
devgpt-3c821f1f9cfabb6c,4
devgpt-57648bf1be889d05,4
devgpt-abd5a7c52b4c9f75,0
devgpt-ae111193b0e40474,4
devgpt-7bbd53774c291dec,4
devgpt-640dd91b2f1ee586,4
devgpt-a33092fba99a7308,4
devgpt-fb8b7aa1930b9dac,2
devgpt-c877c67ae808a912,4
devgpt-4a70ae96daf5cc0b,4
devgpt-c318fab93c778ed5,2
devgpt-55410e25fe04765d,4
devgpt-055a1a3c4e79846d,1
devgpt-94a8bdc2674ad38d,0
devgpt-981f260fdc7a3c98,1
devgpt-9e665116bb2d11a5,2
devgpt-80f60f31486b8313,3
devgpt-99f8639e493fe512,3
devgpt-9e77778b4498dc42,3
devgpt-2b29dcc4624917e2,1
devgpt-4df47204ac68d5e7,4
devgpt-48630d073232c3da,2
devgpt-53b2a929ae4fcf68,3
devgpt-2edcb8de8ed7d48e,3
devgpt-631560dce169e959,3
devgpt-60c7e9bfc30ca4b3,1
devgpt-d78f201db58ab086,1
devgpt-94a252e426a54d6c,3
devgpt-f41c84660bc85974,0
devgpt-060a729a6bf2db8d,2
devgpt-c40f949b0a205617,1
devgpt-915f534b6d761ebe,2
devgpt-c84f48a2ffba1c9a,4
devgpt-047958f801366b76,3
devgpt-899623ccf007de68,3
devgpt-0224537e6490521f,3
devgpt-48042c24869f3046,2
devgpt-e5ece637987b31d4,4
devgpt-1c6560e78a1cb9c8,4
devgpt-58ae8ef868969b06,1
devgpt-eb9c004ca277bb7d,2
devgpt-eeef4fddd901282a,3
devgpt-84a35d47c87b2c61,3
devgpt-9b3b9241902026a4,1
devgpt-061a2c4b0814295d,2
devgpt-84b5c874fb1678a5,4
devgpt-42e6bca52db44fbb,3
devgpt-756e4e87c3aded55,0
devgpt-00cb9abcdabea886,2
devgpt-36424bdde7a889de,4
devgpt-7652c18035a3d943,4
devgpt-95678cdcd88acb8f,0
devgpt-3036af86fedf2ae2,4
devgpt-041f18d25b1ad139,0
devgpt-ce8ed345f73857d0,2
devgpt-c328d4bdab12bf3f,0
devgpt-fdc5f4675d3e8db9,0
devgpt-02a26b202cf0c153,4
devgpt-0051942d609769ea,4
devgpt-9e7a58a9de46f281,2
devgpt-9990f4479193c581,3
devgpt-8f526d65aeb44239,1
devgpt-43fa26076e0e4cbb,3
devgpt-c570975819b11450,2
devgpt-ebdd7449c5ea2be3,1
devgpt-6cd9abf4176c2566,4
devgpt-ca9b2e788e19e5fc,0
devgpt-09e1aa16b3a607cb,0
devgpt-15b33773e4bd07b3,2
devgpt-eee3c87c0845e0f3,3
devgpt-7e06aae4204c1a9e,0
devgpt-f1752b8df95f5249,1
devgpt-46a9ebdc95a41230,3
devgpt-6985baeacc970a76,3
devgpt-1475873cd0803620,2
devgpt-a542ad4a301022c7,2
devgpt-037883bc35a5ba79,3
devgpt-ea5563345d617597,0
devgpt-5507e14aa0807618,0
devgpt-5e040d0f5a9c3876,4
devgpt-924e545e6ad0f4a4,0
devgpt-14a95a996f619411,1
devgpt-eb7c31aaf9b1755e,1
devgpt-0f42ec1b64d88598,2
devgpt-b8a52fa9fb21182b,4
devgpt-20517f24c9234a9e,2
devgpt-83a01757a5e37fa8,2
devgpt-0bbac9693ee1a3d6,3
devgpt-4709b4e0ef15b8e0,3
devgpt-d85a3ec661958e4f,2
devgpt-99dc27bf29852cc9,0
devgpt-79d09e754064ea45,2
devgpt-952473847ba2a36c,1
devgpt-650d592810842ff2,1
devgpt-1e995f606bc53242,4
devgpt-5425d2dea2a6ada9,2
devgpt-d31f6d6ca8221ab8,3
devgpt-795dd64b144f6329,4
devgpt-1a8ae914327d8361,4
devgpt-72483660764db89b,3
devgpt-f61bb839a79a9ae7,3
devgpt-b2d3a5bc606fdc0b,1
devgpt-89598597e46aec03,1
devgpt-04bd2dd82c889d7a,2
devgpt-34da24192325524f,1
devgpt-1413ffdb69934b0b,3
devgpt-abbbf1532b9b6c7c,1
devgpt-25c5f3b4096a3025,0
devgpt-afb61f933af94650,0
devgpt-0711fc91f19c9731,1
devgpt-6da7b0a8f97684cf,2
devgpt-f42e4d03e3782bbd,2
devgpt-74e7ebfaf58ed48b,0
devgpt-4451730eac7c1742,1
devgpt-8206b9e4b23882ee,2
devgpt-668c000086c2cd07,3
devgpt-37c7f5a600f5975f,0
devgpt-77dd3dfe6ef1185f,3
devgpt-9025293bda897dd5,1
devgpt-91de77ea84bc6d6f,4
devgpt-fc90000ce8feb3d3,0
devgpt-096655936caa86eb,4
devgpt-f08a1f104545953f,1
devgpt-1a8ed280fb739055,4
devgpt-c99f2228bab72c2a,1
devgpt-ad28bf681fdd6c48,3
devgpt-b39d5cc327292ea7,1
devgpt-0392195b4994108d,2
devgpt-7e788461938c26e9,4
devgpt-3a6963012aeebc7e,0
devgpt-466cb8b3a681844f,2
devgpt-b76e52f60c1bf166,0
devgpt-37ebd1e41f651087,1
devgpt-d66cd24957dcb194,4
devgpt-e09737b749b75787,2
devgpt-b7df658917c53e10,0
devgpt-cb264f29c7f3074e,3
devgpt-42237f1c74e01fbf,2
devgpt-7d1a1d3ad7e1f0bc,4
devgpt-5e43293f79ffd52b,1
devgpt-ba89bdfb18a2cb7f,4
devgpt-31e3f1d9fbd4409b,1
devgpt-d854333124390742,2
devgpt-b19a0da2226c4ce7,2
devgpt-d497721b8b69ccc8,1
devgpt-7b30cf35c078a4a8,2
devgpt-734e45c456cbf16a,2
devgpt-973d06207900a742,0
devgpt-ca60487daa0d62ed,2
devgpt-cdc74c565332fed8,2
devgpt-4dcbd6ac53b079eb,1
devgpt-79b1e0cd4418788a,4
devgpt-9e8fba1625f39e51,3
devgpt-6b1f7f2e2d318c47,3
devgpt-234b65894dd0779a,3
devgpt-b25c354b881c4d6f,3
devgpt-b03d1003783c9884,0
devgpt-8dd637873e52be8a,1
devgpt-a68f9ca3483c7026,3
devgpt-d88f3d0abdbe32f5,4
devgpt-10c0af985315bcea,1
devgpt-f76c4896885f8d1b,1
devgpt-4f11a988fc6ea86c,3
devgpt-8e903e8e451a8f79,0
devgpt-71dd2d39890727fd,1
devgpt-a060cf0de6780f07,3
devgpt-3f1c2bfdfd591f48,3
devgpt-7917bbc24bfbff44,4
devgpt-ad63666584c80012,4
devgpt-cd22e50ed6a74387,0
devgpt-2501d9c3579611e4,1
devgpt-dfc3c7851396892c,4
devgpt-d58585153f1e8b2f,3
devgpt-5865642cc76325e6,0
devgpt-8307d11d216143e0,4
devgpt-df45506d86736cd4,4
devgpt-0bd2c568e232d59c,1
devgpt-0c6e9f6790ccd22e,4
devgpt-b966514f7de0ecad,1
devgpt-a87f381907458ed9,1
devgpt-f3095414e81c0d8e,0
devgpt-038042beb26d32c4,4
devgpt-c9d5ba57f6abf4f7,3
devgpt-f5b74f2f4781d2cd,2
devgpt-c8800f9ec12ed2e8,0
devgpt-e28c3f5a66b07e08,0
devgpt-e883970fa9a733ac,3
devgpt-d73920f652c37eaa,2
devgpt-101bf12318ffe335,1
devgpt-0fb2db21d4c9cb81,0
devgpt-47c082028625027f,4
devgpt-8a945686d63b3d7d,1
devgpt-bd539230af84e5d1,2
devgpt-e21fb59fb32305ec,4
devgpt-0edeb9c24e1b77e0,1
devgpt-d3f8e4cf75c9c1f9,1
devgpt-4cf9488c0c5d1272,4
devgpt-fbcf7bd0ce5b9342,1
devgpt-0f77213abd2cb0d4,0
devgpt-b25ebaaf725b0b97,4
devgpt-3373d4948c30971b,0
devgpt-cb4217426ecb778e,3
devgpt-243c4500c5aea66a,3
devgpt-18759d8919fd2d2f,4
devgpt-9adc38a8fa9286b8,4
devgpt-82721b279a825740,1
devgpt-6df15c4b3ef49905,1
devgpt-4d9a88eff8ca94c6,4
devgpt-ac91e53f2e9c795f,0
devgpt-b4561f429acb2960,2
devgpt-6aa0db2cbe730a81,4
devgpt-5fe8adcdf28f3f6c,1
devgpt-e9fd7fe28fc8a680,3
devgpt-f0e46a2ebc64a25e,0
devgpt-3d2a04d34b43867c,0
devgpt-a241909c3fb597f6,0
devgpt-83c20099dc9f6aa3,1
devgpt-9f0c436776209db0,1
devgpt-474f60dfd010105b,1
devgpt-b9fbe10302720662,3
devgpt-c5f96d1c825811dd,4
devgpt-6ffbaed81319717c,0
devgpt-aca18bed15dfda51,2
devgpt-208140978872cd8a,0
devgpt-49b9f27469915af7,0
devgpt-501e6ec6bbca00c9,2
devgpt-cc08be04fb0c653f,2
devgpt-b5f45780b1507cf8,2
devgpt-d16849d7acc52886,3
devgpt-7755c81c99ef2acb,2
devgpt-9978530127f3b364,0
devgpt-159f4b2ea2529e95,0
devgpt-cc91bd2366cf16ba,1
devgpt-e671fc74bb5a0676,1
devgpt-25da542733ddc77a,2
devgpt-ccace282a4d30ada,3
devgpt-bb85f8bb563c3850,0
devgpt-0a1be7387af855bb,3
devgpt-ce4ab076c94805c6,2
devgpt-ce9932da15e018e6,0
devgpt-280a5f8e5ac8003d,2
devgpt-3634a072c6aaaede,2
devgpt-abfd7ba083772e0d,2
devgpt-602ab0b250c889ed,4
devgpt-b7a1501f5e737fa7,3
devgpt-e2b61dc2e61b2cc7,1
devgpt-915df0b24502044f,0
devgpt-fa15ca8d930c01fb,0
devgpt-d7d9da01fbe5cd14,4
devgpt-bed0a59ee38aedcb,1
devgpt-63ffb4ba1895e534,3
devgpt-e541180be9c695e8,3
devgpt-6f7d83eb91381e17,4
devgpt-12e6fd64d72a9da8,3
devgpt-bc3013a80bd620ad,3
devgpt-595272e3f80dfe79,2
devgpt-89145c44cf25d546,3
devgpt-b9e90769b3a9d239,4
devgpt-80884401df62338b,2
devgpt-2fdffc8be9dfe086,0
devgpt-8bab36b93b64f6ab,4
devgpt-2bc57e2405479442,1
devgpt-bd8fe453df3c8fe8,2
devgpt-f0dd65ba400afe40,3
devgpt-0bf359119e984275,0
devgpt-0e4a4e81c6da52c4,4
devgpt-485738e8fbcb8754,0
devgpt-0d2d7f396c6b557b,3
devgpt-3c2f4c57e7ff7258,4
devgpt-bc6fccf4dad15b6e,4
devgpt-8251a3632771e7e9,2
devgpt-e74e461bd19bb8e2,1
devgpt-3ce9c521ca210c66,3
devgpt-04e49e8b9c37d10b,1
devgpt-399a9c1bb04402a7,4
devgpt-44e9dfff0315e97d,3
devgpt-897aee427e199c5e,4
devgpt-3a7310fc04e09055,3
devgpt-d9bf2f9a9cb48589,2
devgpt-b409ec62e9305b86,4
devgpt-226ba46e537f87c8,0
devgpt-be0f0410f255de52,1
devgpt-27d5d96393c0694b,4
devgpt-50f676bf7a665558,1
devgpt-2f67069ca23f830d,0
devgpt-c785c9857e8c61ae,0
devgpt-b6da42894a6e64fb,3
devgpt-bd54fcdc201e39ef,0
devgpt-3e57eb462742f98f,0
devgpt-742ba1d2c01701da,1
devgpt-ead2cfd84352f99f,0
devgpt-e2178c8eabadc0a5,0
devgpt-2fddaabd66bcd521,1
devgpt-e9dd5fc0ad10ca3f,1
devgpt-d20a557ffe1f2faa,3
devgpt-d33d7af778ea4ce3,4
devgpt-98b1cde68e22d270,3
devgpt-5a0e969f1831694b,0
devgpt-c2b63e3177e50cb5,0
devgpt-87cdc3dacf9084a2,4
devgpt-8678b3be770da076,4
devgpt-e5c3905fe3be6aa9,2
devgpt-c45126776839f3f2,2
devgpt-b2107235dab785bc,1
devgpt-bd460ddaaeaa0467,0
devgpt-821c7612496ddf51,1
devgpt-a07c21ac668a5151,4
devgpt-bb541ce22cf96417,2
devgpt-64d360f7ecfdda1b,1
devgpt-338626e2126d7154,1
devgpt-81b219912c65b10b,4
devgpt-2d9d661363670041,0
devgpt-0857a71e4699509e,0
devgpt-345280da102a8028,0
devgpt-9ab80ce28373cb97,2
devgpt-745601386c6d2112,0
devgpt-41579b5d4b7c841b,1
devgpt-f876e2cbead104f2,0
devgpt-669dd42946a673b7,1
devgpt-4fff9cdd1b8fcbe4,0
devgpt-b10f60793be44dcf,4
devgpt-37dbf7bb8fca557d,0
devgpt-7c03d9e872345cd1,3
devgpt-ad9571229638f42e,4
devgpt-fbdeac8ceb9feec4,4
devgpt-f17ef176f4a1d281,2
devgpt-8578cb417ce4d069,1
devgpt-f991a7e5abb0e71e,0
devgpt-4ba87abdafb396d9,2
devgpt-0c5f4a18b42e6262,0
devgpt-a17f6e218a56381c,0
devgpt-b42d5ce8e95155c2,2
devgpt-b0929e9c17c2c7c8,3
devgpt-bbe25346874be75a,4
devgpt-4f06d63508d92619,4
devgpt-aa309cc33281a82d,0
devgpt-536096fbc98c1f6c,2
devgpt-e98f216a36576ebd,4
devgpt-4f2edab7d06fd236,4
devgpt-46eee16c819eae94,3
devgpt-4d61750a3ee7f17d,0
devgpt-b0aa810f4bad737a,1
devgpt-37cd08821d0892d8,0
devgpt-c3b3a33ec579357b,4
devgpt-d30bd2b17aba807d,0
devgpt-8886e5b9d5c7d9ce,2
devgpt-ec17fd00a558e906,0
devgpt-4a24cef061bb8a2f,0
devgpt-80bad9df035adb51,4
devgpt-96a1da9316a69db6,0
devgpt-3a1e574c052fa6e3,0
devgpt-01ba43d4197ca97c,3
devgpt-debf3c4f3461fc23,3
devgpt-b071dd8f8aec3b6b,2
devgpt-e52cddbaf0c3bcfb,3
devgpt-45e6653bd4f048dc,4
devgpt-1acc54257629cfc5,4
devgpt-7531e42ee0aa42f5,2
devgpt-dae076341b8f322d,3
devgpt-1cc62eda11357d32,1
devgpt-f96d3cb7eb26489b,4
devgpt-50766bfd43881785,4
devgpt-e0e9a8ebb57196fe,3
devgpt-65bf4d9cea73a6ef,4
devgpt-e1a701b25f619b23,0
devgpt-70a708234c05db3d,1
devgpt-5fada8ec051d844b,4
devgpt-d85986b0d3243705,3
devgpt-c1ac58a2c1d8a4fa,0
devgpt-23ce18e89128ac3b,3
devgpt-57578392fb9a5c57,0
devgpt-1287439580afa887,1
devgpt-ce396ab1a859a122,1
devgpt-9aec773de8a482f6,4
devgpt-0ea40ed41edd8985,1
devgpt-4aa26b4792abaf37,4
devgpt-14acdfaac2bc27ea,1
devgpt-36985090ab8f9434,0
devgpt-e4bafede9ff74477,0
devgpt-12435d9737004bf8,0
devgpt-23cf5e4640456541,2
devgpt-deaa44810d117915,2
devgpt-b9f19e26601c3b1b,2
devgpt-10ce96db5fe5b0d1,3
devgpt-4cbcca585ea5f3c4,3
devgpt-ac7b666dafd0796b,2
devgpt-8f7063132244e41a,3
devgpt-8d171af4c9262e91,3
devgpt-3cea072fc30702bb,3
devgpt-f653560feafddda7,2
devgpt-763a984349d1907f,3
devgpt-f66e3866974416f2,2
devgpt-80dd7d699308e5a7,4
devgpt-347e3d51f3d63d29,2
devgpt-51dac4feadd52de8,0
devgpt-a4b0516ff0aa981f,1
devgpt-f00888724cf68a3c,1
devgpt-53c2ad160a2a1b07,2
devgpt-0129b5715f763870,3
devgpt-d1c4a7d12c1ed4a9,2
devgpt-edc0fa6c786e5d27,4
devgpt-03ec3ef4120de3b5,4
devgpt-af19dc28a4ed7257,3
devgpt-01bdf32cfced9d29,4
devgpt-7ccab5add177a6a7,3
devgpt-03e9a77529360e5a,1
devgpt-97de8d015b6ea3d6,4
devgpt-0d02110eadda6f72,2
devgpt-5f9003c735045eac,4
devgpt-c027030dcfffe01c,4
devgpt-2d3602758c54d195,4
devgpt-3583a94946b7de87,0
devgpt-040df3b2dc21d1fb,1
devgpt-ea9f98ba05f393f5,3
devgpt-47387b20255bdd09,3
devgpt-169c0e8a0b9f4342,1
devgpt-0d7d2b5088a12540,0
devgpt-7cf5f3e7f82de7df,0
devgpt-c6b95aa2be862885,2
devgpt-f3d352e6fb46e4ad,1
devgpt-630c6030f30b9274,0
devgpt-0da4001857439843,0
devgpt-b5eae71850f434e3,2
devgpt-a620fa069d22f3c8,0
devgpt-5904a25e5ec9383f,4
devgpt-906922181e7d3897,4
devgpt-3201f9b8551d83d4,2
devgpt-771c957845fa903f,3
devgpt-05cbfa81c02a5fe2,0
devgpt-01e26e107a91b892,2
devgpt-58006264a3870515,0
devgpt-7f618272f1139ec2,4
devgpt-7a7e05d71fb12020,0
devgpt-c4e4a9b31d276d79,4
devgpt-54d955a6a51606b7,0
devgpt-74ab4a9f8727f942,0
devgpt-92f4018ba115abb9,4
devgpt-5f2b4436dfe11cf2,3
devgpt-8cfa468bd74c3101,3
devgpt-29dfaad6e42869a2,1
devgpt-97c135d00b56aa81,1
devgpt-4773dfc1427bc461,2
devgpt-afbb38c8250f4af4,3
devgpt-de245d641610b178,1
devgpt-72f47fa56e0b235f,3
devgpt-44da361e3062031a,2
devgpt-1bcff305b19435cb,4
devgpt-689f127175547fa2,3
devgpt-a479139da51ac851,2
devgpt-5a33bafcb749787c,4
devgpt-32a57bf5750792a3,0
devgpt-cff764d630bc3198,3
devgpt-338d4a6cd32a3df8,2
devgpt-12300f98522fe3b1,0
devgpt-e9873e35403c781f,2
devgpt-a496c16531c8baac,4
devgpt-4a471bebb40cc626,3
devgpt-a36a123b43c9ca01,2
devgpt-f004ad1dad29ecc0,3
devgpt-f66e57a8eebcd17c,4
devgpt-b37e56b6ff97c2e5,3
devgpt-0575844841b8d015,2
devgpt-e0338c72887d29d3,4
devgpt-2946274440d78f1b,0
devgpt-0737bb49b48e82d5,0
devgpt-a5d3d0f19538ee28,0
devgpt-684f0584d65ea995,1
devgpt-b15e0b83c37cdca7,0
devgpt-18e51a060c92c09a,0
devgpt-8e4094e3fd719afa,0
devgpt-f326c3f12e57ee82,4
devgpt-f4f68a6e4137613e,2
devgpt-004b5154d30b8b7f,0
devgpt-7dc0266561c09cf0,4
devgpt-a4c43e733c79cb10,0
devgpt-66396a2694fe6ad6,1
devgpt-4b8bc68f839f6a1c,3
devgpt-3ee9f16777fcb60c,4
devgpt-9b04e2124b733c1c,4
devgpt-b9a9a8813bcbda92,0
devgpt-913ea56817b986bc,2
devgpt-5f0bb5481117fc48,0
devgpt-adfd28b85bdb3b09,0
devgpt-07a3e5c03f53670b,3
devgpt-f1dbfe0891275675,3
devgpt-8b43d8bb60001025,2
devgpt-8ae5354c00db1b07,0
devgpt-b1d29ff256532828,1
devgpt-15dea5997ec0977b,0
devgpt-e3cba3e736e01001,1
devgpt-c402a393eb043cee,2
devgpt-1c2ed7d6f55aff79,0
devgpt-8b8e66a37048a30c,1
devgpt-a693bfe046b7bd36,4
devgpt-5396491868d53e94,4
devgpt-ac5e5fd7e9da035a,4
devgpt-1948838115a41673,3
devgpt-a44d18099bd781cf,2
devgpt-b2b0f3f8bcdac66e,4
devgpt-9db6312580dbdb4c,3
devgpt-cc10495373df582d,0
devgpt-fd5abe4dc50a7783,4
devgpt-1b2d1226f6b507f2,3
devgpt-4e0c1fda20184da1,4
devgpt-48c34f7c52579dae,4
devgpt-857b829ff43d05a3,4
devgpt-1380eef786532379,4
devgpt-b462a2ba34cf4c64,4
devgpt-4b934bcb86a3ddff,3
devgpt-ef3b0f21af8d6ba9,4
devgpt-6293dd5f704acfc5,4
devgpt-b8466071fe008cb6,0
devgpt-b16d100a3c0d70af,2
devgpt-978935f29110ab55,3
devgpt-f04ff4536fd91d46,0
devgpt-7c55ccd240238fef,3
devgpt-0976fbd8e5d18f4a,1
devgpt-d213c83f34610f1c,4
devgpt-7cdf213a2c588cd6,0
devgpt-fa1c316bf360cb24,4
devgpt-b70abf2c3fdbd9a6,0
devgpt-33c95dcdbf90f3d6,1
devgpt-fbc274007efb5695,1
devgpt-243c7c64f0bcda52,2
devgpt-9bef2737a4c11b7d,1
devgpt-11f6bc5829e19609,1
devgpt-86196f0cac00e30c,0
devgpt-a3d1d0adf1291872,2
devgpt-7190a4824148261c,2
devgpt-462a88abf0fd5f55,3
devgpt-a0a7035ee2ba786c,1
devgpt-71585d84d18307bc,1
devgpt-f10e30b2c46c7896,4
devgpt-522da29c2b71a880,4
devgpt-33ba932e560d298f,0
devgpt-d9316e2e2a8758a9,4
devgpt-46d467c806923424,3
devgpt-0430ecd6a581d778,2
devgpt-d231d01970dabf97,1
devgpt-75a26608411d3db5,0
devgpt-0ed65c7d70435b23,3
devgpt-08b30ff154f941fc,2
devgpt-9d16755bcd0b3093,3
devgpt-2b8955f24f571620,1
devgpt-0b8c98f85c293b7e,2
devgpt-11bf7ad50bed2f4c,1
devgpt-1b318a22e6ac256b,3
devgpt-429a48841eaf890b,0
devgpt-f7aa76e9da7e40b5,3
devgpt-437f7116dfd57d94,1
devgpt-6bf4297cc4c37cf2,1
devgpt-f0f1fade2f2e15ff,0
devgpt-817da33c3c83ee77,0
devgpt-acbf51933b0949b7,1
devgpt-794d4f3a686a7cde,3
devgpt-53237351c6deee9a,0
devgpt-1388d0cd9e4fbdb6,2
devgpt-f9ba5bae30158f29,4
devgpt-e6c3096ce9c6abfd,3
devgpt-27c732d6ef1ced83,4
devgpt-2760b60332204e19,4
devgpt-bc6c5184de563daa,2
devgpt-a150d3e84ca4677d,0
devgpt-1a716824398c391d,3
devgpt-4b3202398713f4bd,1
devgpt-cf756c2b7ab170ca,4
devgpt-c8f3fd4f5e338dbb,2
devgpt-4bbd324d8ee5d847,1
devgpt-273a2a04e1ecb343,3
devgpt-41038eb643345dc2,2
devgpt-7950915d8470e1c4,2
devgpt-4c8aa51b4bc601ef,0
devgpt-5ab0eb4d4330dcd5,3
devgpt-4de3d7747eafb14e,0
devgpt-ddd7db3129d9a50c,3
devgpt-05e607dbf49f7541,4
devgpt-522b191bf7ced5ed,3
devgpt-2f7f30b6b54dac6a,4
devgpt-46dd702332415f7d,0
devgpt-7c760da9a9a98c48,2
devgpt-c6ae265443b42ec8,2
devgpt-edb4f00f74ccbb26,3
devgpt-afa24028b7a3c8f8,4
devgpt-ee1568bb3a2723d5,0
devgpt-839ea7bdf3f47818,2
devgpt-cf4028cbb21b1d9c,3
devgpt-8d1cf3fbd1d04d77,1
devgpt-a4e331d4f5099bbf,4
devgpt-12ef85998257c2ed,2
devgpt-c6993bf83055e177,2
devgpt-92794224431f2a43,4
devgpt-58078b1935294f62,4
devgpt-169409cff004b793,2
devgpt-31ad34b3f1d1cf68,3
devgpt-327af2f3abb3f95b,4
devgpt-ca9c7d1cfaf4825f,1
devgpt-4975c2f9189d918a,3
devgpt-76d082bc95e4b7ac,1
devgpt-7fb58e7949adb1fb,4
devgpt-e294a8343d076483,2
devgpt-1fe893c43b91fc53,1
devgpt-fd9bbaf8fa9fb687,1
devgpt-19b906da466791f4,4
devgpt-3023da747e67505c,4
devgpt-7d18e8ae2817ebdd,1
devgpt-672fd09ea2125755,1
devgpt-808831290630e991,2
devgpt-4b73f6a4ba566200,3
devgpt-f5e0a3980cf28d8b,2
devgpt-b67b529576016174,4
devgpt-59b293aca3f33336,0
devgpt-652a5344b15d7574,2
devgpt-33536e61bc24af01,0
devgpt-b1d0c2a19bd1b817,1
devgpt-68c5f5ed5c3bd864,4
devgpt-9a3a1621a29eacce,1
devgpt-b237eaceb83e8d2a,3
devgpt-7554862acce3a923,1
devgpt-40f3df66c97265d0,2
devgpt-0d922c42b07d03af,1
devgpt-7da9256f68be7a60,0
devgpt-e9ac67c02925578c,3
devgpt-32a08614e978ebab,4
devgpt-a4925130ffc7807e,3
devgpt-46039567e658132d,2
devgpt-4d078cd517113a28,0
devgpt-12f65c7898c3576d,4
devgpt-459cc67fdb1ee464,0
devgpt-6503b5522e05474e,3
devgpt-acd01ae5179b327c,1
devgpt-bf969b180384b547,1
devgpt-94a2f197a5b7d13b,3
devgpt-7c0705dc424dcba5,3
devgpt-20cec8d38d744931,3
devgpt-b480c3bf56e86855,2
devgpt-2d0dff5d03d18493,4
devgpt-3df1e0725baf9821,0
devgpt-fd957b5472ca6e3e,3
devgpt-b29288ec233183b1,3
devgpt-2453bc110f404bed,0
devgpt-a2a59bc2ded7b123,4
devgpt-dd12d52b131507a3,0
devgpt-0cb651dd44339df2,0
devgpt-df5af740017ad22c,1
devgpt-ec849279145336a1,3
devgpt-0854f35c470f8707,3
devgpt-8143e4447e6e0241,3
devgpt-999ffc44ea303636,1
devgpt-c0270fbf1805fffc,0
devgpt-71aba301ec931f9a,0
devgpt-f42c42f60ce07be3,4
devgpt-8c281b26613b9702,0
devgpt-ece9ea82bcbe6493,4
devgpt-3daeda85e863f1ff,1
devgpt-68d0476d84338c5c,4
devgpt-e605fe1e5e57d71e,3
devgpt-847fa5daf1452702,2
devgpt-7d8f7a6bc0af0399,0
devgpt-81de82a3292c6550,2
devgpt-567a81c6792770b8,0
devgpt-6406b58f1242ff1f,1
devgpt-a90b5eb63a3afcac,3
devgpt-78981753a0893bb3,3
devgpt-ce4b0067612295b4,0
devgpt-4fd5323b2751d351,2
devgpt-8a810045c2494201,3
devgpt-a5f3ac8c10fb39e3,0
devgpt-c4d8603f5e2980f2,0
devgpt-6b72850832e77067,1
devgpt-cb53353b1a7b3acd,1
devgpt-2f2416e236e95055,3
devgpt-a7ea0f6014f2b58a,4
devgpt-bb7f0a4ac4fac91b,1
devgpt-44a54dab2bee9542,2
devgpt-a4db90194a37f2bd,1
devgpt-50a92f482ba7956f,3
devgpt-635aeb5c340aeb75,3
devgpt-0d49a2573d8cefdb,1
devgpt-119f7621cca78429,2
devgpt-de9ef2b2a917f76f,0
devgpt-7d031ced5887602f,2
devgpt-55ca46d0b17773e0,3
devgpt-7053fc61113a5e56,2
devgpt-a54d73faca023ef9,3
devgpt-35e282983809ea72,4
devgpt-1fe4573a4d5ea572,4
devgpt-d99f91e7504bd84d,0
devgpt-d237c932d8737cc0,4
devgpt-976f4c9422431d52,3
devgpt-e0a18861c37e8c5c,0
devgpt-25b21e07b44e9eac,1
devgpt-293385c640b7d006,2
devgpt-a19cde965137e9f7,3
devgpt-e89f5504168b3793,3
devgpt-447570ba02c53e05,2
devgpt-f03b17054913a21b,1
devgpt-84746cb007dfc1e7,1
devgpt-2efb82d5bef1d345,0
devgpt-1991c802f9e00db9,1
devgpt-e867a639c32c86ad,2
devgpt-facb66e5bb1a31c7,3
devgpt-286e780063c768f6,0
devgpt-952e9e2f21d5a4a9,2
devgpt-c57c1303ba6c18fe,1
devgpt-ba28f21b05764c87,0
devgpt-8b9cb885a71c8011,3
devgpt-e28aa4b88bc335a5,2
devgpt-f0e5f2def009c216,2
devgpt-c1a6787d8ec3f07b,3
devgpt-a597ed82e9d2a76c,0
devgpt-4df1bab9db2e2efb,3
devgpt-71a964c13e432129,1
devgpt-157c79540cd960f2,2
devgpt-9e6e8cd6dc5dddd6,3
devgpt-3535841faea7a0ff,1
devgpt-1a3e42db138a69ec,1
devgpt-c991424fef5ad39f,1
devgpt-bbbe96aa10e3f056,2
devgpt-cfd1e32c3f1a44ce,0
devgpt-16264d57a384f23c,4
devgpt-89519740c6c2dbb8,4
devgpt-09e20874d40db4ae,0
devgpt-7686cfa7988cf78e,4
devgpt-512ded40570cf88e,3
devgpt-cd46fc9f7eb35565,1
devgpt-888d0efd33c9cf09,1
devgpt-8758b55fcc2efd2a,2
devgpt-74e4d9e20bed5104,2
devgpt-de035c39ebc98c94,3
devgpt-b96ed0e8f41951d4,2
devgpt-62ca918542aba2ea,1
devgpt-8a7a11cbed9e7308,3
devgpt-ff39e38535db3a1d,3
devgpt-dbc89e1721853640,0
devgpt-80618e0ef44270aa,0
devgpt-8dc1977f3db7bcba,0
devgpt-ac3b9f4c57679f5b,3
devgpt-f378dad673bf66b9,1
devgpt-fb7f9a61711d8e49,3
devgpt-f190af5360c13b95,2
devgpt-a72b0cea543c8a18,4
devgpt-d3e6e6ee7e76bf39,3
devgpt-1944d3ba7ab58241,4
devgpt-b284f5f3bbcc1d87,0
devgpt-af6377beae75701b,1
devgpt-12c6726e3c0d8b64,4
devgpt-40194adfbe6be738,2
devgpt-18381b5a7902d490,1
devgpt-f791d3e40a6bae2e,3
devgpt-cde8544f3e750f2a,3
devgpt-02ec5df51797a3dd,4
devgpt-55fd98dc404bd8ed,0
devgpt-d47f80ec1a4d88b0,0
devgpt-6cad9610f490edee,2
devgpt-a918db99fd8e1f64,0
devgpt-7ee412f488841596,2
devgpt-26f69ec926bff36c,1
devgpt-38c374dce68d7b9f,3
devgpt-c4f7eb349f6b0b71,3
devgpt-c567b65a84e885fa,4
devgpt-1207b2f2cc36efdf,0
devgpt-c316c129e10f2060,4
devgpt-62fc8dd842818d98,2
devgpt-7e89d8ee4975c743,3
devgpt-170ddafafac61078,2
devgpt-91b344f9a71f4f77,1
devgpt-90eb27dc76728752,0
devgpt-0c391f0023553f2f,3
devgpt-0ecff7a11676e3df,0
devgpt-6fc3f1613824892f,0
devgpt-86e6cd2f061a73bc,3
devgpt-b671e65f09521ac0,3
devgpt-ce137398b4dde1f9,1
devgpt-69d75d9409af7501,1
devgpt-235fc2599f0f1671,2
devgpt-e3f55e186d01d313,4
devgpt-f3c2f3adb55503c9,4
devgpt-b2d29ebcb3898978,4
devgpt-e4c81e981298321f,4
devgpt-868ad9f1266e5ffc,3
devgpt-4dce9da5f58f45f7,4
devgpt-c72cb99ff298669c,1
devgpt-64e628081635c118,3
devgpt-da1f42b3bcaf7fc3,0
devgpt-b2e2e28d6706a401,1
devgpt-b8aafb77af325659,2
devgpt-2893275a19cf49c6,4
devgpt-535b5e732eba7308,2
devgpt-9f0d712a37a01b13,0
devgpt-ee2e8ac008c6548b,4
devgpt-c2c522866b3d00fb,1
devgpt-3b9a534035605ead,1
devgpt-f962241b0467e514,4
devgpt-2dff762ffa1e2744,0
devgpt-47a227052c4db104,1
devgpt-6840bc3bef7661d8,1
devgpt-7dd9fcfd5fd69a77,2
devgpt-6a953acbae3d087e,3
devgpt-6cd8642e00611cf8,1
devgpt-9dd7a76a09a3981a,1
devgpt-7737bb781b03396c,0
devgpt-dd1eb07f1e75c937,4
devgpt-7d19baa4620f1a7e,1
devgpt-8e7aa5454b2f72ba,2
devgpt-f5a2c06332a09cda,4
devgpt-067d75fb070018f0,2
devgpt-839dd3ac9a3b223f,2
devgpt-a497be6404d0a88b,2
devgpt-6f093c7e359f75fb,4
devgpt-d2e89d50923cb02a,2
devgpt-4025a3ff2daf3814,3
devgpt-539bf9fafdda2a5d,4
devgpt-65cd4d4bcaf77721,3
devgpt-17630fe9e34ed668,1
devgpt-6fb7cddb8af21204,1
devgpt-aa4561fc7be7546e,3
devgpt-709d35fae1135723,0
devgpt-aaba6d97c1910942,1
devgpt-a341cea58b52b8e9,0
devgpt-e6d46693b7aaac7b,2
devgpt-102d9f1089b74334,3
devgpt-4cce772f5bdb69a7,3
devgpt-05556e29c9d6e6cd,4
devgpt-c8970fb571d96de0,2
devgpt-730861b38d9ec914,3
devgpt-a9af40dc5ecde9b4,2
devgpt-9b33490a148898ca,2
devgpt-f08d7f64fab0e212,3
devgpt-3111677799d06b81,0
devgpt-25935952ede4100f,0
devgpt-4a35292ade6df530,2
devgpt-6b378a6d34c83cfc,2
devgpt-90ceb0d06fd6e071,1
devgpt-c90d589e83739827,0
devgpt-53fff2e36b8f7bbb,1
devgpt-0ff28cf8a4fd0592,1
devgpt-935754f73a36e092,4
devgpt-20924f8515de732e,0
devgpt-558da01418e4d04b,2
devgpt-d8755bf11725624a,0
devgpt-7c8d1bdda7a76331,1
devgpt-54cf52eb9b97ac01,0
devgpt-9df41a29b962a7fa,0
devgpt-c6e9eee1ecbb5658,0
devgpt-5a5fe89d89d64d78,0
devgpt-2fee49f88fc697fe,4
devgpt-a01d9ccf5fb79139,2
devgpt-2929ab0613cf1cc1,3
devgpt-aaa67ab21f8759e5,3
devgpt-5d903cf4c2b56fb5,1
devgpt-453f269e4c032c96,4
devgpt-c22d0ffad3ee526c,0
devgpt-1b7e4881a0937d3a,0
devgpt-e38d1dfb752cf1f4,1
devgpt-66602f8dec88f35c,4
devgpt-7dcd25a180df8a15,0
devgpt-a9f2fe5206553cc6,3
devgpt-86475deb6e00ebbc,0
devgpt-ad3f3d1c6e7ad1e7,1
devgpt-8232c990521d2311,4
devgpt-93b5dd0b75d3664a,3
devgpt-5fa67eef90e09340,0
devgpt-aa11f9e133395676,2
devgpt-56a41c5b996d42d5,0
devgpt-d6e9d0351df017fc,0
devgpt-5c444cb486618333,4
devgpt-245819d7f046c2ca,2
devgpt-b43941bb4ebc86df,0
devgpt-fba23e5bd82654d4,1
devgpt-d1ff3a6a30635db6,0
devgpt-0e6e0a2d7954a4c6,4
devgpt-102b04028f716b44,3
devgpt-4b8ec91b25ba187b,1
devgpt-4ef65de2b2690335,4
devgpt-81da429e89b8da1e,4
devgpt-887289a4971792c5,1
devgpt-d42873b84b71c414,0
devgpt-5d07cbb2d8b4a9ca,2
devgpt-75c07acdb4289f8e,4
devgpt-7c748780199157ba,4
devgpt-bf99343293cde657,0
devgpt-3e7f2a0821862ddf,4
devgpt-376d07eb03f64865,2
devgpt-f28922a6eb35ee59,4
devgpt-eaf08706f71a1b0a,4
devgpt-54fef5ee2adbccd9,3
devgpt-df0ff71db4be70bd,3
devgpt-708c95166813bd51,3
devgpt-e83a67f6f23998c2,1
devgpt-b6321a70136afdf8,3
devgpt-eb0138df896a40f3,0
devgpt-b81eb950b202fc11,3
devgpt-a73b42c08c3f4cf8,0
devgpt-42039d7160ec80fc,0
devgpt-3d862129cecbc4c2,1
devgpt-d9d77e2a17a85dbc,3
devgpt-e3ac5c6a3d7033e4,0
devgpt-1533f5d43042b1db,1
devgpt-9922c67f46a8494c,3
devgpt-d5fe2cbc4a716cd7,1
devgpt-997d11180beb8dd5,3
devgpt-6e638389cd229f7b,1
devgpt-60b26741a45003b5,2
devgpt-931eae148838fbd0,2
devgpt-04b257b8778b4584,4
devgpt-784c31511103107d,4
devgpt-a6784d4555a5e4c8,4
devgpt-edd70bd86bf38188,2
devgpt-b677c2d37cf6f8af,3
devgpt-916b0acece9db8fa,2
devgpt-edba8aa8be5777bd,0
devgpt-8bab534890dab380,3
devgpt-5c997ef4d6f2762c,1
devgpt-96aad8359014a24b,1
devgpt-fb1a733c6543efa1,3
devgpt-5390b9ca5c1a6851,0
devgpt-1689556b1692d2ed,1
devgpt-80325d20c28f625a,4
devgpt-33d408a6228448fb,0
devgpt-5c80fb00195f1186,0
devgpt-df157ea379d3b524,1
devgpt-fdf4c46bdb848525,0
devgpt-76c8df5ec1aa79c9,0
devgpt-45caa9ec5aa84e25,1
devgpt-af240e16b4d43ab7,2
devgpt-e6de3bd91b9a7480,0
devgpt-a38df91d95eac02d,3
devgpt-fd306bf70e256e23,1
devgpt-af8668a19e137633,0
devgpt-2e22387f470e2953,3
devgpt-96cfbba39b641489,1
devgpt-1f8791a0368c0a09,1
devgpt-c83c87b94ac0ced7,4
devgpt-e4f8c130c684c37f,1
devgpt-f95f69fa38b5060f,1
devgpt-72cd81aac65cbcd3,2
devgpt-e5d2e4c13c136bd4,1
devgpt-6ddbfef91b263f25,1
devgpt-b536b5898174daa7,4
devgpt-877a7d996dcd1f03,2
devgpt-acc4c724646b1f2b,2
devgpt-1d63721636b9081c,1
devgpt-dfb6719607bd24e3,0
devgpt-5a52c2e35c20b0b4,1
devgpt-39873b9c39d64c0c,1
devgpt-9fcbdc237346f63b,1
devgpt-20e6ebe42e7c4df1,4
devgpt-2947c980bad40571,4
devgpt-b54b0249d89d102f,1
devgpt-911ca36d686e06c0,2
devgpt-af9afa047b75c990,0
devgpt-749c2b82c344984d,0
devgpt-080a082315919c2e,3
devgpt-87e567c6a435e5ff,2
devgpt-e39a59790032a46c,2
devgpt-1261779a5c77e6ca,4
devgpt-66c10f0e0a835246,3
devgpt-c660d827f3faaf9e,3
devgpt-25046ada72cfb9ff,1
devgpt-cfdfd09f3f89a3d5,3
devgpt-4317d7ecc02a2269,3
devgpt-c0791c531b67342e,1
devgpt-209a2a0010c2a06c,0
devgpt-563449c8531d44c8,1
devgpt-80afb6b4a4fb532c,3
devgpt-4d32d43a19a4732f,4
devgpt-08c34175e75e80b4,2
devgpt-1a184561f89bd412,2
devgpt-f3074e58104fff10,0
devgpt-7b90f774f177013d,3
devgpt-644330a891713edc,4
devgpt-0cb6b37528394821,0
devgpt-c108dc47d4fbf435,4
devgpt-4ce1b390bd5f7935,3
devgpt-a5f9c118161e6637,1
devgpt-8bda1148a284ee06,1
devgpt-886aa34587b4fbb8,2
devgpt-ed3e3d4af20c5122,3
devgpt-5792373047965c1d,2
devgpt-a9d952284a08eada,1
devgpt-cf6ab8bf383999d3,0
devgpt-3ca0398c872f3265,0
devgpt-da924662d349ae30,0
devgpt-2c6c51598fd4f81a,3
devgpt-1f5991e5dfda9ad8,4
devgpt-39443136feb74b54,0
devgpt-2b0888d98f84c930,4
devgpt-15ff510cc1ea66de,1
devgpt-a4c9245977d6bf21,2
devgpt-4da80320ed8a5ac2,3
devgpt-5a38c39fbe1928c8,3
devgpt-a3567b23d3d9aeab,3
devgpt-1e09ea77ae785674,0
devgpt-7b38b32bd33c4a40,4
devgpt-754e1bb537638eff,0
devgpt-90acdf4bfedefe3c,0
devgpt-b19265c7ca69ad17,2
devgpt-a6b45bd704c629a5,1
devgpt-e657c37587f83b18,4
devgpt-24f6e8a9541142ef,4
devgpt-a813b687a0516a5d,2
devgpt-f075576ea41a2862,0
devgpt-6df7f0c5c970bdf2,2
devgpt-43ecbc26829d2171,0
devgpt-bd2bab0b705fcf16,3
devgpt-d6bc87f15f128060,3
devgpt-53aa8c14d9e5e85e,1
devgpt-7c33dd8b469270ca,1
devgpt-e008597bab80a87d,3
devgpt-5e3b77b2e43ea77d,2
devgpt-cd224172f63592dd,2
devgpt-bad86d59ed08811b,3
devgpt-9f3f51d44a04db5b,3
devgpt-ce279693038fb6b6,2
devgpt-2b4b3c90615d388a,4
devgpt-b6f77ec7af74283d,1
devgpt-a5e3841a6ea68ed9,1
devgpt-17916860d73a0a00,1
devgpt-d95da5e692261f56,4
devgpt-f4f74db1ff17a4b4,3
devgpt-acbf575748ddad20,2
devgpt-05ff5deacf6b4cbd,3
devgpt-3ec84e6d611a0292,4
devgpt-2bc6ed9f6892aefd,3
devgpt-aff9eb310c9ae0e6,0
devgpt-debc350a2fd4c9b5,1
devgpt-1c24113c95478ca7,0
devgpt-ee75822fb16b5a88,3
devgpt-83f5dce2c2c9b010,1
devgpt-49b1069488b56a8d,4
devgpt-c28a02c19c182f02,1
devgpt-2059728ad3018760,0
devgpt-10664b274a0e2775,2
devgpt-79527cfae879d4a3,3
devgpt-9c3edc7d8b942d33,1
devgpt-841183e4f3f198b1,1
devgpt-0a90bea939884272,2
devgpt-51602abfe0fb9b47,4
devgpt-b52a770c4fa53018,0
devgpt-b74f86fba9c54dcb,2
devgpt-d109c0e1e864c923,3
devgpt-51a31e35ce936af2,1
devgpt-494794179c90536a,4
devgpt-a03d5b82c3af1a3c,1
devgpt-9c446f939099a9cb,0
devgpt-6f2c32508b6a63b7,2
devgpt-6c425a5e2f5b3484,2
devgpt-519031fa0f2f7a1f,3
devgpt-c151d587d6769dc6,4
devgpt-c618be5cdfc38a5d,4
devgpt-2746c8cb5ededf50,1
devgpt-34c080e01715baac,4
devgpt-282de8cf665d35bf,1
devgpt-a47570f0f5f52a2e,2
devgpt-805996f181a422af,2
devgpt-903d5bb49d7791ce,1
devgpt-ef2be5f6c27186cb,2
devgpt-06f80e3d1f28f7b4,1
devgpt-76a3b42afd51980f,3
devgpt-bc5ad0fc8e46ee67,2
devgpt-560e34d4acfde5b6,4
devgpt-f49291e6e40dc536,2
devgpt-a0239e3867b0f269,3
devgpt-96a79448c38bca5b,2
devgpt-89dd23a936ebd6a5,2
devgpt-0a170ab66f93f802,1
devgpt-28c945ffb3d7cd13,4
devgpt-7b051c5aab5f5958,4
devgpt-8443a1f223cf4b56,3
devgpt-7f6322ef43e10670,1
devgpt-f704769c86429b9d,4
devgpt-e64bcc4c85f51b30,4
devgpt-7c19a85a3404ebaf,4
devgpt-f928eb89c6d4c703,2
devgpt-a6089c972db9295f,2
devgpt-d1f4c19f3bf9c7d9,2
devgpt-14c33f8a5067a3c3,2
devgpt-2fdb48ef7da17af5,2
devgpt-f5136e4539198f3d,2
devgpt-60b630751e8f41b4,3
devgpt-05ec5d5b6d7eb2bb,2
devgpt-1aef4be18930d0e2,1
devgpt-227ac35d088e0d5d,0
devgpt-22f3d155ab211296,1
devgpt-bea7f782a4505c7d,0
devgpt-ed809f06c94c9183,1
devgpt-2079808231f614e6,0
devgpt-45706b12fa92968a,3
devgpt-a07519d336ba09e5,3
devgpt-e6330dd281370345,1
devgpt-e2b225a8224bd743,2
devgpt-6f935daa0281d413,2
devgpt-14a90a36ea25b1cc,4
devgpt-0bd6fef937f81be5,3
devgpt-ecf3429995932624,0
devgpt-618ffff388b6f144,3
devgpt-a9aadc9b2eb9e097,0
devgpt-f27e5d793ec71bb5,4
devgpt-b46af440db25e4d7,1
devgpt-636a350bda33cedf,2
devgpt-bfac05b733413990,3
devgpt-f406f750604b94ae,4
devgpt-6309816d29cc5d4b,4
devgpt-20dea1e86197853f,3
devgpt-31ed40b859baa500,0
devgpt-3c3fa2fa58a8f478,3
devgpt-8b7af071d988bd8a,1
devgpt-88a00051047a1b32,1
devgpt-8305915bb8662f83,1
devgpt-161d9152c906324f,0
devgpt-97fda4f798603649,1
devgpt-152dfd05e3417801,3
devgpt-f02aa26cc0f8f162,1
devgpt-16b76d8f0adb98ce,4
devgpt-efc95690101e9c42,4
devgpt-f562152b948ef94d,4
devgpt-f37e4d500f8e4b80,3
devgpt-fcb0e8bd0a704e4d,4
devgpt-1e560d3a89d559b3,2
devgpt-21ce56d006121668,2
devgpt-086e9737f71d4a8d,0
devgpt-145497bb7ee59b7c,0
devgpt-af3d75e10532ac2f,2
devgpt-e173ad3cf97fcec9,2
devgpt-e786ddfdfbe3ff43,2
devgpt-085d765ac2a26381,2
devgpt-9068bb8fcab800dd,4
devgpt-e51e1ccc61b9146b,2
devgpt-5a0e246077ccba78,1
devgpt-1917082504e26d9a,1
devgpt-38e575dbcbe4e1c8,0
devgpt-b7a8054ec43f7c83,4
devgpt-7ba34230731f55ac,4
devgpt-98cb2e0fa7f769ed,2
devgpt-76077cefef973d91,3
devgpt-a14520bb376de7c8,3
devgpt-57afb28cc4ced38a,3
devgpt-063bc59f268f4086,3
devgpt-c0b9a542ae75c100,0
devgpt-05cf486ba8da5d89,2
devgpt-c614c6ee92d59162,2
devgpt-4fe746f6ec8c59b1,1
devgpt-aa51c1b892f5e336,1
devgpt-b4a60b4f0635de22,0
devgpt-e011b9b9d6a21fe7,1
devgpt-c4a4c111216055c5,1
devgpt-f2d2ca351f5dd50b,4
devgpt-09deef40e3a07b73,1
devgpt-6a54ba6ba8776edd,1
devgpt-cffd050eea3551cd,0
devgpt-4936983e0eda0da4,0
devgpt-7a542def428bea48,1
devgpt-fdd36ffdd40c7c82,1
devgpt-bd2bd8357e77a338,4
devgpt-a5696ee709d15e5f,0
devgpt-0fc35669645f8fbe,4
devgpt-28c4116e0703cef7,1
devgpt-5decd97643651e71,2
devgpt-dd07ec5ea7a252ab,1
devgpt-a1c86583acda29ea,0
devgpt-e833273264e2c692,3
devgpt-6ad990c4ec13eaa2,0
devgpt-88681e062ff184f4,3
devgpt-a7dfa782cf572251,0
devgpt-1fdf240dc247bd20,0
devgpt-f63d78736d13b8d8,1
devgpt-26355710c4d97781,0
devgpt-6f942687d340ef9c,0
devgpt-572ade13e60587b2,4
devgpt-4d9be9a07b651aa4,3
devgpt-c3a77dc72a5176f3,0
devgpt-4ef5d924b60303dd,4
devgpt-3d9213da32ffa96b,1
devgpt-5680319906257887,1
devgpt-e7dc8b79e2c830ad,2
devgpt-9328ff6720383835,0
devgpt-7a0424f144c5f680,2
devgpt-7a2ba4a51bc801d6,2
devgpt-e497232ea21f295a,4
devgpt-7a71ea7e71bb7ebe,2
devgpt-968fe1d6e440462f,1
devgpt-79320e0650a29ae5,2
devgpt-bf0eee60a44be413,2
devgpt-279f27ee4c4e4910,2
devgpt-a76d421c3d0b6ac2,0
devgpt-42282120b5eef5e2,3
devgpt-6cbae4c7b3086e06,3
devgpt-9382feb6368640b3,0
devgpt-0d3284ec77c2311f,0
devgpt-f46bee1676e37b62,3
devgpt-438c7646c212974a,2
devgpt-589e139a654094a7,2
devgpt-8f858b4d2a81e185,4
devgpt-3aa2b891d9096184,2
devgpt-6fc063c37ffb0d1f,2
devgpt-2bcf51f3a033158c,0
devgpt-e45cf57af6f10c16,1
devgpt-fc09ce301b04d1ef,0
devgpt-21b7eedd47fa2c27,2
devgpt-6cae640a2147b214,2
devgpt-19bdd9dc01601fac,0
devgpt-8076f50d39e765a7,2
devgpt-8e2a74b48c9cbc10,0
devgpt-a9065d853a987e51,2
devgpt-e02f1979ab0714f2,0
devgpt-3dd30af1c964f22a,3
devgpt-d5d5e37bc9a0fdfb,0
devgpt-ae3f135b2fd6fde5,0
devgpt-af96d2e4fec128cc,1
devgpt-c0dec52c70ca06c7,1
devgpt-2575b4d7095c28d3,2
devgpt-8316a28459a4f3d8,0
devgpt-6b7ed65cce87e272,1
devgpt-c3571922ebb6e0c0,1
devgpt-b546b8d970fa0966,1
devgpt-519bf8da9a3bedb4,2
devgpt-1a18d65a32a13eb1,1
devgpt-b2f9b2c5362ec522,1
devgpt-83547a7c1fc9f28e,4
devgpt-eeff45fd0fc45aa8,2
devgpt-40290df6f6525850,2
devgpt-dd883c968b65ac7d,2
devgpt-18ef7185a997b176,0
devgpt-799feed03b6e8d1d,1
devgpt-4b58e647c9fef7e9,1
devgpt-79079dd45c3cb01b,1
devgpt-96fab82075437a8a,0
devgpt-b4cc38691689742b,3
devgpt-19425e59ef2117a6,4
devgpt-40c361d60db53117,1
devgpt-47704a87420fdb4f,2
devgpt-c2cd9de3e04a27be,2
devgpt-c0db62080788a089,2
devgpt-3d1a2bd0c7840004,4
devgpt-a616d4b48fcf8c5c,4
devgpt-a963740f7fc7d4fd,2
devgpt-b43b847e50ebfe06,1
devgpt-5ec5953b06e09128,0
devgpt-06f98ce6f3a7f59d,2
devgpt-2aaf7cb04929ebf0,1
devgpt-7f7129190d7865aa,2
devgpt-9e4e75cb33776c44,0
devgpt-e37467589d4a2f71,3
devgpt-e988618de3bae6c1,2
devgpt-0a02653613695ac6,2
devgpt-a263c32978e4beaf,1
devgpt-04cdb1165a4124be,4
devgpt-99f095f02dcf92b5,1
devgpt-bfa96fd1a0ebc296,4
devgpt-758c5920426e4189,2
devgpt-5815905d1eb48777,4
devgpt-9ea8765e955290a0,0
devgpt-2684ae7af5d52c49,3
devgpt-65a8991ae2fe0f7b,3
devgpt-be9cbddb6855e91a,4
devgpt-e6e5ed7991192cc7,1
devgpt-0adb68eb69b4974d,4
devgpt-487c46b5efc55719,3
devgpt-7f5367bb212e77bb,4
devgpt-42fe2cb7956fab49,0
devgpt-e364c569bfc42214,3
devgpt-5857eb458801db43,2
devgpt-511f6b444f4712c1,4
devgpt-c672ae8ab19d2f1b,2
devgpt-bf9fd6de612ea5a5,4
devgpt-e8e0dc31159b087e,3
devgpt-719ffac089340375,1
devgpt-f0fe3ba7c354e9c7,0
devgpt-364fbaa6ad2d53eb,1
devgpt-46632b35a55b9896,2
devgpt-7a263e930a00894f,1
devgpt-2afa738d49051da9,4
devgpt-640a88dd47d6ef30,1
devgpt-18515f3ad6c52ff3,3
devgpt-424aa69b0ee1c719,3
devgpt-550952a4f01ce717,2
devgpt-32729bc1e3658020,1
devgpt-d7c8d7a2add31edc,0
devgpt-8a29917cee035ad2,1
devgpt-c74d92011cdb6577,4
devgpt-8c5f110342bd87c4,0
devgpt-eb47cbec6d55864f,2
devgpt-4a480fae4ab03331,3
devgpt-20186f10cd6d4532,0
devgpt-953bf71720e06b3c,1
devgpt-a7d707dfbe61cfd1,2
devgpt-1e4a95df406f11a8,2
devgpt-16ea6558b04bcf5c,0
devgpt-c0a605f65de723da,4
devgpt-84cb19b22e31d6f2,4
devgpt-4de82dcf8fd1c5f5,4
devgpt-bb0f55fd9732df49,1
devgpt-3ee94c22039f9bb5,4
devgpt-e9565d7cc7985e4c,2
devgpt-2394a8ca6323584c,0
devgpt-11b227671378fce6,0
devgpt-bf3f82b073b19adc,3
devgpt-6b05cb7fe8e19a3a,1
devgpt-8bcabe564a77e4f9,0
devgpt-e6cdedddecbaaa4c,2
devgpt-bfb85fe23b4756a0,3
devgpt-bb474aa1f47358ce,1
devgpt-1e6f27ee69e175ca,1
devgpt-7ec0e0a6bcb086ed,4
devgpt-6ce51699137ca41d,1
devgpt-44d05ec4bbf9011b,1
devgpt-f3194730f7579142,4
devgpt-8512a16517dd38c5,0
devgpt-505205c68a5f4212,3
devgpt-975d51e516053462,4
devgpt-cce622dd2d3278e3,3
devgpt-63bd0cafde82fbc9,0
devgpt-564b97cf96eb8b7c,2
devgpt-3a075baf279d0327,1
devgpt-f9e0ba2a69b6850b,4
devgpt-e391d3f0bc221dd7,1
devgpt-17551d934295b9df,2
devgpt-5222fdafb5e7796b,1
devgpt-5d3e48d48fbebc53,4
devgpt-b5b676b9d82fbeeb,1
devgpt-0d4dddb845c7514f,3
devgpt-6cab553bf0ca9cdd,1
devgpt-9af5d7505a4b3195,3
devgpt-13de21ee1cdc2c9d,2
devgpt-9713802ae3a19107,2
devgpt-b14c33d3390af344,2
devgpt-8b3fb5209ba893cc,4
devgpt-a5f388d757d511a2,0
devgpt-d1ae535d61480156,2
devgpt-618d012a403fd9b7,0
devgpt-a065fa4f3fa3f5e9,2
devgpt-a74b6c39975c24f3,1
devgpt-f845dd42c946d58c,1
devgpt-2c949babad3c94ef,2
devgpt-2bc0d5d398ee5ad2,2
devgpt-c94c4ecb3b1352b8,3
devgpt-6b74ee1dfb03f9e2,3
devgpt-43b8e04c95167081,4
devgpt-8ce441189e43c861,1
devgpt-230b9979cc69c82a,0
devgpt-efe29e9d36c9e0d8,0
devgpt-f5278142d002724e,0
devgpt-8e9d1e9a249051dc,3
devgpt-9e0cbf9d03570d10,1
devgpt-2b9b8f9bf8c7e7c8,0
devgpt-4bbfa82e9badc000,3
devgpt-eb3a4eab9bd47faf,2
devgpt-3bed3c59d9897cd9,3
devgpt-9c3982fafe9cce58,3
devgpt-13acabcfc2e714d3,2
devgpt-e75bb33ecc7cd609,0
devgpt-b580fd15b81d91d8,3
devgpt-7112594d36136644,2
devgpt-234fd115282cd82d,4
devgpt-409a9e1b4de748e8,1
devgpt-93b15bf6ac19ce72,4
devgpt-6ae8e6b873894d71,1
devgpt-afad55b871e67612,0
devgpt-27fb96c7b15af54b,1
devgpt-df7c236352b0ffd6,0
devgpt-51ff56858fdad57e,0
devgpt-be5365d87b909da9,3
devgpt-6b48799bb0f637f8,0
devgpt-fe03e312c063ea1b,0
devgpt-d21da6e35e6105f5,3
devgpt-e0e79faac1f7ea8c,1
devgpt-d8246315f7c95788,4
devgpt-bf581f57061585e8,1
devgpt-959a1f07954cf94d,1
devgpt-cd678705a0c5bd84,4
devgpt-f5cf3bab6c813071,3
devgpt-aa280a0b84786b49,4
devgpt-511a9ba7d006b4a6,1
devgpt-de5914e605a83f97,3
devgpt-fc6493cba09bf859,0
devgpt-160b66fc6400f323,3
devgpt-b2ef0435796d6c32,1
devgpt-dddceb8a695f258c,4
devgpt-b1714868aa217eb3,1
devgpt-4a45cad62747029a,2
devgpt-dfca332b07b918ef,3
devgpt-44f45793b45e217e,2
devgpt-706b3e267100a039,1
devgpt-3fb90bdb7a01ceb0,4
devgpt-5cdae1c1818a1ba1,4
devgpt-a14c17aa509b0309,0
devgpt-300925650f50c57d,3
devgpt-1622b724fd922e74,0
devgpt-87da80eab4a11df7,2
devgpt-751fe67b940b3c1f,0
devgpt-76ce6b3aac093b90,1
devgpt-696a85c52828544b,1
devgpt-86970713c746108a,0
devgpt-f43994741be82cf2,2
devgpt-d66224175fa4196a,4
devgpt-f5613e9937da54da,1
devgpt-07a4efb1c2c15c99,4
devgpt-8fa4b987ae9b0bbd,2
devgpt-75fdc2474097f7ce,3
devgpt-11fdc9c30f501586,2
devgpt-a9559848a5a1f38d,1
devgpt-890e76889f0540d6,0
devgpt-62cf3755e43c2437,3
devgpt-3ee6813895a4c810,1
devgpt-f8ac025d529f00c5,3
devgpt-fa18eb7b80b611c9,2
devgpt-28dbdcab9c8ebb1c,3
devgpt-1b4ce075ff0fad90,0
devgpt-539eabcb943c83f1,4
devgpt-f67298db9436e466,3
devgpt-eab558d73b093457,3
devgpt-7e077fbe858eb47c,0
devgpt-b1eaad1779f7c9cf,4
devgpt-85d04e91a07974e1,0
devgpt-d831ce418fcb40eb,0
devgpt-f055b23753838bbc,2
devgpt-c14b14b71716ccc4,2
devgpt-00d267aac328966d,3
devgpt-1eb19f37833e2acc,3
devgpt-cd7a0074a3e55925,0
devgpt-157a6143b9cbd95d,0
devgpt-f03fa02a548e814a,2
devgpt-73111b4bec995861,4
devgpt-0b450b8a4a74f073,3
devgpt-0c4cc90b7cc32ecf,1
devgpt-5301a395c9df37c3,1
devgpt-9f5afa246747d65e,2
devgpt-239912e2f5cad9bd,4
devgpt-858bce2d3b576715,3
devgpt-a7813fca1ac251fd,4
devgpt-f2752f4c167b6ea5,0
devgpt-f7b001d358509793,2
devgpt-9924e379c26b239b,4
devgpt-d7b63dec2b150107,3
devgpt-16f82337d1caac2a,2
devgpt-13a2510a755ecf42,3
devgpt-ca6781ef5d2c606a,2
devgpt-e0c074fbe0423ba7,3
devgpt-be32fb8329858307,2
devgpt-d69b75c97a54a0ee,1
devgpt-89bb763791b18d74,0
devgpt-bb9eeb896cf6dec9,0
devgpt-c744973872549de9,4
devgpt-8f837f93f2d9983a,3
devgpt-4856156b2685e0c4,1
devgpt-7b343098fd0fefea,1
devgpt-d0c1edcfce38b860,2
devgpt-8b7f841d5dbe5260,4
devgpt-1924da703ecf945d,0
devgpt-f955a1ee84ca3016,3
devgpt-0b49fa0d7521b5fe,1
devgpt-fc39400abb980a13,3
devgpt-6be7d1f8bc7fca2c,0
devgpt-0de1e5dc87a4a2cb,1
devgpt-18bd5b19a0e7005d,1
devgpt-06e4fe6267d00809,1
devgpt-05464c3a93bf0ebb,0
devgpt-27988b2405d290e9,2
devgpt-3ef5941e22e9aa14,3
devgpt-fab7a8232cc4eba7,2
devgpt-d010b45f777b3e00,4
devgpt-a3c0a234ae262c41,2
devgpt-87007d18a8e3d2eb,2
devgpt-b814b787cbc758e8,3
devgpt-f21850bc1ee38dd0,0
devgpt-2759cb1e295a050c,0
devgpt-6fca1f9b090d8a70,3
devgpt-9e7f9c7eb06b600e,3
devgpt-9dcef5fc7ab45d72,1
devgpt-773df9113bea00fc,2
devgpt-52695c4e58589319,2
devgpt-18d405274780089d,4
devgpt-c3813cb3632c1699,3
devgpt-100d0bba4295865e,1
devgpt-cb3c525c27710bfc,1
devgpt-a9a1adbdb613d1c5,3
devgpt-07184bf43533a154,1
devgpt-e8af4b3c3d404885,1
devgpt-1d9cecec2f9fa403,3
devgpt-662ce2e823ec623b,4
devgpt-c56d18a6668a779d,3
devgpt-3471cb041a2c5673,4
devgpt-e5eaa904886ebff4,4
devgpt-84a9e398e0fe6cb6,4
devgpt-b19d76d3d9d591ce,4
devgpt-12c63183d23cd73d,0
devgpt-f739c1489e9d152f,4
devgpt-6d173db4249a0371,0
devgpt-c7795506e43ecf66,0
devgpt-37eec49e3f5ec41b,2
devgpt-aa70623be69022f5,3
devgpt-bf9b49e47c169ecc,2
devgpt-a7330a31c438dc15,2
devgpt-25a818f791dd4c93,4
devgpt-4c122ced20a415e6,0
devgpt-bc1738711e7ae692,4
devgpt-92f37c94f5b45953,1
devgpt-c53d52f8b00bfcdf,2
devgpt-78478e4394641bb8,0
devgpt-c99aef6d7ad05109,1
devgpt-d582b92c6c50be0b,0
devgpt-cb8a2871245a2002,2
devgpt-978df2d94eaade19,1
devgpt-426a6c28ca0c15b1,2
devgpt-77149cc1d238f2eb,0
devgpt-b491c922487c753b,1
devgpt-c1ce2f6873e2c75f,4
devgpt-fddfd295afe81245,2
devgpt-fef930f539b9aa2b,2
devgpt-8f3806f1d1e6725a,3
devgpt-d7860caf1de6a248,1
devgpt-11ff6502aecaab7c,0
devgpt-7661957fb61cdad6,2
devgpt-47ba505ce62b03b9,0
devgpt-eedb95fe6d4a612b,3
devgpt-2b76757cd0c930a7,0
devgpt-f31b324e82e41312,4
devgpt-9e9c418404cdf54d,2
devgpt-de815a2ce49fe336,3
devgpt-28eab0630c8b5821,2
devgpt-a3d606019883d098,1
devgpt-4d8268ea986483d6,0
devgpt-e5950ec0b8308f07,3
devgpt-1c44722c6760dc16,0
devgpt-95f7bc38908f8a68,2
devgpt-f287d0b973f669c1,1
devgpt-03573e19d8910794,3
devgpt-14e6a62af17033ae,3
devgpt-68364f7bf1276100,0
devgpt-c8e623f3e5163d18,4
devgpt-8764f9e9b5169e61,0
devgpt-645939960e4d5e67,3
devgpt-ecd7ecdcbb05421e,2
devgpt-49bb9b3fca86d1b9,2
devgpt-da19fabef2aa2f23,3
devgpt-5e87bbb95e0fd9c1,3
devgpt-e11f74b27829244b,1
devgpt-870f40064c1e7934,4
devgpt-14c86ca61757733d,1
devgpt-6c72178b5cc640b8,3
devgpt-5ace0570f114e4ac,2
devgpt-6b78a6cd30ad093f,0
devgpt-9f298817c419507e,0
devgpt-acd03ed78dd5568c,1
devgpt-b59ff0758e15461e,4
devgpt-f1b3f86fc8c4ed25,4
devgpt-e65263a388dec8c0,4
devgpt-26f1820ca4351b11,0
devgpt-ca4f6ad2c5959339,1
devgpt-37f64889b050e531,1
devgpt-502c73e4bdc5dd06,2
devgpt-07712f1ede197dd2,3
devgpt-fcd65fda156a54ed,4
devgpt-52db1f19c452a932,0
devgpt-7a00d105856f5801,0
devgpt-131acfd8acb57bcd,4
devgpt-831b41f0b6758d71,2
devgpt-99ffaa2831310db1,1
devgpt-d356a5c0b5e8d184,0
devgpt-e899954c7c9a3994,4
devgpt-ef02106d72e07f88,1
devgpt-21e38d363fff050a,1
devgpt-1433d218a8c78e73,4
devgpt-650708ae475f4e1b,0
devgpt-98a773fdfba1fc8d,4
devgpt-2503be9083a460a9,0
devgpt-194ae3ef3a9b1755,1
devgpt-c08a77f83faf1675,4
devgpt-1887a7302b138b10,4
devgpt-7551a01d48f67fb3,0
devgpt-9680d8eea5a9d9cf,1
devgpt-8ed124e9556ebe45,4
devgpt-2afbe4782c5eae8c,1
devgpt-799f700f8966d366,2
devgpt-04d98f941b61eae0,0
devgpt-80767ae60a03c7ec,4
devgpt-b4afb833d925e769,4
devgpt-a776230398fa2447,4
devgpt-6207fec7add392d7,4
devgpt-c09314a395d4fe4b,3
devgpt-90da220bb9da4922,2
devgpt-0cdc7939a641e828,3
devgpt-a32bdd26bd3b20d2,0
devgpt-cb4a030e33935ea1,3
devgpt-06ecdcedcfe104b3,0
devgpt-bb49c347bf1f2715,1
devgpt-e4ce92595e797f15,0
devgpt-5a97e21b153d8614,4
devgpt-33923147af5053fd,1
devgpt-a0d08b9c4e97b08f,3
devgpt-a415c9c6934d82f0,3
devgpt-c4eb3783abc1abff,3
devgpt-d103b6278e01e520,1
devgpt-1b28ecbf49f1858e,0
devgpt-729f65087a151aa6,2
devgpt-a7aabf751a09298d,3
devgpt-7aeac048947f4a31,1
devgpt-828d5a00eb68efe0,2
devgpt-f6393548b0d78f18,3
devgpt-b15c8518fa89f35a,0
devgpt-574819239e6212ab,2
devgpt-a2f2540242145432,4
devgpt-fb7c65c3f7eab9ba,1
devgpt-c517e7b5cd2dad93,3
devgpt-a1631a499e259de9,0
devgpt-946e47d482d81158,1
devgpt-8102c34aac20ae2f,1
devgpt-61e905fe9d1ac80b,0
devgpt-ca0aec6a5cb8a198,3
devgpt-e55e963727da5a20,3
devgpt-c553c7d1604b4c6e,4
devgpt-e1320f4925500a1a,4
devgpt-d4ebc8596a68bb03,4
devgpt-8e8f38f92532cddb,4
devgpt-37a1de09ab93514f,3
devgpt-47600c4386f16ce9,2
devgpt-fc86e193f9bf0ebe,2
devgpt-03c2033fc7cc3650,1
devgpt-db6010963e98d939,4
devgpt-02f313368cbbe994,1
devgpt-7a3c8ea356f5e23e,4
devgpt-1c34ff4a10c9e6db,0
devgpt-9c9a88e471855fbb,3
devgpt-553132b9a45e6ff9,0
devgpt-62dab511f2f9431c,4
devgpt-961e98c18434aba8,0
devgpt-a0630a750862c09b,4
devgpt-faa419a87f6715ff,1
devgpt-1d42ee1a9f409809,2
devgpt-df9f410ab82b4a04,1
devgpt-43e69164fa7eb49e,2
devgpt-8b8b962127905ad9,2
devgpt-6e7eb3bd8df8e738,0
devgpt-ac3661c345a7bc5f,3
devgpt-8453203a6e376808,0
devgpt-0c64a437bd17f485,4
devgpt-a8f80b8867f3855f,3
devgpt-ccbf731bdea88fdf,1
devgpt-c3fc10e7c87db7bc,3
devgpt-f719d42ff9475952,0
devgpt-e4038c181d7460d3,0
devgpt-940b38ab4d55d960,0
devgpt-6c95a4f41112d7c8,2
devgpt-572d471dc8fd2da0,1
devgpt-1e735695313e05c9,2
devgpt-68fe640dea1bc433,3
devgpt-ef4f2bb1a2d2916d,3
devgpt-17f9477bfcc55684,1
devgpt-048480987c5f3c66,3
devgpt-9690d634a331737e,4
devgpt-9f803dc1e4bca215,4
devgpt-3421f5edea208638,1
devgpt-6d113fc5c757e83d,2
devgpt-f4146c937287a13a,2
devgpt-3abd792417d515b8,1
devgpt-a7c6872c9135d1bf,1
devgpt-4208a0b2696e564a,0
devgpt-3b844e9f714c43f3,1
devgpt-af325089dff15f2b,4
devgpt-8d42d22f9aeb24e4,0
devgpt-d58bfe343131d848,3
devgpt-60253f1daccb54ee,0
devgpt-49b9a57c9b2a574c,3
devgpt-a72a650e44aae714,2
devgpt-843d46ef260c213b,0
devgpt-e140c732a6991fdc,1
devgpt-96e4ea1e1b946016,0
devgpt-6e80667493ce2ed0,0
devgpt-7682b592464da2af,0
devgpt-0d4b0a6fc83be796,4
devgpt-137f25d3526dbbeb,1
devgpt-43a748b49bfc883f,3
devgpt-ad8eb2b5c64275f6,4
devgpt-e756458a86a063c1,0
devgpt-16fc15d3e9beb9e5,2
devgpt-2e97374adec7d902,2
devgpt-3bfae0fe83db75e7,1
devgpt-dbda17a4f73af0e5,0
devgpt-b85b4f13aad3d0c3,1
devgpt-7f2c05d7163c3a60,0
devgpt-bfbe9146e6e58efd,1
devgpt-c0be9d0f6ef140ec,1
devgpt-195702449a3dba5e,2
devgpt-13db57a82b15681a,0
devgpt-6b765810f0178ee5,0
devgpt-99549d3482d533fa,4
devgpt-a96614c37cc922b8,1
devgpt-8054716a6d44e7be,0
devgpt-abf7b3b72bb0217c,2
devgpt-cdbac0ec73a55790,1
devgpt-7086e462893ffb48,1
devgpt-9636b723d4e42330,2
devgpt-87e437feee0004c9,2
devgpt-5eee21642de4523e,2
devgpt-b2696b18490f8841,0
devgpt-8bfaa156a7225677,4
devgpt-d7f317b27ead7044,3
devgpt-70fc358640e7b38a,1
devgpt-96bba58b9822fd04,1
devgpt-8fc1e3e87733ffd5,2
devgpt-ec9445aa62e6e8b8,2
devgpt-e1e42eae440c1dd6,3
devgpt-d9208ff72ab6144a,4
devgpt-b1b6f1ca30205cf3,4
devgpt-2dfe35b5df9b0418,2
devgpt-aeaeea738eaef871,1
devgpt-1c4b5b6691ff1b7c,4
devgpt-7c99c24ef64ac104,2
devgpt-56eb53733f2efb91,2
devgpt-79cf7215583393f7,4
devgpt-55944e99edac03c7,4
devgpt-dee09ed6af304561,0
devgpt-ac95699317688d95,2
devgpt-c92a225d0e8dec91,4
devgpt-759158941a12f5b0,1
devgpt-127ea6d2da5650cf,2
devgpt-921d1bfd521ab8ba,0
devgpt-f0e1187b911531f4,0
devgpt-c4fddd2f6ce7103b,3
devgpt-43f5ca00aba28f09,2
devgpt-7ccbfdcd453fe427,4
devgpt-d13e85a921c6dbe6,4
devgpt-06a687f1a2c11332,3
devgpt-2681ae4c9a8576ef,3
devgpt-b19a339a1dc83a1f,2
devgpt-5cef17d69abda8ed,4
devgpt-a7b4a7943f6f3ddb,2
devgpt-b367dbec81df6ce0,1
devgpt-e90c7450503ec1f8,2
devgpt-61ac36864e222f03,0
devgpt-54b565d8616d1037,1
devgpt-2be38d892d75504b,3
devgpt-1f752c76d28dc209,4
devgpt-a3847b1e35110259,4
devgpt-550e897a214fae06,4
devgpt-cc7c2fbaa3a34892,4
devgpt-90fb0b1c23efae19,4
devgpt-9d08c2dd100c9487,0
devgpt-00d4daa9d86ea7f2,3
devgpt-374b7201558f66b6,1
devgpt-2369520c0325646d,2
devgpt-e63e9d2ac425ab74,1
devgpt-f76e487e4ef19f12,1
devgpt-615dd0fb41ac1459,0
devgpt-689be14f1eed5263,2
devgpt-32b30097dff25b27,0
devgpt-8f8177869dd76fb4,3
devgpt-c318688b29cd383d,4
devgpt-dcf4deef839a75bd,3
devgpt-66cc0157ba5048b5,2
devgpt-74f0e0413415270d,2
devgpt-5da83aaaecbde014,0
devgpt-dd8c1b99a6c22b02,4
devgpt-fa5b96f3cfa93b77,1
devgpt-72d7e3bdc0eec199,2
devgpt-b7519d636e79c9ac,0
devgpt-3cc8e56cfa070a85,3
devgpt-74592f9d2b55fe9f,0
devgpt-e52d48badd30055e,0
devgpt-4f1865b87f5b7eed,4
devgpt-5bda0bbb5ef7b5f1,4
devgpt-e80926157e47bd97,3
devgpt-ed3db301626c8485,2
devgpt-f43578043bbd877b,2
devgpt-a0a95ecf4a0714f0,1
devgpt-526fb5dece43f86b,1
devgpt-db1d6df4bd3a5f73,2
devgpt-bbad0f1dfb920e88,4
devgpt-bf77828fcf0bd676,3
devgpt-51cf2f23f4c0780c,2
devgpt-802baa81c6557037,3
devgpt-33534a1b83568509,0
devgpt-70428119f3d28336,1
devgpt-57d7e3ca22e5601a,4
devgpt-c58bd2666edcf498,2
devgpt-601f10360e1d592a,3
devgpt-006f1fcf0717ef2c,1
devgpt-452b381702ea65fd,0
devgpt-6c5e8b6c5c2ecdfe,3
devgpt-38f4f8ddcabe739e,4
devgpt-e80bc5fbd0954d70,0
devgpt-83eae84e163c57d2,0
devgpt-01729a02c8abbff1,3
devgpt-7dbca2d1c7118833,2
devgpt-7133e2ee6d3a0b9b,4
devgpt-f4bd78fd47c490b1,0
devgpt-350ea0ac253c28f4,4
devgpt-92751376491df452,0
devgpt-91b6959cef8baa5a,1
devgpt-c567c0b7aaf4ecc7,2
devgpt-5e1938ced7ea1428,2
devgpt-f4f7ae0e325ffeb3,2
devgpt-bf27c20e45a0c33b,0
devgpt-9372162248263add,4
devgpt-2295656782870f27,2
devgpt-0e09105ae359ab0e,3
devgpt-f305c2dff693e81c,1
devgpt-bf805a5618d49c9b,1
devgpt-1722764215b4691e,4
devgpt-6000b1c59ef8293d,0
devgpt-6dd474ef9f38e82b,4
devgpt-6868ff54b603ec6e,4
devgpt-2d8209fbdf73e78a,2
devgpt-2a258eeef54abaa7,1
devgpt-eaa21db7904a9b62,4
devgpt-09d6bffd9834b4a8,3
devgpt-f044bcf23c55e060,0
devgpt-79cb91154564879c,0
devgpt-c61edb26d9857ef6,4
devgpt-22fbe0ccbbcf94b1,3
devgpt-0e24d99add67788b,4
devgpt-82d596f5a7264f14,0
devgpt-818fecf5d11881cf,4
devgpt-e16ae04c4c03a612,2
devgpt-c388ebfec780eb52,2
devgpt-8dfd42202c8b45fc,2
devgpt-748ab8cbc9641684,4
devgpt-69219aab27090c75,4
devgpt-4c1fc18c3df0440b,3
devgpt-574efebd3d4d2383,2
devgpt-16978c246bbf93d6,3
devgpt-6e6619aa35d1f986,3
devgpt-02662df75e663680,2
devgpt-3258ebddc4cabd73,4
devgpt-befee039ffc67e5c,0
devgpt-be6a7282d3f62bc6,3
devgpt-7f34624dd2743112,0
devgpt-e4ae5f8695ae024b,4
devgpt-18b979583538a690,4
devgpt-12f3856e305f3ed8,2
devgpt-d43bd79b964962aa,4
devgpt-35eb7086c6da935d,1
devgpt-77b862bb65b2617e,1
devgpt-fa4e31d623daacd9,4
devgpt-f3269a2b9c8152d8,0
devgpt-aa25439f911ab3e7,0
devgpt-86cbe992a2dbc766,2
devgpt-06fa232759e68f4f,3
devgpt-99a29530aeb27de7,1
devgpt-7b355d27cec1b85c,2
devgpt-5bc54a7ba9ea03c1,1
devgpt-c665063ac2f4d437,1
devgpt-0eb556c7740c5b35,4
devgpt-8589afff3f696acd,0
devgpt-eaafe799dee20958,4
devgpt-a9851cf2f4987fdc,0
devgpt-d4a6e1eda75ac37a,0
devgpt-70fa05762ec3f24e,4
devgpt-883edbd82e2c8d80,0
devgpt-a771356c78079a62,2
devgpt-44e465815e8efdab,3
devgpt-3de82bbb667e4359,1
devgpt-2d7bc12d1337fb09,2
devgpt-938c2873954d91f1,1
devgpt-27ead32b93457c56,0
devgpt-3682d6b22e3e7784,1
devgpt-ec8b00bffed284a0,2
devgpt-7a04666d835be4b2,3
devgpt-aa51bd08f6f0e1f5,1
devgpt-069a366dcf6c93c1,4
devgpt-b6b254d665b5fe39,1
devgpt-7d03c29f52eee0a6,3
devgpt-3b22730605127c45,1
devgpt-58e78920fda805e5,3
devgpt-8a1625e21ad870ce,2
devgpt-1fcc63552a3e8264,4
devgpt-1fe25383bf7f41d8,3
devgpt-75d86f29e36f8656,1
devgpt-e4d5eb86ac6c0385,0
devgpt-a216a0695089b928,4
devgpt-a4dd7474ece31f9b,4
devgpt-d327f2cda55bd9b6,1
devgpt-c0a515ae14690a8b,1
devgpt-a4232a396d2595c8,1
devgpt-6869f6781aa6135d,3
devgpt-fa1157509cc98847,3
devgpt-878377cce46d3221,1
devgpt-db152ee84fe36d6c,0
devgpt-753106765ac9670f,2
devgpt-1b006b8a032dd7f6,2
devgpt-26d4ee363dfc9dee,2
devgpt-bc6fb381a6f05199,0
devgpt-64dd69620f99fa9d,1
devgpt-d16a73a0b48e2685,0
devgpt-644b395e59a1fec1,2
devgpt-c47ca3025f17ec1c,3
devgpt-062f75bc6847720c,2
devgpt-27cd66a87834e10a,1
devgpt-637a24edcdee13ee,1
devgpt-c4bb9fd76f140e3a,2
devgpt-ca9735f3cc830ced,2
devgpt-fecff0beffcfd867,1
devgpt-954ae5639df9d7fe,3
devgpt-b316b6d5a95c976e,1
devgpt-96315bf9b237d3e1,2
devgpt-67a53149a3ae1f39,1
devgpt-c5292ad581c44d9d,1
devgpt-fb6fc4a31ad3de72,2
devgpt-15843a017269cca4,4
devgpt-fa7df707f3478f4c,2
devgpt-52c196d2396931ad,0
devgpt-8d02674628b39341,4
devgpt-84ea86769a08e3e8,3
devgpt-8a79a717bc606ef5,3
devgpt-9c1648c70549a16e,2
devgpt-bf8075e7084b8f86,0
devgpt-006109c5771674ac,3
devgpt-10e8c11626b36d7c,1
devgpt-f13b2d994206e182,1
devgpt-a419288e37669a5c,1
devgpt-0e73a2f6ed88d15f,0
devgpt-e189069ee77bfb72,1
devgpt-8441906f1261dca6,2
devgpt-921b0de7841055c0,0
devgpt-abca9b88081cfee0,2
devgpt-d84141aad2b659e9,2
devgpt-95029bea21307acc,0
devgpt-6d24ec45086aef96,1
devgpt-355d731daf55d140,2
devgpt-22255c1fa8872979,1
devgpt-eb3438041d577dcb,0
devgpt-f2a15c8785d93684,2
devgpt-bba6dc8162085193,1
devgpt-fe709e3f184ace5f,1
devgpt-ef15946bd5b98548,3
devgpt-31e291a8064c2323,3
devgpt-3a16bdb8e2eeb7f9,0
devgpt-3c46163869f6a32e,3
devgpt-2ac1510163a80987,0
devgpt-e9de3139ae8d7618,3
devgpt-99654b9c771fadda,2
devgpt-e1e1904199d82c5c,3
devgpt-9aa3c34b3f885c80,3
devgpt-6515e35222435004,4
devgpt-a03881a65d75a05e,1
devgpt-b874b6ca411359ac,4
devgpt-1b46d652f8c8530a,1
devgpt-ad76d312204a0f8b,1
devgpt-2d2d65e3e2d1cf18,3
devgpt-09c6c850fd31fcd3,2
devgpt-a7daca5756db78d2,2
devgpt-04051cc9dc1ac17d,3
devgpt-cf36edd311927971,1
devgpt-e6290bc95788fa0d,3
devgpt-9cb9a5f729b19afb,4
devgpt-d30cc8175e753a50,4
devgpt-dcbd3e5d5fbbbfd5,0
devgpt-04731c8e97f41e81,0
devgpt-0ecefec274faf0ea,3
devgpt-e35fa24363b0399c,3
devgpt-fcbef6937ed20110,3
devgpt-1e5c02a587307cc6,3
devgpt-5a59ac826996ff5e,4
devgpt-a28528c34eba9ebb,1
devgpt-799cc4b92a837102,0
devgpt-e08e0a4827060661,4
devgpt-5d4d1c3cabcc45eb,1
devgpt-e3d73a20bc791c15,4
devgpt-d11efa48212265cb,1
devgpt-98f8087bad7eeb6e,1
devgpt-e848cfe368e6964b,3
devgpt-e7de56d5661cd789,1
devgpt-b48166493216bd8f,0
devgpt-dd289008128c2bc1,1
devgpt-a85a6bf84bbad1e7,3
devgpt-7eed1fba4f0ac16e,0
devgpt-97066656a847146e,0
devgpt-4d214f905b44a455,2
devgpt-5583417f4441219f,3
devgpt-7ec4a02189d2a68b,1
devgpt-f6110bdd9af0bcea,0
devgpt-4d72ce89f624978a,2
devgpt-fcd70f351a2b706c,1
devgpt-64ff2dac5851deac,4
devgpt-0f4310133ccfe674,0
devgpt-5e6d4b1eb3f6aecc,2
devgpt-0b7c13d5e1614793,2
devgpt-0b127163bb77b1e3,4
devgpt-ac75438af0f29bcb,0
devgpt-6190eb8769d171b1,2
devgpt-b8ddd75ca23e0b89,3
devgpt-16faabce1e526e42,1
devgpt-3c76044566fc455b,0
devgpt-ce277f4f5882434f,2
devgpt-63ca635cb2d0c69f,3
devgpt-18f673e9328b089d,3
devgpt-5aac8a8f0407ac9e,4
devgpt-f0c58e1eec98b1e8,4
devgpt-6d6bd0d84eb83805,3
devgpt-af3a7f97b0c977ef,0
devgpt-5b5b2f240b33eb36,2
devgpt-c5dfe7c942fdcb97,3
devgpt-be224a46a1a957d7,0
devgpt-a45f08836f0ccc1e,1
devgpt-f05900746836a06a,1
devgpt-3841086f25ad09a2,2
devgpt-d94374ed06f62d6f,2
devgpt-ef0b27b85363134e,3
devgpt-b8ccb6f9ad6fd935,2
devgpt-203fccccfddcf2e9,0
devgpt-a207bfab8aae8611,4
devgpt-19bdef51fc6d9386,2
devgpt-02becbc887162841,0
devgpt-485db597eaf55211,1
devgpt-4af20f9d4e46fa0f,2
devgpt-9313fe3e60853fc3,2
devgpt-29d4884ae8817e3e,1
devgpt-add3bf3b002633cb,3
devgpt-113c3c434879a840,1
devgpt-f92ae6ed6b9bdf16,1
devgpt-9847e39e0419232c,3
devgpt-8a945ba5ad3b0e15,4
devgpt-4a2a958a858835a2,4
devgpt-b79fccd3ac6e272e,1
devgpt-c19285c44f423918,3
devgpt-6fed901aeff3476c,2
devgpt-df6842a70b289ff9,1
devgpt-dd1ea32e145c240d,3
devgpt-24ebbf9553b63dd9,2
devgpt-3e9c587ef09e4297,3
devgpt-8fc346d4cf04cf71,1
devgpt-48689c446edf5e04,1
devgpt-6194582b4c64d293,2
devgpt-57b916956d041f1f,1
devgpt-24627ea8ce8ac856,2
devgpt-4a6ebfb45103b083,4
devgpt-80658e33b71df34d,1
devgpt-441dc23e4ec4b5e8,2
devgpt-730dbb213d016b63,1
devgpt-9c20ea777e8f0a5d,2
devgpt-4a10fccfd2ad5c14,3
devgpt-c48c4aaf65367500,2
devgpt-d188dcce38052350,1
devgpt-2711e4322d5fdea8,0
devgpt-5624500820c2b61a,1
devgpt-10aa02b601196b26,0
devgpt-ad1337a919da7bad,0
devgpt-05f836e102676506,0
devgpt-39333b318a2731ad,3
devgpt-9b9730e891bc07ef,3
devgpt-d035d90be81617a8,1
devgpt-078a1738c359c692,0
devgpt-e759299382c7c70d,2
devgpt-26cc46fc863d68db,1
devgpt-ed33fe1722580342,0
devgpt-e9d28264f93b41b3,1
devgpt-7eb7f678edd8adca,3
devgpt-bbd33044de7cb5d2,3
devgpt-0b761ee4cdfb1449,3
devgpt-e7d70fe5d6ef92b3,0
devgpt-62edd3cdc76a26d1,4
devgpt-269daedb0eab7cb7,1
devgpt-8765ec91892c4a02,1
devgpt-3ca3599e941ea5ed,0
devgpt-303ce3cd444048e0,3
devgpt-ccc95e7eef9ed638,3
devgpt-7864a794f23a0d53,2
devgpt-8e7dfc1d4ef4048f,3
devgpt-f7fa9658c376fdd9,4
devgpt-b3f4d75a922175d6,3
devgpt-efd9fe8d08b2d8ed,1
devgpt-0a471beff3701e50,0
devgpt-9330b678834befd7,4
devgpt-06d270d156cdf5e3,0
devgpt-c6eeca5f1aeec925,4
devgpt-067109c0b54136e0,0
devgpt-39d30b0ca0abf562,3
devgpt-66c7d49c2bc10cfb,0
devgpt-1c5ece47b38f69df,3
devgpt-261cf168a07733d1,2
devgpt-3fe91984ae9788ef,4
devgpt-c927357563fbc01a,3
devgpt-2538949e1a9bad93,4
devgpt-10cb24b5124070bf,1
devgpt-27d0bc2e6ce3d9bc,2
devgpt-86a1022c4e3e5d07,3
devgpt-83d50d56e1b8ca59,1
devgpt-fa46b8942b076546,2
devgpt-a38c8b89dc6c156e,2
devgpt-d1b0ac1a2d8eb59b,2
devgpt-6142ae686527b173,1
devgpt-e3958ffb14d150bd,2
devgpt-5f583529b1644f04,0
devgpt-aeaffc3449878152,0
devgpt-cabd3c63f34f8a27,1
devgpt-67ba8175cfc3ebad,3
devgpt-f0fa340fb450b291,1
devgpt-508fcb9e415b1f22,4
devgpt-ca54b91172cd962c,2
devgpt-5191ad39290857a5,0
devgpt-236d98350f277456,4
devgpt-5868fdbc7a7a54fa,3
devgpt-20aadde78a17b215,4
devgpt-f61ff2bb5cf105a7,2
devgpt-6a2b3b5be43c31e7,3
devgpt-1c1132e6990ac0fc,4
devgpt-9d42cc2e3d4bee3c,2
devgpt-4d5266e1850adb1d,1
devgpt-1c71154758c51fd5,1
devgpt-4205d151dfb887c7,4
devgpt-f3dc022deaaea4ed,0
devgpt-968005363f94c63a,4
devgpt-281ea14a9599783b,2
devgpt-a9a1a942210dfac0,0
devgpt-f6cb0b3d9e873baf,1
devgpt-494c351839dd05b8,4
devgpt-d4b4f8b54c561502,4
devgpt-262451f1a42198c5,4
devgpt-91490374796f7cae,0
devgpt-996f81278a1da9fe,3
devgpt-28641298e12b592d,4
devgpt-c80bf7bf7c91f409,1
devgpt-f9bf8eefb7213c27,0
devgpt-40acf8e545816efe,4
devgpt-6d6da14235f9ef63,2
devgpt-7c1d6efb4516d975,0
devgpt-8c4db58ccadee86b,2
devgpt-4462300a578d0aea,2
devgpt-0c4c600d68be1377,1
devgpt-30df498bd3360b70,4
devgpt-cf49eff0b44a39c4,1
devgpt-66c3e69a6e40dbb8,0
devgpt-df0037e82b0891cf,2
devgpt-2a3b8772dc63795e,3
devgpt-7680d04958100df4,4
devgpt-2ec9dfd0a620e1ed,1
devgpt-fde03329ce70374c,0
devgpt-71f99f6c942d99d9,0
devgpt-fb3dad860c9b3315,0
devgpt-0a800ee4c07ed185,0
devgpt-44852372f0fd0e10,1
devgpt-e5c61b5f886f61cb,3
devgpt-1f44f6fd0bbb04c1,3
devgpt-768c01f390305e6d,0
devgpt-d6115a7919073e59,1
devgpt-6eb7b72fc7e65581,0
devgpt-ab4528c2d7b70cb7,4
devgpt-02da0187a5a05bfe,1
devgpt-1b577cd5e2db35b0,3
devgpt-f8827c3dc9f80440,0
devgpt-45991c609617d5be,3
devgpt-3bbc6d7870de29de,2
devgpt-1bfbeae13062d0ff,0
devgpt-38838a9dc6286c56,1
devgpt-5f032933e41e38b9,3
devgpt-018092afda3f7b7b,1
devgpt-3ac57cbdaf7ea95a,0
devgpt-165a6857167ada11,0
devgpt-fa40bb6de2746d6b,1
devgpt-a625607ecee372c4,0
devgpt-43c436587d0b8e63,0
devgpt-8772f891b153231a,3
devgpt-b48b4fbecd7c268b,4
devgpt-afc1bd0409052e69,2
devgpt-423b39cfdb9130e8,2
devgpt-a4ac272fc33da674,4
devgpt-2339779dfcc5b4b3,0
devgpt-f11f0538251c5663,0
devgpt-b84aa00dffaca6e8,0
devgpt-31ec0f029ed19a4c,4
devgpt-648552e625d8bf9d,1
devgpt-35e7429eebda93bf,1
devgpt-8300a5407420f045,1
devgpt-be62e03356517ec5,0
devgpt-0e9292573d0c3e91,4
devgpt-f5bcfd71063cb521,1
devgpt-088b45d452a00166,3
devgpt-dcbaef3a811709ab,4
devgpt-a4ba653204e80997,1
devgpt-e5c17deaae2c2f1e,1
devgpt-080aeaaee81a8a94,0
devgpt-2ea5de7daa9aaf33,4
devgpt-6d8054b7e749513f,1
devgpt-0f605f395ea02d29,0
devgpt-0a3f20db19bef56f,4
devgpt-8bbb89166db5a622,0
devgpt-143d0eef37050eea,3
devgpt-adfaff982885289c,4
devgpt-bd50c2d1cfca584e,4
devgpt-eaa8b8593c26229d,3
devgpt-086ddc250663c675,3
devgpt-e41d6899122fef60,4
devgpt-cba212f28e42be24,2
devgpt-1114a9b71bbeef43,2
devgpt-c37b85be621d6a20,4
devgpt-8035f9f18cf3e61f,0
devgpt-a6e69d5fddf02448,0
devgpt-1cdb9250e5146c66,2
devgpt-7c65d382f9e0af87,2
devgpt-54a626486585f000,4
devgpt-54208cd5acaa9239,3
devgpt-0989f9bd7b6c1deb,2
devgpt-c2527f9a2d280bac,1
devgpt-c76cbad1f781686e,4
devgpt-fc1b64a67ad29fb6,3
devgpt-57997d37501173f0,3
devgpt-13037596f1198c81,3
devgpt-c68c9ab4a5b58fb7,0
devgpt-e85b7b5e37168c50,4
devgpt-0afe46072fa5dadf,2
devgpt-6d816a19dcac3f0b,3
devgpt-ea7384b428f9f4c4,4
devgpt-1a7513e8b76f7654,3
devgpt-e4f6a05fceba5632,4
devgpt-42a7cfc660b203dc,3
devgpt-7908d151c6603510,4
devgpt-946effacab9519ed,2
devgpt-bf27e8de47bec481,1
devgpt-c9f42e9fb92d6acb,4
devgpt-38d41b5b00735c42,2
devgpt-58d1e0b13d1aeca5,0
devgpt-413b61078e7bb6b8,4
devgpt-95808fec0a0e7e2d,1
devgpt-1a208495fc9adc79,3
devgpt-0d4fa9dff555bc88,2
devgpt-afcc2588edb32ee3,2
devgpt-6dc7d0de09b7c871,3
devgpt-0397e891b71a1b82,4
devgpt-610ced96db78e192,1
devgpt-78d93bde5b8ee8f3,4
devgpt-b884520689d9273c,0
devgpt-1bbd63f630504358,0
devgpt-9c75e64fc8c655f7,0
devgpt-f2cd2641f30f564a,3
devgpt-34a0ca88aa5fcdb9,1
devgpt-0ab36a6d3462fef1,0
devgpt-92ff89b12d80f0ec,2
devgpt-ae75b6c83dd85bd2,0
devgpt-64e780a4cb23cb61,2
devgpt-bc420499fd2086d8,2
devgpt-c4fc8604e6d44c1d,3
devgpt-0c6ead133f6bb18e,3
devgpt-0ac0b72d22c736aa,2
devgpt-49c1d54b9a34450b,4
devgpt-2927783563e7c7aa,4
devgpt-2ecc680f173e6c78,4
devgpt-44cf0a5d4461e7e3,1
devgpt-4e5b8827285a2b0e,0
devgpt-d720d05ab4c208b7,2
devgpt-cfb6ce79b609699c,2
devgpt-747e8b02f6a5c35c,1
devgpt-35ed04c9fe01fb44,1
devgpt-f8d8605dcd87c020,4
devgpt-7cf8968c65dd5712,1
devgpt-0daa540ea618cbe6,3
devgpt-8845ee3d7b888843,4
devgpt-f6d0667c64ddef75,0
devgpt-29c553ae0cda5ced,0
devgpt-8107ecaf7839084c,1
devgpt-97c3f196194b6397,3
devgpt-118b5141afdcd5a4,4
devgpt-40c7cf41c34e645a,3
devgpt-66e7ed85195e254c,4
devgpt-2c4d9a39a2aa8798,2
devgpt-6672bfc786eaeadd,1
devgpt-839f2e3b52b620d3,1
devgpt-da2a137063fc7e47,4
devgpt-71f7dc2b3fdb00a0,1
devgpt-3fa3dcfc110f9948,2
devgpt-775070768360771f,2
devgpt-c6e76659172b60a5,1
devgpt-a6f808f5caf0b93b,3
devgpt-19703abe0af1bb89,1
devgpt-4b57f34dea581b04,2
devgpt-f8cb66e71e840bca,2
devgpt-bbdc946a32abda18,1
devgpt-82b3d6dff8f1b997,3
devgpt-fb8d57383f6a75bb,2
devgpt-ae659a85b2a8de02,4
devgpt-cd3494134340ca74,0
devgpt-cb111a55a807a1f0,4
devgpt-d1942bee3910c362,1
devgpt-6082ea6c2cae6e0d,1
devgpt-00161c0a677fe5c4,0
devgpt-4cc1a00bb4052ed2,3
devgpt-6c3e410a5e42a4d4,2
devgpt-b0bde0125f8bee2a,4
devgpt-dab3a84b8089c186,1
devgpt-a4db602ff586c01b,3
devgpt-11755798c79b5754,0
devgpt-31308a323cf4d9f1,1
devgpt-39fbd27f9d0919fa,4
devgpt-b57f64a22c7d73ab,1
devgpt-8bd2b86ea2eab30a,4
devgpt-3731bc4c629c7951,2
devgpt-a18dc633f4c39ff3,3
devgpt-eb39e6a186b7e33e,3
devgpt-030ccc13e554f3f0,3
devgpt-a08234179b52ce55,3
devgpt-8107bec4e5305c52,2
devgpt-0ed4c64a0be6b72d,3
devgpt-6b3528179d5cf29c,2
devgpt-45eca94f7b724cfa,1
devgpt-c5f8c7c63338a90a,0
devgpt-5595cfe21d7356d9,2
devgpt-451a6e7b9ed32303,0
devgpt-a904deeb58b8ef64,2
devgpt-041575e225929125,3
devgpt-8929953e6e8aedda,4
devgpt-513bb3d789eeb7f5,4
devgpt-cf9bd2d7cfa5df2a,3
devgpt-e8065c8611dd47b2,1
devgpt-598ca4eac62827c4,2
devgpt-06ccf1ea8c288af0,1
devgpt-c1b0787d10ad745a,4
devgpt-9109effa11f3512f,3
devgpt-85377767a9d4c3b7,0
devgpt-2b385e1638fe8561,3
devgpt-2719f54917e01388,3
devgpt-3fa6d23c9f26f535,0
devgpt-b8e65bf9f89fe79d,0
devgpt-89ac4e6483964882,0
devgpt-2a40662ddc59631f,0
devgpt-9807086f7e981bdb,1
devgpt-f247bf4265760258,0
devgpt-e9575d1670af75a8,1
devgpt-2fc1cb22a7f74a62,0
devgpt-cc2982dedf059d56,0
devgpt-dde61f6bdd51a98d,3
devgpt-17caf2ee7cb80420,4
devgpt-d7ce0a54951a8cf3,3
devgpt-2fdd24434d1b7098,3
devgpt-2877f211d94cb1ea,1
devgpt-1ba0c3fbd30cf170,3
devgpt-69dd6bc896e1bd48,1
devgpt-48f61b8683dcaa54,3
devgpt-5394ada7d2927b99,1
devgpt-37dea9b010f03363,3
devgpt-d42ef40b7327a41c,4
devgpt-e640b4f1c55002b9,3
devgpt-4397892492225740,3
devgpt-d00b82d7362b968e,1
devgpt-f8eca02d76a7326a,4
devgpt-e218a9d90d2400ae,2
devgpt-9e8c32e7477142c8,2
devgpt-a62a7682d34a6add,0
devgpt-64d6966e94fa5338,0
devgpt-32d761889db4610b,3
devgpt-fe4c759420fa11d9,2
devgpt-c692f4931418c3d9,0
devgpt-d650f6c4120665e4,0
devgpt-a5558f93aaa607a7,1
devgpt-e79c05c314be0715,0
devgpt-bdccd13f869ec0de,4
devgpt-e684c6ef287774e2,1
devgpt-45f2944d15a373a0,0
devgpt-a168f903cc793d2f,3
devgpt-563dae12b35b9212,0
devgpt-9f509682ad672ac1,4
devgpt-869bca06c495ab07,4
devgpt-da3d0cb97ae4d117,4
devgpt-8e107d63223feccf,2
devgpt-ffe22703b6c0d0c0,0
devgpt-ef092bfdc2985cff,0
devgpt-f26303c9e756bbc1,3
devgpt-1af98d7180d21036,4
devgpt-f6f9042040168ae2,2
devgpt-fe4b8adcabd200f8,2
devgpt-06cec3d65b2e5d8d,3
devgpt-59f2da4727a74cb4,1
devgpt-cdeab4a29f7aea2e,2
devgpt-3d393ce2ed833d37,3
devgpt-f30bbafe4c9be219,0
devgpt-8809a14dcc0a1c7b,4
devgpt-2abc23ff87e9b0f6,0
devgpt-4348b2914fda9608,0
devgpt-8e5efd7070f7f46e,0
devgpt-4145e7537eebd6cc,1
devgpt-281695024a136532,4
devgpt-532ddf90fbd80750,3
devgpt-d7030b3096c291e2,2
devgpt-85bdb858ee597ebb,3
devgpt-5ce82795c8a76fb3,2
devgpt-8cb64cb32f2f5960,0
devgpt-dce6769627430ab3,0
devgpt-538a673304d0e82b,2
devgpt-35543f11c1385e43,0
devgpt-f0d6719db3da2eb4,1
devgpt-0c41381f1c8e3724,2
devgpt-02e1bbc9a08153d8,3
devgpt-932d8d75ff1ea118,1
devgpt-ca7cf11ba5fd6a6f,3
devgpt-ce3b0ddad834ff99,3
devgpt-284c6bde9c72af3e,3
devgpt-febdf123f999d9c3,1
devgpt-77d23c0f1c703fd7,2
devgpt-57eec833f92c65f5,4
devgpt-de866d0ff40057b2,3
devgpt-948f5f9a175b5ce7,0
devgpt-920e95afb70de869,4
devgpt-b6538c0edeca7ea6,3
devgpt-6bd8881b7e6bee3b,0
devgpt-143b658e2446790b,4
devgpt-57021f43b978e30b,2
devgpt-77a3c60836ea5eb4,2
devgpt-ba295ddd0b7321f0,1
devgpt-0f3f848b41767ad5,3
devgpt-9258c2de94fcf2f1,4
devgpt-0f89c36d9b1640e3,1
devgpt-35b74ed138131ced,4
devgpt-e189e7c47d811cee,0
devgpt-495ac197b7b2dd5b,0
devgpt-3aa8458c60aefe85,1
devgpt-5c43171a81abf217,4
devgpt-c4b010fbae7dd814,3
devgpt-46e77eafc6f21da1,4
devgpt-b5226f9805290a27,2
devgpt-9b37128af54120c8,2
devgpt-a2c26f27084468ee,4
devgpt-4aff9fed64499ddc,2
devgpt-16c0cd78392d3dd9,4
devgpt-74e7bceefc1006d8,0
devgpt-5559081dc98c2bed,1
devgpt-0e465ad75793c6b0,1
devgpt-9e05503c99a18951,3
devgpt-febc469beef89979,4
devgpt-0cb811f68c10b714,0
devgpt-b9f9fc6400bf435f,1
devgpt-fd1ec781954114cf,0
devgpt-d4e5af5bf7687b28,0
devgpt-ac10531a4f070b92,2
devgpt-e6eb0df090d70ad8,4
devgpt-2fd8020e7b8514cf,0
devgpt-dc64497dcc42757e,0
devgpt-c350728c5f102e7c,3
devgpt-877e687732a39c3c,1
devgpt-4ed14306fc62fd72,1
devgpt-e158cd101df8b39e,2
devgpt-26f4e0a5f0c10ff8,0
devgpt-ab34cc6da866256d,0
devgpt-b103f420459e1623,2
devgpt-aefa5833e2a15c18,2
devgpt-f3bcbc546c0ed094,4
devgpt-44cab04a99bd373f,1
devgpt-12f60a3f7b46e723,3
devgpt-8f465bf11ea0c58a,4
devgpt-20643649b610cc86,3
devgpt-c8ed7cd11836d2ce,2
devgpt-09de5b8fda7a4bb2,0
devgpt-d0c4fe36c05a85d1,2
devgpt-5219cad69a04e0f8,2
devgpt-17281000f5e97b11,4
devgpt-e486f12592503fcb,3
devgpt-90044a3a24204914,1
devgpt-9e78e77c6313e6e3,0
devgpt-dc9a1720be4b8f3f,1
devgpt-57fb043373b63401,1
devgpt-6670e824720fc379,3
devgpt-80b63299c3129505,3
devgpt-470b2d6b15c577a5,2
devgpt-1b921f6a2907da36,3
devgpt-efcb2b877ba46d86,4
devgpt-63772b858fe3f544,4
devgpt-d537c4f4f2096d18,2
devgpt-f1a981e5c62b936a,0
devgpt-bdb0c0c9b953565b,1
devgpt-81a3ac5122a7d9ad,1
devgpt-aee1db9ea261cefe,0
devgpt-054388e4e928bc30,4
devgpt-fabeee5844c4018c,0
devgpt-060a844bedba3da1,2
devgpt-db71e422575c1813,4
devgpt-ba7c20cd7c80c685,0
devgpt-5cf9ee5f0dad955d,3
devgpt-cf069c0f7476b923,0
devgpt-5512f5b37a15f2c4,1
devgpt-7501369aa66b774e,0
devgpt-27a8bcdb40a2119d,0
devgpt-96b0f84600d51b1b,4
devgpt-bbda883106c4f5cd,0
devgpt-ef6da9d7b83cab61,1
devgpt-ef8dee741193fefa,1
devgpt-e75d032d34fee00b,2
devgpt-66edfc90a76e821e,2
devgpt-8ea108758bc616c7,1
devgpt-a5a1d0de0a60fbe8,4
devgpt-ef2eeb0c27613fbe,2
devgpt-ad18a1eef30078c4,1
devgpt-9d3dc77bcf2e4278,0
devgpt-52f43f9e97bca7b6,2
devgpt-3e020d384ab02d95,4
devgpt-372600fc018bb6ce,4
devgpt-604f2825640aed2c,2
devgpt-7691cccc721900c1,1
devgpt-a68b788bb091aba7,2
devgpt-e6464c5638e4acd0,1
devgpt-7ca33564f01bc637,0
devgpt-aa1c8a825514d3de,1
devgpt-7d478e65ec494bc8,4
devgpt-cee7957179803722,4
devgpt-9545e36135ccaf84,0
devgpt-5f9c41211b6e3e33,0
devgpt-173b7fdd4f4d2377,0
devgpt-e242a240bcf77074,4
devgpt-b70731878c2a50f3,0
devgpt-24449b5dbee7190c,4
devgpt-ccf3d03926bb1049,2
devgpt-d87cedc68a432390,1
devgpt-d62886b9a6fccb94,3
devgpt-ffc391c107ad0996,3
devgpt-9d56cef2c7ced028,0
devgpt-bdaf5c2576ec486b,2
devgpt-bffec17d64903bbb,3
devgpt-cd09c639abf3bdfb,4
devgpt-d65275ff521f2bf7,1
devgpt-35dcb965b635f875,2
devgpt-a09de7265745f5c3,0
devgpt-3be59bb7f7a2dae0,4
devgpt-14f7a6536021cda9,3
devgpt-ce19f2a721ec40f3,0
devgpt-4c555a9f3d408a03,2
devgpt-4222c6130091ac54,2
devgpt-d40ac71dc492e651,1
devgpt-45eadb2dceedc96e,0
devgpt-be6218b7d78627c1,0
devgpt-73ca17ac8692e327,1
devgpt-9bb9fb0114aa98fd,2
devgpt-5a8c10b8ee46c887,2
devgpt-fdf02ce115ed55d7,4
devgpt-f2cd52c161a1966d,3
devgpt-a2d62ba8f6d1f223,0
devgpt-0d2cc880e2d643a8,2
devgpt-ea3e09aaa8fadc65,1
devgpt-0bf4e932e65b167f,3
devgpt-df81aea6039e3bfa,2
devgpt-e4a385014b23acec,2
devgpt-e15c822fee748d00,4
devgpt-ee934782ba71a2e8,0
devgpt-e11ad45cfde8d909,3
devgpt-b78242d56b3a36e5,4
devgpt-b955b5899e0e865e,2
devgpt-8ea5cb81f3746fd6,4
devgpt-3f9ea2ead148827f,2
devgpt-29a267c2c751a4cc,2
devgpt-a4032d62e2091802,0
devgpt-ffff7145d3dbc4d2,4
devgpt-c24eb0c3014045f2,4
devgpt-6c4f14885f056d56,1
devgpt-3ee1bb6baa4cef09,1
devgpt-a5f5a726c81d40ba,3
devgpt-4970f4a398c202a7,1
devgpt-8725226e079bc32c,2
devgpt-d3c1f83799968a8b,2
devgpt-7ae9b6b92c1ca35a,1
devgpt-f8eb976de3ed7403,2
devgpt-415e7ad6a6d8c33a,3
devgpt-3b5348f7ce544c7f,3
devgpt-8f334e7be44c8bba,2
devgpt-549d41a16e126157,0
devgpt-e988aa83b9be0480,0
devgpt-8c9292f226c73c44,1
devgpt-00ab183d53348f68,4
devgpt-907725b9a16f2e1f,1
devgpt-9181eedaaed6e1de,2
devgpt-6a64c6dc44ae610b,3
devgpt-52bb73b0b858d8e7,3
devgpt-61dd6252d5fa0237,2
devgpt-5f18f5e6d643f60b,4
devgpt-62abbece10ac23c0,4
devgpt-ed31e63b5102ccdc,3
devgpt-c83fbfab41f9477c,4
devgpt-532fe8544421a051,0
devgpt-e2788dbba0a8362f,4
devgpt-250ef928cc7a4c2c,4
devgpt-9fafe4d1e3b8c4a6,2
devgpt-f1e52f647fdeaccc,1
devgpt-8d01db72ebc799bd,0
devgpt-bf5925bfc0184774,3
devgpt-5fc221a2ddb02eb1,2
devgpt-c407bd93d3accd8c,4
devgpt-fcb98c490c7ceddb,3
devgpt-113edba29c5ad895,3
devgpt-78f6dcd1024a3fe9,2
devgpt-5b91b3009f6fa77e,1
devgpt-5a0696b2329c17de,0
devgpt-99b313261bffe699,1
devgpt-558f3a60b55fe816,4
devgpt-3e04dcdbd53ec327,3
devgpt-03faa43623690074,2
devgpt-999aea68ebbabc56,1
devgpt-431d8d4e1ea30f69,2
devgpt-5531866ea70c4061,4
devgpt-abfaa4412153fd38,4
devgpt-06bb1c89e1c42565,0
devgpt-9d08e03f4beb3cb4,2
devgpt-16482753da57e188,1
devgpt-52cd4340c9bc98f5,2
devgpt-58acee2e55c5d0ed,2
devgpt-e6b890f21031ff89,0
devgpt-108a8b663dca5ffd,3
devgpt-24f29dad878eded7,3
devgpt-1aa4acf757e724ab,2
devgpt-8dd8f467bf038d9f,0
devgpt-6ded78bccd559e5d,3
devgpt-9a8fb0ebe6a13fad,1
devgpt-e20fb134eb1f9bf3,4
devgpt-cd529ff02b3987ac,0
devgpt-e630bac8eac89e85,1
devgpt-32fb54fbfd9b9136,2
devgpt-b38f5c54236c5742,0
devgpt-e4776935712f599b,0
devgpt-34a2b1a86af52afa,3
devgpt-8b19e4002d4583b3,3
devgpt-6e604ad8814f43f6,3
devgpt-317b4ddc940c70bb,1
devgpt-82f96f4595a25a15,4
devgpt-5e2f64289ae33134,3
devgpt-e88b686355301fba,3
devgpt-aceacc06a62c3e39,2
devgpt-9c97c112dbb5340d,4
devgpt-70e72854474b2b99,3
devgpt-4cc58ae088220a69,4
devgpt-53b03faca439e309,4
devgpt-3c9b2a5c101ad421,0
devgpt-9756dc411ee2898e,2
devgpt-7dc0e8503f572fb0,2
devgpt-3a45653edda4106d,3
devgpt-ce627e2fee60b98b,3
devgpt-8124b2797f2b5414,4
devgpt-eb06ba09d998f6aa,2
devgpt-2818cfca7db9077c,0
devgpt-77c493504599876a,2
devgpt-6108dc45939c9420,0
devgpt-2396997c2feff5d3,1
devgpt-7ab62a4b277af4f1,3
devgpt-39f432579f71c207,1
devgpt-de959dd17e00d557,0
devgpt-3b1425e73d88be4c,3
devgpt-7bcd45d861c172d7,1
devgpt-97ffdc9b0d11d3fb,3
devgpt-e2e07cd5828adbcc,3
devgpt-a85803d564a63b59,0
devgpt-affbd994bdc3e51c,2
devgpt-9b9b00038f399d7e,2
devgpt-9474ee03fec1a926,1
devgpt-76bd329e3dd7537f,1
devgpt-f91220d9607ca3a4,2
devgpt-71381003adfa5ac6,2
devgpt-9ea523acffe03c3d,2
devgpt-e0f2cf86214d347f,3
devgpt-a15b02061d1b830d,1
devgpt-59167426e85f3932,0
devgpt-18d6666ed0c6255a,1
devgpt-46129e8c524adff1,0
devgpt-cb64a80695adfb15,1
devgpt-124e6aa0e981c439,4
devgpt-7a36ccd031b4e450,2
devgpt-d00a62cf90c080b2,2
devgpt-56ee66ab3457f78c,4
devgpt-50efb601de53fa20,0
devgpt-2edb8ab3afcb2442,3
devgpt-8fa2440c4cd07d7f,4
devgpt-79074605e116c4d6,3
devgpt-f6eced9403c9e95f,4
devgpt-9f670dd9749f6e58,1
devgpt-ebfd8d9bbef8df74,3
devgpt-56fd76e803035c5e,3
devgpt-037fbdcc785aa673,2
devgpt-b782d364335800f9,0
devgpt-6f3ffe42165e1301,2
devgpt-da50019c1a11bad5,0
devgpt-d5862b72e177394d,0
devgpt-c2b331b2342c904f,4
devgpt-99b65698227ad4bc,1
devgpt-800ae9b818e27019,1
devgpt-a0f22197c9bc44c7,0
devgpt-f60cb3d73fdd5d8e,0
devgpt-916c2e77d26e17f1,0
devgpt-8f7fe0fcca07d99f,2
devgpt-e1a84ba2764423f7,1
devgpt-c4547775bada281b,2
devgpt-b6cbbba77a5c3f34,1
devgpt-0a5d5bff2b4642b4,4
devgpt-e2be7028abf9aa64,2
devgpt-a5d2503237dfd0b1,4
devgpt-fdf88d9da711d3b5,3
devgpt-8363c685d543ef2e,3
devgpt-21cf188969e959ff,0
devgpt-f5dd0379aa4fa6a6,2
devgpt-88e6a8217083e35b,2
devgpt-04d9682d26f1ceb2,4
devgpt-691690b2eed88bba,1
devgpt-f50b4f0bc31dd89f,2
devgpt-32a3fc8eba4e8488,2
devgpt-54202cd894b32071,1
devgpt-ab76bbe790b1f9ad,0
devgpt-06032af1db5f9c6e,0
devgpt-05f2cb7b4038067a,4
devgpt-21d41be15d9c36b6,3
devgpt-05ef545c8a9c1584,2
devgpt-2204038b98a3d0d5,0
devgpt-1992cec898bb9366,2
devgpt-830d32e964016a13,4
devgpt-82577d1f7c78a84e,4
devgpt-85e39c16719340dc,0
devgpt-519957cb83db6112,4
devgpt-ef68e63fdd392009,2
devgpt-8df03f5a0b12c3a9,4
devgpt-d6b4017eb4a8372f,0
devgpt-ca559cd6b9dfca1b,2
devgpt-a1b1ee5aeda5baa5,4
devgpt-b8955cb20a9c9efa,4
devgpt-d206c6e7a15065a0,2
devgpt-a9114d2c4a001aa0,3
devgpt-4bdcf4477dfb6285,1
devgpt-f8fd0b007021f9d4,3
devgpt-5adc66d849f95f42,4
devgpt-c520ad0b4de8821d,0
devgpt-7a0328713b7062f6,4
devgpt-b9ffc4cfa8415d14,3
devgpt-8dccfcd64d5e69fd,0
devgpt-6592c9e1d2cfe6fa,0
devgpt-5a935e275eea92e7,0
devgpt-653d0943743189c8,3
devgpt-c3c4323843b0d580,3
devgpt-38598101cef32eb3,4
devgpt-dcb2f4a02c666ea2,0
devgpt-9c0f7ec4c967db71,3
devgpt-17a0bf636de3cbf1,1
devgpt-626ea6d00cb7fc51,0
devgpt-e364f64a9e4925c6,2
devgpt-898f13c5b449eb74,0
devgpt-bf6b060315c72352,3
devgpt-862ba5b50dca1ea8,3
devgpt-613e75524e034b15,0
devgpt-7e049895f9c1e564,2
devgpt-81e0e8c01e2c6101,3
devgpt-bf4aabc798be5714,4
devgpt-fa1d0610032475f9,1
devgpt-ceee776e8be6157f,1
devgpt-bf3dfc7bccacfea3,1
devgpt-efcff7b9cc733d3c,0
devgpt-89d8bab50e5bca1c,1
devgpt-b692476d685772dc,1
devgpt-12be1d754b64a072,1
devgpt-01e0322a5a1605a5,4
devgpt-682755d9b3f76102,0
devgpt-92f0f4ee68e72126,4
devgpt-ea0c2788960b4828,0
devgpt-f3b0da11ac127f1d,2
devgpt-34bfea3abc6a974c,0
devgpt-db5e7658e81b732d,4
devgpt-c2fb9f7d981bf150,4
devgpt-9b1a4e650a2495bf,2
devgpt-f98ff7dfc298e869,2
devgpt-69a55ff368c69fbc,3
devgpt-6c3868c3bf1d32a7,3
devgpt-73c36216f6d88b76,0
devgpt-ab502d85ecf93fc2,3
devgpt-d98096077be822a2,0
devgpt-dad63714cea1b13f,2
devgpt-65c6ea0b52637532,1
devgpt-151936be3dc10f0f,0
devgpt-53a0d3d22d702dd1,1
devgpt-57aee4fd2bc8f9a5,0
devgpt-54761257786d1154,0
devgpt-76a4afe0415e3d3a,0
devgpt-f9534d16155f34b1,2
devgpt-cd0c504ff6e17fa7,3
devgpt-5e9bef1070b8e653,2
devgpt-2c05dfe349fd043c,2
devgpt-1954e452e08de26c,3
devgpt-740a6673c2ccba3d,2
devgpt-9aadfe1d440cfc49,0
devgpt-42e1589cad59c6f0,1
devgpt-636382f24815a3c5,2
devgpt-fc2d4ebf29ade915,1
devgpt-29660351ca4f8790,4
devgpt-977a252282cc4ab5,3
devgpt-ea8da180d546727a,2
devgpt-9cdb6626ec59e737,4
devgpt-930c1e545d22b2fa,3
devgpt-ea4dcbca2cb6d593,1
devgpt-40ecc045cf59d783,4
devgpt-210cad204d79ce93,4
devgpt-4e606b1e3e9630eb,2
devgpt-7d711ffe071513ed,1
devgpt-d516bf751eadf50b,4
devgpt-5383431dc04f0c5f,3
devgpt-60d340e5ffc3f2bb,1
devgpt-fb1dff13fee8b7b0,4
devgpt-946a88cc2438868b,3
devgpt-ce801b46e147b209,4
devgpt-7683136b0b9fc150,3
devgpt-ec51ae780815d5d9,4
devgpt-85d9287427806e8a,4
devgpt-f145b290a8d50c41,2
devgpt-70c5ba7b2bab5b57,2
devgpt-a6fb0887c35931bb,3
devgpt-6ac99243958ee0c3,4
devgpt-dfbdc5cbbb1b9188,4
devgpt-87c91152f72d499d,2
devgpt-e74e881938e8d8e1,3
devgpt-8455c389ec30d9ac,4
devgpt-22ba0670685f4be2,0
devgpt-e8c2c0c7faf704d1,0
devgpt-9b9ec8454b7019cf,1
devgpt-92acf946779334cb,1
devgpt-d6f7407a15b1df84,2
devgpt-7e8facfab0db0df7,0
devgpt-2c251ca419cc4eaf,2
devgpt-d185b981ffb2a4f0,3
devgpt-f5f328de45798719,0
devgpt-355e6a44785d257f,0
devgpt-c7905e41e7c984ec,4
devgpt-ab115a01016b86a5,0
devgpt-53a5fdfc1cfdc989,0
devgpt-65fd50159e67ae64,4
devgpt-d7c2e7bd52f53eaa,4
devgpt-708af0aa0fa297b7,1
devgpt-077856953a659c93,0
devgpt-b9281dee4dbbc82b,2
devgpt-c30be952d57c8d72,4
devgpt-d15cf9ff558a82ac,4
devgpt-348cc847f5e0778c,0
devgpt-bc8af124242b5ad9,2
devgpt-fad34111fe83e4c5,0
devgpt-a977f6b6ee26a36b,4
devgpt-7c12dbde9d4f33d9,1
devgpt-1d957513bd183705,2
devgpt-6dd0342fd97e4bf9,2
devgpt-ae78fcd8d7f2ca83,1
devgpt-d644afd5022d809d,2
devgpt-0dea7cb372e007c9,0
devgpt-3caf5f210cf5c4b8,4
devgpt-85bd1a591ab380ea,2
devgpt-a5a0670044b49001,2
devgpt-c766895e137350c9,4
devgpt-b48f07092eea85c0,0
devgpt-e5284f315f8bd4b1,2
devgpt-c63ae02dc1d2c728,2
devgpt-708a2db19212ba4b,1
devgpt-959190ddb718f7fe,4
devgpt-da7584accbf1b78f,0
devgpt-5826e294ccdb4f7d,4
devgpt-bf4e3622eed4a5ee,1
devgpt-04af25308fdd61b6,1
devgpt-3623a5cdf5c236bf,2
devgpt-651100be6691490c,2
devgpt-663e47b3a456cba6,4
devgpt-c006289e68bd9c71,4
devgpt-2b6714b41f9b8498,2
devgpt-04662099995dc6bb,1
devgpt-93c8a70e8692b523,4
devgpt-20042bc2a96affd2,4
devgpt-f9171dccbe510c58,1
devgpt-05004d931005e828,4
devgpt-2ad3de1205082225,3
devgpt-4855a1715cf8b05a,0
devgpt-cbc10b2363b4eeae,2
devgpt-35f19a2d2f3c239e,2
devgpt-b1222eef4fe3f80e,3
devgpt-4245469c4be9b20b,0
devgpt-594f37037feffa9a,4
devgpt-17016a4b9f82d678,1
devgpt-7d443b6999454f10,2
devgpt-bde72b30edfb322e,4
devgpt-38ca3e918eb4f43d,3
devgpt-753f2359f5a97e55,0
devgpt-fc26b8cf845ee8d0,3
devgpt-90a7ecc52d2e1aba,1
devgpt-1cc055d8a678735e,0
devgpt-881f2604e0bdd11a,2
devgpt-965015f29605f3c9,3
devgpt-89121228c6fb821b,4
devgpt-bdf8e98cbbe5b362,1
devgpt-d9ce090cdb0795cb,3
devgpt-c4574e39d09c9a16,3
devgpt-5d0b248206e1cfe4,2
devgpt-337fe5bb3e7918c7,2
devgpt-4e2b63b9ec1a3839,4
devgpt-fbeb8d0b57125dee,2
devgpt-2eea7bdcd496a857,2
devgpt-d32029df9682dcd1,0
devgpt-823544e5c0542dc2,0
devgpt-f96e6c3291a48825,0
devgpt-7e99818d8ee0e974,2
devgpt-5a24c6d9f9dd50b8,0
devgpt-8cc6112c739f28f4,1
devgpt-0767b5714faaa2ca,2
devgpt-b9815bafe6cdcdc4,0
devgpt-92cdbf3ad1644dbb,2
devgpt-369f8017cd8cac4a,0
devgpt-993ba102a9c91cca,2
devgpt-f8db75a1de8c4b5e,4
devgpt-5d20b54cc1ca41a8,2
devgpt-90649d910fb05785,0
devgpt-38a58651f6698afa,2
devgpt-3f7b7681319c620d,3
devgpt-3dfccd5ced4dc352,4
devgpt-4cbfa1abd7ad89a0,2
devgpt-674d26b144196393,4
devgpt-3e75d2221e03feb5,1
devgpt-7fd1eafa75e521bc,0
devgpt-b30a50dd0cc95db6,1
devgpt-8ce5f0e27d86fdc1,4
devgpt-9c65823122b0150e,1
devgpt-5fa894c07e3e0289,0
devgpt-3c91bf2fe2a5a278,0
devgpt-b39d194d73cefa44,1
devgpt-41b285b94a5c9180,0
devgpt-ed76ba867edab285,0
devgpt-026b3f043820149f,3
devgpt-bdd60241149e25a2,1
devgpt-a5130c9d50bec863,2
devgpt-418e9c3f2d6e35ab,3
devgpt-4dd748b76880a1e6,4
devgpt-a8c068a6f306bd53,0
devgpt-f87abc34d431d766,1
devgpt-9a7a88ee604e72bd,0
devgpt-40617e70faa43fb2,2
devgpt-46e9065402da4b36,2
devgpt-80094e7c40845cac,2
devgpt-d17b1e2e465430a7,3
devgpt-de8c151519735d46,4
devgpt-31c07f7915e15ca8,3
devgpt-c936a136a336611b,2
devgpt-495554cf663c3c84,0
devgpt-8eab07407ca80486,0
devgpt-ae73cda2029778d2,0
devgpt-5740ab2836fc9081,3
devgpt-fca952fd35fd0da8,1
devgpt-4b04ecfc376de2c6,3
devgpt-c9982dcccd908e93,4
devgpt-af038e26d63184d1,4
devgpt-e3d9917559c94db3,3
devgpt-c81ea5d692b76008,0
devgpt-2c091dadebcbd083,1
devgpt-2075260014d3fcd8,3
devgpt-4d37c20df720ead4,2
devgpt-e6fca1ea9866db30,3
devgpt-987baf3178e1e276,0
devgpt-ec39e6defac3d451,3
devgpt-0786e2711456b46f,0
devgpt-4e886a746e575e93,1
devgpt-27134e063d11e201,2
devgpt-0343fae68f70ea18,1
devgpt-e11b324bec01eab3,1
devgpt-0514a8375d4bb6e4,0
devgpt-915ca86c34cce652,3
devgpt-5d7ef5e7fcd573ec,4
devgpt-d4b67a9a82dc3f9e,1
devgpt-d5bf7ee8f1f81c77,1
devgpt-727a7abb2167b2bf,4
devgpt-21691b46668431a0,4
devgpt-1367519677d81332,0
devgpt-6fc1c899863db24e,4
devgpt-0cc33574480d9e30,1
devgpt-c52ca2169aa15c34,3
devgpt-bc125c4215049209,3
devgpt-d2ff38021f0cfd2e,2
devgpt-9d71826eec57bf77,3
devgpt-b7fab7c22efd985b,0
devgpt-999a3038e931d536,0
devgpt-67f1a0b2d41eb92b,1
devgpt-a1c18895507824c1,4
devgpt-7070b54bca45ff3f,1
devgpt-c99fe19ca16c41e3,0
devgpt-90be631391caaf7b,4
devgpt-93acdd443e82f8f8,4
devgpt-a57bd34bdccd4f81,4
devgpt-2e2f9fbf8c5effd6,2
devgpt-ae2dcb471e654b00,1
devgpt-085307060e51c8fd,4
devgpt-998685e43e77c0b8,4
devgpt-a003656319154b64,0
devgpt-fbb32c3e1c1edd0a,3
devgpt-097382e6c44e2e39,2
devgpt-f90645ad0cfd19db,3
devgpt-2933529602b20415,2
devgpt-6c4bcb06db30ca96,1
devgpt-93502bb97a985119,3
devgpt-eb83a639cead68a2,3
devgpt-64be179e379df800,0
devgpt-ecae3363bdaa7e2a,4
devgpt-be8f29125976a4e0,4
devgpt-d95915b9b5371b27,2
devgpt-bff2829e3452c6a2,0
devgpt-b101cadcfcbcbee4,3
devgpt-9aae9d3fc6d4e20b,1
devgpt-24d7fb7b4d1e017d,0
devgpt-98ef749193f10adc,4
devgpt-433c3eecbbf0744c,1
devgpt-385ee45ccb4139aa,4
devgpt-f01f0cc9e2cbddea,3
devgpt-1061b736fc4ceaa3,3
devgpt-537f36858153532a,1
devgpt-e55154131b968f57,3
devgpt-1261e31a1ea5affb,2
devgpt-faca077d81b98a14,0
devgpt-13d196be1082b896,1
devgpt-ea337fc86abe7ebd,4
devgpt-dc2bdaf3f35e0f51,3
devgpt-8fe5cc4f98614432,2
devgpt-b79337df9cf542c9,1
devgpt-750f6b53421a3986,1
devgpt-11a61562878b9f27,2
devgpt-37d84db90f8cc296,1
devgpt-50ff44a0e4e43c4c,3
devgpt-ee077cd3a816756b,0
devgpt-61eaf4e4a50a7d25,3
devgpt-1850f3cb8f39a80c,4
devgpt-2504dbdd4fa9bb5d,4
devgpt-2486a90aa344879e,1
devgpt-b39f0bc3312641e3,4
devgpt-28660d8cdc83ef1c,2
devgpt-573d686c5f1b8f80,0
devgpt-ad4c48ee404c07af,0
devgpt-aa8e0ed2b32f2e8f,2
devgpt-1c5f67f63d5538a3,3
devgpt-7b229f7af9a308ca,4
devgpt-c917f75286984c9b,2
devgpt-4f2f5b3532d4aa9b,2
devgpt-9318f8a9bce628b2,1
devgpt-0205657869bd69e5,0
devgpt-32280fc02ee3c770,3
devgpt-af1078ed623943da,4
devgpt-15dd93c4abb08d19,3
devgpt-30d2a1a96f67ba63,3
devgpt-afd915ea413b9bf1,4
devgpt-efd7d90f304747a2,3
devgpt-30ffc49547a36bf0,3
devgpt-f91ee189cd2b78f8,4
devgpt-1268c40eb47d5fd4,0
devgpt-122a33d347a573c2,1
devgpt-c9568e7fc7f08761,3
devgpt-4be5fc8db88b7029,0
devgpt-96d3a6ab1e90548c,1
devgpt-977d933438c3d2fb,0
devgpt-df8b01bca11d16e3,3
devgpt-a6ced32ff0337cfb,1
devgpt-6884621446da45d7,0
devgpt-738bf926f61ef7fd,3
devgpt-31a12dcbb36cf577,3
devgpt-79c963c4d9e02f73,1
devgpt-26e437d3a09939ef,0
devgpt-882a394d924aae09,0
devgpt-e14fbc4bf2b7ba17,0
devgpt-faf9dfbb6af5eeb1,3
devgpt-cfe76a94e43deb17,2
devgpt-b5f55ab037535d05,1
devgpt-fe10ee93835b7bf5,1
devgpt-01a5985d993944c1,4
devgpt-ad57b99d488e13a3,0
devgpt-7b4408b2c2287555,0
devgpt-cd79faadb6768dcc,0
devgpt-04ba7ae357807f93,4
devgpt-e4cb2762e8792d36,1
devgpt-849341f40f35a92d,2
devgpt-5912eff77f48f090,4
devgpt-0627f2f7d378ff2b,0
devgpt-27b1ae00bbd33fbb,3
devgpt-f2b1864b07b44e19,2
devgpt-ea743f9bc9257ba0,2
devgpt-ae0594d36e05a1b7,2
devgpt-30b4dc03408c8ebf,1
devgpt-27853f38bd97e6c9,1
devgpt-d31529b0ed011ee0,4
devgpt-5fc573e7270a34cc,1
devgpt-dafff867e92de0d4,4
devgpt-69bd773b040abf2e,4
devgpt-6e9f92737890aa8c,4
devgpt-8ee4955635240c7d,3
devgpt-e0cf2c23d2b0781b,3
devgpt-335ceea0bf466a4a,1
devgpt-3a5432755ca0ed33,1
devgpt-0f329ebc6e6c24b5,3
devgpt-0c25a303d4ebccba,2
devgpt-bd71609038a4ccd8,3
devgpt-04cf4603ccf5fb6c,4
devgpt-a8092fa6aa9d5fc2,2
devgpt-805c99a27ee08cd4,0
devgpt-784f7da506f42ec2,2
devgpt-da3f28744be0caa1,4
devgpt-416e4875c853ffdd,2
devgpt-838de5dd525144b3,0
devgpt-7898501970be62b8,3
devgpt-01ea7aa63e9eac05,0
devgpt-57c3152c5594a7e7,4
devgpt-f81942c982e7cc9e,0
devgpt-de5cc81a7d75ff0d,0
devgpt-e04360f61706b579,3
devgpt-d13ad48a20068aa7,3
devgpt-7de9ca72e063fd5b,3
devgpt-d76bee59d7d765b7,1
devgpt-60a0a29cf86ca78d,4
devgpt-a081626b689e8a13,0
devgpt-25efd82eab4cf800,4
devgpt-a546d372bf074de2,4
devgpt-81626a6a061b862b,1
devgpt-c79e387e969ea068,0
devgpt-ce8930d119fe43cb,0
devgpt-d3e8a0b581b046f0,2
devgpt-77c48ae2a8b7a0e3,1
devgpt-21a59103312d1d4c,1
devgpt-3fc32652aa874fd3,2
devgpt-7210398b245267f1,0
devgpt-f7eec645cc35cf26,1
devgpt-2b82867512dce0f8,1
devgpt-e65df0fdfcb4415c,0
devgpt-73a0dc5d42e10519,3
devgpt-5a97ab22915ff4cd,4
devgpt-ffef9dde11632585,0
devgpt-35603dd597c2afce,2
devgpt-c4c057fcf0b6d361,0
devgpt-39f525da7c250f9c,0
devgpt-58dfadc233e3500f,3
devgpt-bb94707daba8b472,4
devgpt-f1f14a8eb1ea4d5b,4
devgpt-4a843215e98ca299,3
devgpt-90c5a4ca40567f6f,1
devgpt-829fd63a40e65907,3
devgpt-2ff4d1475224106c,1
devgpt-aadad34758c63427,1
devgpt-422d4781e92e9a15,3
devgpt-83983fd91e873fc9,1
devgpt-9ad5454b1d128ea2,3
devgpt-9ea4a3bf4821f36d,4
devgpt-f82bc759377984f4,4
devgpt-1378d8e7823850f7,0
devgpt-cc6e013eb4d25c17,4
devgpt-da0db25a8260bbeb,4
devgpt-fcd8d99c2c2526ce,2
devgpt-bc6e709ee8a521c0,2
devgpt-c3f5ff6c9d907d95,2
devgpt-e49a8e34c54c84db,2
devgpt-59b8ec145aef614d,0
devgpt-326b7f95d3f1b3a5,4
devgpt-4a03891f6b124875,3
devgpt-47978d3b22e435a3,0
devgpt-c643eabb969a0c44,2
devgpt-ef4be9db53b41fdb,3
devgpt-7b5557fdc1d1fd49,1
devgpt-6810ffdfa02f864c,0
devgpt-a6e26f0be582523b,1
devgpt-6a7a48e49eb25933,1
devgpt-c1f875fe5f3d47ac,0
devgpt-bedebbffe02b92be,2
devgpt-8aa214eb345dfb5c,3
devgpt-612df0324ed540d2,1
devgpt-63752b117b283314,0
devgpt-b793cbce7e859c85,2
devgpt-3d20e765dd25fcfd,1
devgpt-9349320f226d7033,0
devgpt-8e0d14d64c16f8dc,1
devgpt-30d85040bfc02aa1,3
devgpt-94e040fa85e22000,3
devgpt-9d28e5231acc7152,4
devgpt-9fbad328eec6c70a,3
devgpt-71810162c9b8eb64,0
devgpt-92e842e71cf3b411,1
devgpt-47f4ba13d17fea58,3
devgpt-d09db6a18682b559,4
devgpt-4f11389732468f4f,1
devgpt-8fb2c367539257b5,4
devgpt-ec34043c5b5e805e,3
devgpt-68123e17de5b9747,3
devgpt-678e33fa02f2b442,2
devgpt-c463c8e407583911,0
devgpt-8285156d83081466,3
devgpt-aa0ee86afff57f0f,4
devgpt-15ae541dc6165fa7,1
devgpt-e2aef0f71f0c305d,3
devgpt-ab4577160192845c,1
devgpt-2d06ad44959d5fd1,3
devgpt-0ea828ff016cdefd,2
devgpt-ddaa5de01afc475d,0
devgpt-fd5015b95ee8e1a3,3
devgpt-1d368e8197893a62,2
devgpt-9eb0d0236a006085,1
devgpt-ac16c0bdc1561109,3
devgpt-e348ce6f9c8baf17,1
devgpt-0bd6576fee0c99c5,4
devgpt-7db28f1fbd1452b3,2
devgpt-b69f4d7f88f06aa8,1
devgpt-464f87fcc605bef1,4
devgpt-7457a2a3e6319dbe,3
devgpt-c665c3209b20f4aa,0
devgpt-a42cd81159871bdf,4
devgpt-5e9edfa1da645720,1
devgpt-f30aeef1691afd24,2
devgpt-a7882de1093f7638,0
devgpt-772df12cdcd48376,2
devgpt-ebe8a027fd43fae7,3
devgpt-2da6cc79b957c598,4
devgpt-5bceb68db126f4b7,0
devgpt-5c7415d11b7c8a12,1
devgpt-dfd8a9322811506c,4
devgpt-21ecfa317f74d9ba,1
devgpt-30def3c3a550d02b,4
devgpt-bb628cc14f79aa9a,1
devgpt-7b5811294feff73d,0
devgpt-8e5bb3737fb71522,4
devgpt-13066fa57be5c150,4
devgpt-e2bcd1d38604c216,4
devgpt-61afcfac6539f1bb,4
devgpt-3f41d179e2b6eb6a,4
devgpt-bd1500d555437bd0,1
devgpt-b7f4c662a891e7d9,4
devgpt-1859f01cc0d330be,3
devgpt-68dda4006e4aa815,4
devgpt-5b9fe39e115b7590,3
devgpt-ecfbeadd97165858,3
devgpt-cb7d191ad28487e6,2
devgpt-1ea423b496b44b90,0
devgpt-4556b8477f8fb172,0
devgpt-d2df2387cd020bba,1
devgpt-91e1c2e6c20c1c53,0
devgpt-183a7b4078b1fdef,2
devgpt-72903c24af652023,2
devgpt-a537f74930d7770b,1
devgpt-21a081adb00e9442,1
devgpt-8d9c96d2064eb974,1
devgpt-00bc17fa7dc9cb84,2
devgpt-b2f74d07ec2d5dd8,2
devgpt-106a797e4c0deb6d,3
devgpt-8d1baf7e9daef047,4
devgpt-8ff2e181038d55ec,4
devgpt-fd35ed4325b61477,2
devgpt-a8e912290fc3e7c4,2
devgpt-53c6d135d7809cae,3
devgpt-3a75eefe4a49a97c,2
devgpt-10af595651223f86,4
devgpt-fe893a2287db00e8,4
devgpt-0135a38dee0d9289,4
devgpt-aa5efe0c2740c4b7,2
devgpt-b2740271991019ae,3
devgpt-2b6685ffc5659571,4
devgpt-3a5cfce408a6d7e1,4
devgpt-8e2ab05920fc5857,4
devgpt-1a06bdfa15775cd9,0
devgpt-0635f52078a75f7a,4
devgpt-355161a11790ee91,1
devgpt-4d8c2044f8c78f09,1
devgpt-0d7b15da1b0397dd,1
devgpt-8ce285b6b332ec6e,1
devgpt-e8f70b621a726be3,4
devgpt-d022c8bb2ed592e3,2
devgpt-9081a1c8148c6eaf,3
devgpt-bce62cb59a488dad,4
devgpt-9965431dd40d9c52,1
devgpt-c89f68663572eb25,0
devgpt-77d16e889fefe0f0,0
devgpt-ef9f9772eab73858,2
devgpt-0d68cc00be7e276e,4
devgpt-453c48a1ed894c58,2
devgpt-d2439fbf2025ee59,3
devgpt-efb4b827e2a35508,3
devgpt-9722383207952cc1,2
devgpt-2dcd53b84b25c865,4
devgpt-9baff878db7e84ce,1
devgpt-6b44ac4d47e5ea03,1
devgpt-dbf935a87b120e1b,2
devgpt-ba95b2ee81086075,1
devgpt-cb56a0a77e557b02,3
devgpt-0dda7265087154ae,1
devgpt-74bf8c62714e63d6,4
devgpt-b279a85e5b162177,1
devgpt-89c2993d7d315412,0
devgpt-ab4fe0a3548ef849,3
devgpt-6bf6bf924fa0b54a,4
devgpt-c9117998181fe721,3
devgpt-b316e52c8df5740f,3
devgpt-464bd84391645b29,0
devgpt-5324892499ccd73b,1
devgpt-25b7e4607884f3aa,3
devgpt-2570847fbdf84029,3
devgpt-a8aa06ade95a330b,4
devgpt-0393f6947798ee87,0
devgpt-7f658fc5c9fb39a4,2
devgpt-74bd5b52cd54c6f4,4
devgpt-bc751af36ec3cc52,1
devgpt-114e4261a3e72082,1
devgpt-7a70210ed9357015,4
devgpt-37f1480ef02a49ba,4
devgpt-fe7011244b181669,4
devgpt-d827649cc3f7148e,0
devgpt-89f04cb418daa67f,2
devgpt-39b576871dcc4fc9,2
devgpt-f13246e47a645c0d,1
devgpt-c7a417bb39411ee5,0
devgpt-0dc4f8a12cbd738c,4
devgpt-299d4e2dad37546d,0
devgpt-e8f43b912149b2cd,0
devgpt-b4cb35070512bc47,3
devgpt-0e4df951510522fb,1
devgpt-aeac132d0a293b0b,0
devgpt-d039b47d12594a6c,1
devgpt-919678ac2068cd76,4
devgpt-545f8d5f75fcf82d,1
devgpt-6bc31c37b744ce0e,1
devgpt-f40c9beea9ecba41,4
devgpt-becf38f4a10699bc,4
devgpt-d97b8ffde7c4c97c,1
devgpt-ea9ef6a84513c468,1
devgpt-772402707cf8ef64,3
devgpt-07aade97c1796c3c,1
devgpt-df7c2403c20da8a5,2
devgpt-ebd24da268a98ec9,0
devgpt-72a814de08b33eb5,1
devgpt-cf280a5a4d127b6c,1
devgpt-04b1ca82ea888719,0
devgpt-03574e29bf291bee,2
devgpt-cdb58dd4968150ee,1
devgpt-ef99da7456cd2dfc,4
devgpt-7fc296ac83576fb7,1
devgpt-f28dc1a12ca8d6c4,4
devgpt-e7b180074987c32b,4
devgpt-2a7e077fba4748ae,4
devgpt-997bd700027674be,1
devgpt-c653ed2f619621a4,0
devgpt-8fa0f11680e3db60,2
devgpt-1286af1603ac1f0a,0
devgpt-c13c38588e66fa33,4
devgpt-49e4803c3189bd92,2
devgpt-62e85b161ceaee4c,4
devgpt-9f42e32f8e8413fd,2
devgpt-fc12778f1073e626,3
devgpt-604245d1c06567ae,3
devgpt-430374c024687e5f,4
devgpt-254516a612a79c82,0
devgpt-1bdfb1345b842e1a,1
devgpt-7b8329ab298fa212,0
devgpt-2f42ccdfd779e085,0
devgpt-e90cf93b6a014ee9,4
devgpt-30757800c516ce8d,1
devgpt-2c59372cd2cd58e5,0
devgpt-7b15ff6e53d84d5f,1
devgpt-64dd3abd52be1473,4
devgpt-8b1e66f48e14b022,3
devgpt-652dfe69730ae16b,3
devgpt-a9116efc8b9af4ba,2
devgpt-f77bdd2aee1ab241,0
devgpt-bca05abdfc2e8c90,0
devgpt-be681bb83b244a2b,0
devgpt-85ae868780f57415,0
devgpt-bfe7fb0f19f6bf3b,3
devgpt-7294282ce381ccfd,1
devgpt-1bc63adb379bf004,4
devgpt-1045e05eb245c90b,1
devgpt-ff40d63ac4a03e13,0
devgpt-ff22618dc95e05fb,1
devgpt-194f750d0f92a81a,0
devgpt-14f524512981be49,2
devgpt-15e05e5ae7aadb1e,3
devgpt-8368154b58aa34a8,0
devgpt-2b24569b65f70453,0
devgpt-5df932ecfa79ad10,2
devgpt-a177ce1c9edf23ee,0
devgpt-d95a20d3f340ffdc,0
devgpt-71cba4db714b2bc2,2
devgpt-26c535d04523a674,0
devgpt-d8427562d590c78a,1
devgpt-a85346f2f56c6ee2,2
devgpt-f5de414567c5667e,3
devgpt-bb61ed54b200dcb3,2
devgpt-b27a05f65a3fe8d1,0
devgpt-205e1b7b09e0f02b,4
devgpt-663b28b542c2bbde,0
devgpt-3819b3c14b95e61d,2
devgpt-3c706b275b7d0191,3
devgpt-4ded8152495d64f7,2
devgpt-e195649db95ddbff,0
devgpt-8122e7f9b31bf803,4
devgpt-a13298ced77f1fbe,0
devgpt-0df390a6727142f2,4
devgpt-86f9eb66da11939a,0
devgpt-f1d78451925388f0,1
devgpt-156ce4b20202a1cc,2
devgpt-96c6bc006548a6a6,0
devgpt-f0ba6b75fdc695c4,1
devgpt-ee3a050eb7505c70,1
devgpt-863ad92a6f26d35c,2
devgpt-b803f7c78984a9e2,3
devgpt-1b6ecc844aeee5f0,1
devgpt-006378ef63b8640f,2
devgpt-f1df652f4178370d,2
devgpt-6630e01635d26e3a,4
devgpt-2dd94f76aaf1ed84,0
devgpt-f72d1c19a4a3f517,1
devgpt-0a1bac6cc4fbc406,4
devgpt-6edf3e610327ffe7,3
devgpt-54c5f8ed9f80076a,1
devgpt-ddbc850fda158307,3
devgpt-5a0cd997c3591259,2
devgpt-ac905c398abee09c,2
devgpt-6bb37688b029d609,0
devgpt-a3a9754b300c03b8,2
devgpt-f2a14de0ceaa514c,1
devgpt-eae3c3e3c7d52dd5,1
devgpt-020a115e02a208b1,3
devgpt-95f50f7c2d150627,4
devgpt-b5137d876aede8db,4
devgpt-eb5ab46868a3f303,0
devgpt-c53ff0ae815c28d5,1
devgpt-ace8a3098968a8e1,4
devgpt-58d69d263200a7fb,1
devgpt-5de8e225208d2f9d,4
devgpt-950c20359cdfbbe2,2
devgpt-dabf39ff4a4a0af6,2
devgpt-ec0de66c4eda2599,4
devgpt-50c013f08ab57fbc,1
devgpt-a4eeeb129cd28019,3
devgpt-673473a0aa5ea8f0,0
devgpt-52f4500dba1b11e7,3
devgpt-5c99f377f359f95e,3
devgpt-4d3291677821efc2,4
devgpt-d8c35da21e546b4d,0
devgpt-520abc28a10f0c01,0
devgpt-1656d1295fe9d021,3
devgpt-41bd556f6d1418a6,1
devgpt-90e3a6891aefe8f2,3
devgpt-93a7f558161f42fb,1
devgpt-f5133ea4464a2e62,2
devgpt-193be90f5e77541d,3
devgpt-dd41a563ef99b6b0,0
devgpt-0eaf978e8413f81d,1
devgpt-eb97192da01d8ff3,4
devgpt-2f159415ab1d95c3,4
devgpt-1e7e5c3cb30a5654,0
devgpt-7e2fefef90c8bcd2,4
devgpt-f4bab3660da7afc6,1
devgpt-972df9e5e8f37a03,0
devgpt-7ffe8d5f99ba9828,2
devgpt-772a8e8529e075ac,2
devgpt-5174762a9c6f9c54,3
devgpt-b25604be68023543,1
devgpt-c656c60e6b4d1583,3
devgpt-652542065cde327f,3
devgpt-22228a706b656ad0,3
devgpt-c2f0e503fdce43d9,4
devgpt-ad965351d4702ecd,1
devgpt-43fa4d4648ce1011,4
devgpt-06dfa4dc0406eeb1,1
devgpt-e467cee9ffbd14fc,0
devgpt-5d0370ebf8e56ffd,2
devgpt-02a7de5bc8ec7831,4
devgpt-a2332095231a0553,3
devgpt-78ac8cc7b7cd0cac,0
devgpt-b6037ef19bcd040e,4
devgpt-4621db2f468473dd,4
devgpt-519c4917041684ee,0
devgpt-684b846fb5c8ac04,3
devgpt-958b820ff59a0c42,2
devgpt-a25ea0bd9845b283,2
devgpt-cc5f02797dc54a03,4
devgpt-fef1cce234fcbaf0,3
devgpt-afb205cf9908fc91,3
devgpt-3e3a67c9c8d25c1d,3
devgpt-05e51df9a2b08cb5,2
devgpt-e5771f3410dda555,4
devgpt-7bb7ecc274c53777,0
devgpt-90b71cc7f67ddfc3,2
devgpt-e1dbdc205c8004a2,1
devgpt-8b93fbc97324a04f,1
devgpt-df15f10b15e345c9,4
devgpt-732a006dfbfc2df6,3
devgpt-a3c133690540ca08,4
devgpt-81236f541d5029ab,2
devgpt-b96311e37bbede8a,1
devgpt-42d35d99d5b0564c,0
devgpt-967a5cc2003f9bbf,3
devgpt-df932bbc7adbb38c,0
devgpt-7c2f696960532f7c,4
devgpt-6e7466ba59a02828,3
devgpt-f73a8f1d927c345a,0
devgpt-5a6c8fd3c154273b,0
devgpt-b73ac6ee1d9bb8ca,4
devgpt-be563ca14cae8c4e,0
devgpt-ce669f68cbe0db42,0
devgpt-0dd31caf8460286d,1
devgpt-6431cb7346a7c767,0
devgpt-202e76e29989831b,0
devgpt-ca780d5483044105,1
devgpt-2feb202ba0e3e522,3
devgpt-2648b7e90f763cd7,1
devgpt-f1346c9d5d52446f,4
devgpt-83908fbb53d421e1,4
devgpt-a470b56082eadbec,3
devgpt-1dcf7aead97d4fc7,1
devgpt-9b787a1df915ea96,3
devgpt-80b6fd99b2e1ce01,1
devgpt-fff835c4dd522766,3
devgpt-2c2b01c98411cff8,4
devgpt-d2dacd715bc2c355,4
devgpt-1ef2f69ea0299a79,4
devgpt-d5144e0f29400684,1
devgpt-321c303976b3cf81,1
devgpt-94bc172a0d81d231,2
devgpt-6808397dd8404127,3
devgpt-451c82c183c45f44,1
devgpt-8869f5946c07955a,3
devgpt-9b7ffb16bddab376,2
devgpt-9a9ea1e54081c312,0
devgpt-f447f72089881410,0
devgpt-90498a59dc39cf89,2
devgpt-7c1524b5252984d8,4
devgpt-1ea8b3931cd9e729,3
devgpt-8272412669b90ad6,4
devgpt-9c376954794f1155,1
devgpt-215a351b77d215f2,1
devgpt-36a23fc877f54e2c,4
devgpt-91b77737a17c6b34,0
devgpt-c50737da6e9c6230,2
devgpt-8272261f6f08a7c2,3
devgpt-af5e40dedbcaeddf,2
devgpt-ff6da95235128483,4
devgpt-864ae63be02eaac9,2
devgpt-4a2f46ee4a3caadf,1
devgpt-8b443be4e879060b,1
devgpt-c44613b87f3c2214,1
devgpt-f32bc65fc9b40595,2
devgpt-c894b819fa3f3889,4
devgpt-26ad976cd658d2a9,4
devgpt-ab55a6e956cfed1d,1
devgpt-d4905213be842221,2
devgpt-040c97247c379c34,4
devgpt-e593d5a4445c5463,4
devgpt-5386f34defa8761e,3
devgpt-cb9c7eccf5c56669,3
devgpt-fb9dab9c581d0b81,2
devgpt-d2814a85923cd342,2
devgpt-eaffe177efd46b2b,0
devgpt-2a772f9d87bed0b5,1
devgpt-46bd85a851314af9,2
devgpt-62bd1b5c3487b000,1
devgpt-d87c059ec82a81a3,1
devgpt-d6d0abc8b76b0fb8,3
devgpt-ba5ea85af64dc733,4
devgpt-54688ffd11fe59a0,0
devgpt-6e49bd44689b25a1,4
devgpt-e46da296f1e6a31b,3
devgpt-2637af94e4fc7f7e,2
devgpt-4a95b4bfaaee7acc,1
devgpt-b46b5f1f64b5a551,3
devgpt-4cc7f0841481d25f,0
devgpt-cc1e3a31082d41ac,0
devgpt-092273b50483b463,4
devgpt-5824ebdfbf704b27,0
devgpt-8114e252f292a4a9,1
devgpt-73b1a5d2febc589c,4
devgpt-88af253f5eb69c80,3
devgpt-6336476b983024e8,3
devgpt-352298eea61f7bf9,1
devgpt-ea04818b4de3b4a4,1
devgpt-0e4578e39bc13f08,4
devgpt-14128ba4c31de6c5,2
devgpt-8782def9aa7d551e,2
devgpt-0e770b8514cf9862,1
devgpt-b08cc2ab01fe6012,4
devgpt-3d18edafc336e7de,3
devgpt-c1dc82372889e24d,3
devgpt-03a0f09d6a8087d5,1
devgpt-18f91f1029d45d96,1
devgpt-13d5b71bfa1636d2,0
devgpt-175c23556b598f08,1
devgpt-1f0579d72a982a98,3
devgpt-e72b976ae063cb47,1
devgpt-fda541e6fdd5b1c1,1
devgpt-15b64355bef9914a,0
devgpt-61ba26d413721ef5,1
devgpt-ef57b7eaf792fa7c,4
devgpt-b8a9f753fcc0d5cf,1
devgpt-a0d3749a50748264,1
devgpt-12136e279a0efa51,2
devgpt-bba91d227cc18642,1
devgpt-6b040b331dd2e490,1
devgpt-606db914f55caf4a,1
devgpt-27cae711b809b703,2
devgpt-9ea55102fcc418b0,4
devgpt-2351d61f82e0cf95,0
devgpt-e859faad4ebef9f3,1
devgpt-be8ed3d2d9ead3b8,3
devgpt-f2d9e286791c11d7,0
devgpt-0446626861499d8e,1
devgpt-4fb20388588af283,3
devgpt-3fa9425140825a3d,2
devgpt-9b08d194f66390d7,3
devgpt-c1c9d72faedee4f1,3
devgpt-fc9cc4ea62e65e63,3
devgpt-7ca59324c8fabf99,1
devgpt-6b672cdb55be72da,1
devgpt-a25514ebaf266d76,4
devgpt-fbf0d6cea65bb30e,2
devgpt-32b82e7591ff48e2,1
devgpt-9daca1d08494b4ab,3
devgpt-7a868898bd5164f9,1
devgpt-dad2a60bc474ba47,0
devgpt-4de131c83e2ccaba,4
devgpt-fc0d756acebc1850,1
devgpt-065f1791b011db55,1
devgpt-e749d66d18d95aee,1
devgpt-8895beed18d40f44,0
devgpt-bbab948a13ecd07f,3
devgpt-11f02094f3348689,3
devgpt-9a5fd8a267a89e99,1
devgpt-5d287e2887e34b9c,3
devgpt-e468a2612e209c6b,2
devgpt-874f37896ece00d8,4
devgpt-fae5fbeb3fc5b57c,1
devgpt-3a929bc17ce10dec,1
devgpt-c82e39ac6440ebb1,0
devgpt-98df647a37679d6a,1
devgpt-05e79fcd3ddcd270,1
devgpt-12e4e58c281d6820,1
devgpt-a03feeb533010c78,4
devgpt-923af7473204fb2c,2
devgpt-6bb318e2cbe73cda,0
devgpt-192fa80cb47c88c8,2
devgpt-3469c2b1999a772e,1
devgpt-e98707cdfbc0c4f0,0
devgpt-08ee657041b13363,2
devgpt-a8edf3dd6dd3a416,4
devgpt-088f01ee462cda0c,4
devgpt-692d5adf90575816,1
devgpt-dbdb2f1e4e00874a,2
devgpt-b77bb63bb823ee34,4
devgpt-ed0cc4e13fb4b5e1,4
devgpt-14ec73ac93c19721,0
devgpt-6c2b49c7ae9c54c1,1
devgpt-aadf7c6bcb7d7e2d,0
devgpt-6e37bc55b3a384a6,0
devgpt-a8ec388fa5178425,1
devgpt-b4650c4d4d81b77e,2
devgpt-0cc8002be181feb6,2
devgpt-c89f4b73a3227c63,3
devgpt-82be393a38ef1ac4,0
devgpt-93fe4314e62e005a,2
devgpt-107968ea214d2c11,1
devgpt-9623b5074cc8cde1,4
devgpt-5500f74b95b346ff,1
devgpt-c12aa5aa1b126b9b,0
devgpt-734a8d6b787c8f3b,1
devgpt-3222532f17a5d995,2
devgpt-4dee90a5d524f751,4
devgpt-360cddb1c97b8211,2
devgpt-7b45a2b0564651c1,1
devgpt-b976c75d8a2cf2a2,3
devgpt-893d9126c9eec48b,0
devgpt-379099b250626062,1
devgpt-8f4f800957155b13,3
devgpt-3355e53d75e7bdfb,0
devgpt-a5cd5b03c85b175c,2
devgpt-0849991dbcfb8e3e,3
devgpt-bfcd6f095fa0db69,2
devgpt-7f6079c56fed12c9,3
devgpt-91f6f1c8d316080d,1
devgpt-08cb2fbf108d31ce,2
devgpt-d26c3c032c4048be,1
devgpt-d5bc4111839684b8,2
devgpt-5c7952942c395209,4
devgpt-c08fcc78673f2545,0
devgpt-73e43d90f5f0ab86,4
devgpt-a34268feca692072,4
devgpt-bd5191a37c5c3c5d,1
devgpt-71d456010f7446d5,4
devgpt-a2eeae522e9c63be,3
devgpt-8aa0915c94b71e5b,1
devgpt-42e889e42b357b02,3
devgpt-713f5908d00b5378,1
devgpt-97d34611453d1b7d,3
devgpt-1f222936fb5532de,1
devgpt-fce48c38a131f2e7,2
devgpt-fd9fb2eade890f6c,4
devgpt-b21949055c11c472,4
devgpt-bc8a6cb1b960be84,0
devgpt-0051e93dd59d197e,1
devgpt-d5e426bbc4cb2541,3
devgpt-5ececfebc5d3d5f1,0
devgpt-949e674f53d7e782,0
devgpt-ce3ad847c31c1e66,0
devgpt-e5758309f50d4db2,2
devgpt-ec76c56034a59b91,2
devgpt-6458eac2a5802d5b,1
devgpt-c1ab54fe43c3a368,2
devgpt-f8d2480bddb198f8,0
devgpt-caeb3b826dbabe3c,2
devgpt-64e28a1d2b522e2f,2
devgpt-7479653f7282be7c,0
devgpt-57969482e0500500,4
devgpt-370b2bb5ffe713b9,1
devgpt-755abdba57c804a1,0
devgpt-083020ddc72ace85,4
devgpt-90fd55495428a58c,3
devgpt-9969a04fbd22f538,4
devgpt-4adee342f1265113,0
devgpt-55c3b582b1d3730f,1
devgpt-9bdeaa75ed2f2d03,0
devgpt-1a4b55d446692d26,2
devgpt-ce280c7fea968acb,1
devgpt-6876b0cf61146416,1
devgpt-1de49c6f797ccb6f,2
devgpt-f15007e26ad57152,1
devgpt-eab6195c14720504,4
devgpt-37a42e0c96d15ceb,2
devgpt-514625641baaadd3,4
devgpt-dcbc24f8cd0d8411,0
devgpt-59d36a7fc7eb40f3,0
devgpt-765895745a14796f,0
devgpt-efdfb04f737bf67e,1
devgpt-ff260062128f0950,1
devgpt-89e009eb7e2c4b73,3
devgpt-919bbdf38d1cb3e8,0
devgpt-175ab98846c301da,1
devgpt-c26e527232396b9b,3
devgpt-c1e8f4454a1cac27,2
devgpt-8e385e2add54870b,0
devgpt-93ce69e7e30ce257,0
devgpt-e2db6901017a5604,4
devgpt-31ff6d398defefdc,4
devgpt-515f457b6c0b28eb,0
devgpt-a46c8168327c9618,3
devgpt-c712560a21ccbabd,3
devgpt-f749effdeead5508,3
devgpt-a7600ab1bf43d0a8,1
devgpt-6cc5559b60634562,2
devgpt-b347f5c8a12b7700,3
devgpt-24afdbb78355d12a,0
devgpt-a99e7ed56c20052a,2
devgpt-4e9d44cf3afb42f5,4
devgpt-706e3ee87959cf6b,4
devgpt-683341c2c6f0dc04,2
devgpt-e1eed96a4910e911,2
devgpt-23dc75c78a76d466,1
devgpt-d2eb046fef701281,2
devgpt-0ba351e511cc1fcb,4
devgpt-94cd898133ab4f58,3
devgpt-9f4efe691d318165,1
devgpt-438e2760d2e8120c,1
devgpt-374da60fbc92462b,2
devgpt-0338329b2ad5c7b3,3
devgpt-55a1a0c2d27f2efb,1
devgpt-18468d20187fa1a0,0
devgpt-35486ff2ae8acf7e,1
devgpt-916386d5251a5231,0
devgpt-fcc892f0327dc1ab,2
devgpt-6460b74bbb553f0b,0
devgpt-1d3a480112a88ffb,0
devgpt-8cde57a1607072bc,0
devgpt-94d1e40c2326021a,2
devgpt-e9c245c01726b9cc,2
devgpt-872a78f6e5924e74,1
devgpt-bdc719f9bebb3fb0,2
devgpt-0538f4b0e247c4fd,1
devgpt-60275a7c588dbe31,2
devgpt-3a578eb4b8fba294,3
devgpt-40e9afdb7a0f05f1,1
devgpt-3425e83bb0e77262,2
devgpt-2657ab33ca8bd7e4,0
devgpt-d1922b00b9d1ad8a,2
devgpt-dfc9caf06091c67a,0
devgpt-989b02e839137440,4
devgpt-2d22b28b6d49579b,1
devgpt-d50ee4029eab99d9,2
devgpt-8a843898ed4ea75e,3
devgpt-a446a8c649a15186,3
devgpt-4b8a2cb61475e63f,0
devgpt-b37146db48764df5,4
devgpt-1e2f280aaa3524fc,2
devgpt-d09ad929554f1323,2
devgpt-836140bf83381cf5,4
devgpt-90287de95a471962,2
devgpt-2ad904856c440aa0,3
devgpt-2e01b42e0e2da0d1,4
devgpt-3e15728e3f5584f7,4
devgpt-2f500f65ca21d77e,1
devgpt-254f6bd72121f72b,4
devgpt-411fe20eeaff9f7d,4
devgpt-84cefeb0586584d4,0
devgpt-a835fc4efe8444d8,2
devgpt-cf1b1af14006389f,1
devgpt-4e8ced19cff9860a,1
devgpt-08c56c6aa39cf287,4
devgpt-1fa919b9097f2d23,3
devgpt-27608c11b4b19b38,2
devgpt-b0e989ae196c5a64,4
devgpt-1d88a8d898df87f0,0
devgpt-46efac18fe9b2818,1
devgpt-0f1267d98ca4429d,4
devgpt-cb1d9f661f355812,2
devgpt-f05e670432c0ef4a,0
devgpt-ce78cf3d97df4d65,1
devgpt-8be8bfbd66cc34a0,2
devgpt-1c0dbea2a4017216,0
devgpt-c53438a5bd0f3691,1
devgpt-3ff156fb99451135,0
devgpt-0d61dfe2bd2f831f,2
devgpt-27c1fe3d25d2f51e,0
devgpt-339c2e75012d44ef,4
devgpt-e6bbaf444d370c3b,0
devgpt-8d464ba20549b432,1
devgpt-67a8333b7ad177df,3
devgpt-ea0b39c7ffc51062,4
devgpt-39904bfe1bf9f5d4,3
devgpt-1f50069c71087572,3
devgpt-5acd77870d037a7c,4
devgpt-a497265eab9015ae,2
devgpt-020059626a0d5446,0
devgpt-125e7ba3667bb386,2
devgpt-87161b95fbf5ba5a,1
devgpt-bd43c8c204dd9a92,1
devgpt-c69dfd223613a318,1
devgpt-a1011dd142b63ddf,1
devgpt-c7d71081d50238a1,1
devgpt-6d15d3738c30933d,3
devgpt-8668ef39beae664a,3
devgpt-188df165e1f95ab0,4
devgpt-526067be3293a34e,3
devgpt-d3f417be90501658,1
devgpt-e5661691ad709946,4
devgpt-83eccc75c7b6e990,3
devgpt-f32e77fc3d76e9c3,4
devgpt-c9d7e18bc09cc654,2
devgpt-8ed9804903a55062,1
devgpt-f1d40076eda1b937,2
devgpt-4df72459f85f7bf3,0
devgpt-c4caf1ffb1ae52a7,1
devgpt-74725b8b888ff468,3
devgpt-43ea9588ff2e614a,4
devgpt-022520af60e0b8cb,0
devgpt-1a773f21fd5a107d,2
devgpt-310ffdecf6599415,3
devgpt-5a60992e5016e7a1,1
devgpt-7a73504cecbcf9e6,3
devgpt-4c301a52f6960e6a,1
devgpt-d716e4386fb75670,3
devgpt-198a5d52118c9b17,4
devgpt-f0e2fc3f2962cb57,2
devgpt-5184735ac788684d,2
devgpt-913401a5b34456f7,2
devgpt-9369f706a588ee1f,4
devgpt-c1c41f48cb86b8c7,1
devgpt-78fb313019a08bd3,1
devgpt-9a6040ede1e3ee30,0
devgpt-86eb1f042ba2d24d,1
devgpt-4f2456e9c0f8e9f2,3
devgpt-4a125b64e7a706a9,1
devgpt-20f6b609876011c2,2
devgpt-4ba86ea4ae52d334,2
devgpt-f28a931a320caa81,0
devgpt-1420a55bdb10479a,0
devgpt-35a6f610ded8039b,0
devgpt-12656500da2a4898,3
devgpt-214b12a35c86bbe7,4
devgpt-ca82dcf43b56db76,1
devgpt-fcfaffebdb4063a1,0
devgpt-75f21f7c30f6de20,0
devgpt-9b2d80e545b1f581,2
devgpt-878452c9fe67c230,4
devgpt-7f60369adfaf35b3,3
devgpt-7192e70d0145b891,2
devgpt-c5879873acae6a14,3
devgpt-eab7e265e4de6545,4
devgpt-2f7f22b6eddf7ab8,0
devgpt-0506ef5bceb8207e,1
devgpt-69b4e5aa2c7559dd,3
devgpt-80034048899ba7d7,1
devgpt-2efafa6e9b04126b,3
devgpt-32d8e7608451a286,1
devgpt-735415ff64a65445,1
devgpt-b1c8694567dcea44,2
devgpt-9c8176d7a7ad8508,0
devgpt-98750b486a74ed3e,4
devgpt-723d62c8084c6fac,3
devgpt-63c02108ee71db87,1
devgpt-1d0fd179c315bfad,3
devgpt-502c48c6e8a2dccb,2
devgpt-fc9bfbba8201e880,2
devgpt-bca42f769ea30f62,0
devgpt-177207350c56fa1c,4
devgpt-da86adfc6dc05208,0
devgpt-c5a9c158d0cd2ad0,3
devgpt-c10b0b1e67da9eda,0
devgpt-3c1799c8c160b421,1
devgpt-d5aec78131395037,3
devgpt-c509ad8b780a3c9a,4
devgpt-20883032b8a07bbf,1
devgpt-8725db752494f4da,0
devgpt-13cd45cf80ddc12e,2
devgpt-94e0271d4dcaf601,4
devgpt-928fea25b17a919a,2
devgpt-6cb7bc7be85a65f7,4
devgpt-1539fe28ec0e63ad,0
devgpt-02865c4a978d7e58,2
devgpt-857914194976f659,2
devgpt-294d1777190e566b,2
devgpt-d88183bf5481b8ae,0
devgpt-a8f5bcc0c4a3de3e,1
devgpt-735f81584bfeddd3,2
devgpt-08677617c64dd267,1
devgpt-94dfe22d30e5a07d,4
devgpt-6c203340d7f4f0dc,0
devgpt-a6aaba737a33912c,0
devgpt-b0aba8004cdb006e,2
devgpt-4a194d630be07fa1,3
devgpt-3d75d0eaeb8e1966,2
devgpt-98435a4ee3a65a0a,2
devgpt-1c47ff502279e297,1
devgpt-d1d7eec8064ae405,4
devgpt-078d8b424e3e16db,4
devgpt-4f5a436891d48600,0
devgpt-2d6727dbec08556a,2
devgpt-ee636e9fabf13f01,4
devgpt-9ee0f98c474a32c8,4
devgpt-595ce44261b477ba,4
devgpt-802e62b7d45442ce,2
devgpt-7711b942ba4c4445,0
devgpt-037220cd1371bc0c,0
devgpt-b74a0399cc53f64d,1
devgpt-98d8f1f5d6709ada,3
devgpt-174cf0d924122a08,2
devgpt-b3421fedef65c045,2
devgpt-da0aeb9833f94739,1
devgpt-28147bc8d68d79fb,3
devgpt-dca99526e63c1f1f,2
devgpt-74b31872fc28949f,4
devgpt-e42ea578975fb3f6,4
devgpt-10fe3c02ad131b35,0
devgpt-baa8c5dd249d5794,4
devgpt-aca58f87e7722e88,1
devgpt-988d4b49f87fb10a,2
devgpt-8fa4ecf41f366a0f,1
devgpt-50391c0e6da3c73e,1
devgpt-1775be2359f8b4f3,3
devgpt-177c6d8e77755830,1
devgpt-2eb70c611716c705,4
devgpt-8bd20d0f32a47c93,0
devgpt-eb8549319b330db9,1
devgpt-3418bef4348d57b3,1
devgpt-f92a14389f25dafa,0
devgpt-a9b6dc0cdfd10353,4
devgpt-93bd54ead99cde9a,3
devgpt-6348d702a6de2bc0,4
devgpt-d990d40e5bd1f726,3
devgpt-08e449d034694b9f,1
devgpt-9025c2a44f94e141,4
devgpt-bb719c8ce81350e5,0
devgpt-79acd1209b130781,2
devgpt-59f8793e928ba832,0
devgpt-0519d0bd3b4a9204,4
devgpt-f15b6943932e3bad,0
devgpt-1d00b42b119a60e1,3
devgpt-a3163b5cee8782d6,0
devgpt-7d95384b2b80284e,2
devgpt-7397f19565a1ab62,0
devgpt-02ac0ae08b92037b,4
devgpt-cd0350fcae9d275d,1
devgpt-06b67fb22cdbd6c1,1
devgpt-711b8e4392697fdd,3
devgpt-29e9d6ce3b1d0102,1
devgpt-7a83bee81e54d546,4
devgpt-02d3ebbfd283c0c0,3
devgpt-9200a2ce69223e69,2
devgpt-dc03b38af646d88e,4
devgpt-790cf2c62aadcaad,2
devgpt-cbf2654da155730c,1
devgpt-b6e866b603accc85,0
devgpt-9a777dcf56ff393b,3
devgpt-03c116d5a1893a7e,1
devgpt-44e3f775be74697a,4
devgpt-36519616385d0b71,0
devgpt-a8218695aa25943b,2
devgpt-81e78c0a4d3c774d,4
devgpt-9903a09819febd8e,2
devgpt-e503f4b89aa84056,4
devgpt-ffc255f45a1700d5,2
devgpt-c5826088fbeba4de,0
devgpt-603e8d82f2583b2c,0
devgpt-e60b70c86aa6f2c2,3
devgpt-3ab0956d66818d09,1
devgpt-3e8a1191b3f97ff3,0
devgpt-01f5e900c99bc339,3
devgpt-2cfc897669b059ac,0
devgpt-1c3fe7c8ebf1fb01,2
devgpt-1486812cd82226a1,0
devgpt-1ac66bbf2d5a37c5,4
devgpt-c5123561421aacaa,1
devgpt-8ae24047b5d1f7fa,0
devgpt-b2f0f5d451a0ac68,1
devgpt-58acca389b89a632,3
devgpt-c2457ea2f6386a4c,3
devgpt-f4274aaca06564a9,1
devgpt-856002813c6871ec,4
devgpt-e4f5216f47ef7974,2
devgpt-809bf84cf09d40bd,0
devgpt-b57388b27892cc26,1
devgpt-85882a7f8e67e80b,0
devgpt-11f6557fb1f7cd78,1
devgpt-f2b19ed2d6f76b71,3
devgpt-8a94f2e847eea064,1
devgpt-9c0793c61f53f16e,1
devgpt-f8a4fe0e1bf3f294,2
devgpt-c244754c09925477,1
devgpt-139ad03fe36f0a2e,2
devgpt-32f4e209a689f96f,4
devgpt-ae086d6122912ecd,2
devgpt-43ca129e8ac12181,1
devgpt-3b9b776f76875025,3
devgpt-624ffd0fec79c04e,3
devgpt-38039611c25c5a29,0
devgpt-d29c9b959a3da081,2
devgpt-1e047140de1f46f8,3
devgpt-cbdc942062c97a8a,4
devgpt-592a3be469b97faa,3
devgpt-2a63140e83b48e74,2
devgpt-f6a058214dc1b132,2
devgpt-84af664dd2033076,1
devgpt-b8f62e45b9f4aaf7,0
devgpt-06dfbe3f148580ca,0
devgpt-faee136a802f1306,3
devgpt-ca1ada5aa477a7c1,2
devgpt-1a7be450287e989e,3
devgpt-2ec268f36dd86763,3
devgpt-760156f4df34476f,1
devgpt-7cb5b87e41c50353,2
devgpt-4eea40c5e72f4a44,4
devgpt-a6a740225d0631ad,1
devgpt-8b150f71aa24ece6,3
devgpt-d1bd903cde1bb232,4
devgpt-7e6e18769631d30c,0
devgpt-a33dc409f5c47683,1
devgpt-3618f7761e9a840a,3
devgpt-b4c4d8b5d76adb66,4
devgpt-509e1d45f5186d95,1
devgpt-20540e0f15fc3004,2
devgpt-d6472cb71b785022,2
devgpt-b3e0264ca2ff0d3a,2
devgpt-93696aeae5fed9e2,0
devgpt-9c726ea5565c07e2,1
devgpt-334ae1513351332e,3
devgpt-01699cb16484ef22,2
devgpt-d5224986bb3133a3,1
devgpt-302fc7325b73678a,2
devgpt-3cff0c2d998b698f,3
devgpt-790b459eb657cf36,1
devgpt-bde0310f44a54622,3
devgpt-26465b9530ebf9b5,3
devgpt-43fee9df120c42cd,2
devgpt-157aec73013256de,4
devgpt-31feb621ec14965d,4
devgpt-c53da9ecc860418e,1
devgpt-d392f60d893ac22b,3
devgpt-91c02d138256f9d9,0
devgpt-5892b901ffd70c9e,3
devgpt-f856d8ce4a97be7b,1
devgpt-e8b446bd63fe5e7e,0
devgpt-e3fcd48601f455c3,0
devgpt-8f932bebe6f7a04d,1
devgpt-1ed44ba7b1092dac,0
devgpt-a6464d369ccce48d,0
devgpt-4217c7d81080f189,0
devgpt-6c15ce8de1422af5,3
devgpt-9f07b4d8128fbc4a,2
devgpt-a0504a41a3e7e670,0
devgpt-1408d67cbc5a0eb0,2
devgpt-b7dca9368102a51d,0
devgpt-c097f92947424cbb,3
devgpt-cb3256e192f0dd12,1
devgpt-21764c3e15cecd45,3
devgpt-0176a7c6dd6ed6a7,2
devgpt-63aabe9dabf74c57,0
devgpt-96255a34ec5075fa,0
devgpt-0444af98ec8f4bc6,1
devgpt-2e22259eccd84313,3
devgpt-f03127250f9d6bce,2
devgpt-0dca36b4ad088d1a,1
devgpt-4f2e70108099cdd9,3
devgpt-1b694cfced517b1f,2
devgpt-f03ce83ac47a13d9,3
devgpt-47f60f8a07aeefe5,3
devgpt-093b06c6cc582c1c,2
devgpt-941ff9bbf0552b66,1
devgpt-51b602ca493e7bcf,3
devgpt-51af35ad6d169624,4
devgpt-a844cb5fc8b88305,4
devgpt-ef9e38f6c0a2b416,4
devgpt-cef4223b74b09b32,1
devgpt-d06d4268cc49aa56,4
devgpt-7625c0a53fccab50,1
devgpt-b94243dd1d272a03,2
devgpt-cf9e75b8e6f5eda6,3
devgpt-901fce34ff8f6a60,2
devgpt-7158e59f6d4e37b0,4
devgpt-f94c5a6166e8a0a5,2
devgpt-dff40175e530235b,1
devgpt-fc8d8243f71e7677,4
devgpt-2222c18d4dec1e9a,3
devgpt-fe91baa690e7c342,3
devgpt-93b42c51abd6929e,3
devgpt-09c4f6ad3ebf2f1f,1
devgpt-16bf482bfc516a31,4
devgpt-7ef8f8a2866e8424,0
devgpt-9fcf58d74a7d6866,0
devgpt-b405870397d4da83,4
devgpt-d10b64548118f34f,1
devgpt-0ea22d0a01f932b0,4
devgpt-4f1d510c9ddcf74b,0
devgpt-f9360a388153bb87,0
devgpt-17c78dad852fa9ad,0
devgpt-0c156162b5a68c8e,3
devgpt-4df1fc2e344bee4c,0
devgpt-80f6b79ce3890bd8,3
devgpt-d15e25e33bab1908,3
devgpt-d5d5fbc12d3068e2,3
devgpt-c754968e5671ec69,1
devgpt-e7e907c9276a1516,4
devgpt-c7bf09f4805613fb,3
devgpt-1c6081169dc5ef75,2
devgpt-725c9006d2121c12,2
devgpt-15694ced0f5b7830,3
devgpt-9e9cb2aeab7e0782,3
devgpt-8608d3e38bd166c2,1
devgpt-9d47e7257e55a003,1
devgpt-6f35073e24c3b3b8,1
devgpt-dfc6d4dda3384229,3
devgpt-58d1466d61f3f088,4
devgpt-1f0eb0be354dda1a,2
devgpt-a6562629eb2e56a8,1
devgpt-5f19ef1206de4eaa,0
devgpt-46598e1f29a562fb,1
devgpt-6f02e866bc0ff230,3
devgpt-bdbd151572b160b2,2
devgpt-07f851edc78d7e51,3
devgpt-82f4a01793d8dae5,2
devgpt-ef1b101a2f51ae2d,4
devgpt-370a23e33160c90c,3
devgpt-2b155415af560f9a,1
devgpt-4b13680c102f0a5c,2
devgpt-3e9176d9e101cc4a,0
devgpt-30a6c51d3cd065d9,3
devgpt-d76c05a953b85783,1
devgpt-5be72d59fd902187,3
devgpt-4841797d2041c398,3
devgpt-73152a8dda81f3d9,3
devgpt-e7672275d46e1a43,0
devgpt-88ea25c01d8579cd,4
devgpt-cd8d144435d44200,0
devgpt-bf09ffc9089421a5,0
devgpt-0c03d315cd80f14a,1
devgpt-0dfac3a6586c79f9,4
devgpt-a21bbf3ef400ba3a,4
devgpt-3a9674737f31955f,1
devgpt-e7f257f1eb8586a6,1
devgpt-177fe06a4e4278e0,4
devgpt-5fb993b2013ff9f9,4
devgpt-578644c2f89bb532,3
devgpt-71ac0d3884c21c46,4
devgpt-bee4a512afece18d,4
devgpt-61f4f8f1180e579c,0
devgpt-95869829df6b9dc5,0
devgpt-546061cfa78ad7f6,2
devgpt-8e80800a7943e2e5,1
devgpt-158eb0d894b9773b,2
devgpt-e5392f29cfc001fa,3
devgpt-77b9826c755b6187,1
devgpt-818493be2fbc6cae,3
devgpt-619c2930a2c31b2c,3
devgpt-1b8f2e3da7185add,1
devgpt-2455af60065f1947,2
devgpt-0efd47bf9ede3506,0
devgpt-6bac2c268d1475f4,3
devgpt-91f817dab5a9329a,2
devgpt-bd5386c7ff26cf0c,0
devgpt-be551c889e6b0acc,0
devgpt-16c5f607cb5e0553,3
devgpt-3c7cefda14961484,3
devgpt-6c458166b4e5494a,0
devgpt-8543a305ebecdf2e,1
devgpt-55368665c29fc3ef,4
devgpt-d343f57b075a3ac3,2
devgpt-8ed9a4f29b396879,1
devgpt-dbe79e5ab5ee62f0,3
devgpt-23931215bf525114,0
devgpt-fc9439d1527827e4,2
devgpt-50272e6e65b0ded0,1
devgpt-ba18218a3a4d203c,0
devgpt-b2e101abde7374ab,3
devgpt-18861142cb7aa218,3
devgpt-43a7a1e122c7a552,3
devgpt-fe88f99e5689627d,0
devgpt-441b74193902411b,2
devgpt-a8ac4eed3f900b1d,1
devgpt-c878c0ef8511202d,0
devgpt-aefdbf1f201adb1e,1
devgpt-857a889152c8bfe9,1
devgpt-ff0c36bf7f5f2dc3,4
devgpt-15a1baaecd1c52b5,2
devgpt-d2b124af7c3e3f72,2
devgpt-e70fdf722249d782,4
devgpt-0e023cd31204f852,2
devgpt-1f75c41d52b0036a,3
devgpt-dc18470d295973cf,4
devgpt-71d20ddd514c5fe9,1
devgpt-57931e1636a0164e,2
devgpt-04846f07ab45929a,2
devgpt-2d042ca15896c88e,0
devgpt-c7d8440e8a595cd3,3
devgpt-2bc225727cd9c694,3
devgpt-80f7fd5697b5b25a,3
devgpt-f3a20c1f8ee0f70d,3
devgpt-11d7a7a4b7628e2b,2
devgpt-83165db979207b6f,0
devgpt-828eb6189ade761f,0
devgpt-7545f31aef229886,1
devgpt-67cfbed4f90ef713,1
devgpt-e2b61f433f76af87,3
devgpt-a52d5ad104ce6682,1
devgpt-01891fc23942c67b,0
devgpt-c6c66cf74e028f48,3
devgpt-f799f06312481f0c,1
devgpt-c6a031bf0e5591ec,2
devgpt-55c1a725714426db,0
devgpt-dc326b8f5a1f06d8,1
devgpt-917101c46dd4a038,3
devgpt-bb27e53e77dd71a9,0
devgpt-4cb8c7475bb80a5d,1
devgpt-1c59bb078e268166,0
devgpt-3b36506ef9d32b6d,1
devgpt-32f0ef7da5a74d23,1
devgpt-7555ffc1abb0125b,2
devgpt-38ceaa82dad75292,2
devgpt-a47a29bad983a08b,3
devgpt-52b1e0e1309471d2,1
devgpt-cc4580e618ea168a,2
devgpt-4a4cff93d410be62,0
devgpt-7e374ea7d1040a19,0
devgpt-5c9c43c32a8d71b8,4
devgpt-6fdc3b03f67eec7f,4
devgpt-2f7c6417fe203dec,3
devgpt-634d2cba7dd8c9ab,2
devgpt-05173517d976bac8,1
devgpt-b5837e8b2fccc6bd,1
devgpt-79100026a0622661,4
devgpt-6bec3799f8a2cf24,3
devgpt-29a2707cd986db2d,0
devgpt-1907c4c154531405,1
devgpt-83f8c5c4250847d3,2
devgpt-d14923fd9b1244cb,3
devgpt-07ff0b897c141057,3
devgpt-46f900029d605cf2,2
devgpt-85635c11a59db417,3
devgpt-584029918fda9691,3
devgpt-f7d725cf46ed3615,3
devgpt-e9a2009aa4ebaa3f,4
devgpt-f938f8547213b2b0,3
devgpt-bc51f4461e3d91e4,0
devgpt-607097496975f08a,1
devgpt-3469d2f74f9adc15,1
devgpt-3c5e45fa5f0603ba,4
devgpt-a509308a8ed76eb5,1
devgpt-ee178d4ad936dff0,1
devgpt-dbc8fd94c6dc42bc,1
devgpt-d64323dfe19e8897,3
devgpt-87de57ff2ccb122a,3
devgpt-3b79c79b14e8d721,0
devgpt-8f9923cca574a1ea,4
devgpt-7a18a34493994c73,3
devgpt-10fd97f584e1849a,2
devgpt-d1db55a9ab223744,1
devgpt-e9b0d07559776b76,3
devgpt-f7b046861691a10e,0
devgpt-a2101f69c778204c,3
devgpt-5327e6660fcc438c,4
devgpt-b2c1e40a48f1a6d7,1
devgpt-792ba43a10f3d450,2
devgpt-9911bfe92ceecaac,4
devgpt-fa1ee3d7a7e49cd4,3
devgpt-4e9fe4c1c6ff7e8f,1
devgpt-5dada5da796d83a9,0
devgpt-3f32f0cba228039a,2
devgpt-be118b661a988d51,3
devgpt-4abacf003cf39917,4
devgpt-99f74eaba38bf2a6,2
devgpt-5c0fccf860e771c7,2
devgpt-a9540ef85a685d20,3
devgpt-1e9d903320a0fadb,2
devgpt-16573113102bfdf5,0
devgpt-914525cddf958565,3
devgpt-f925762ba1cefca1,1
devgpt-ebaeb181f78c4138,0
devgpt-e778a84015c57baf,1
devgpt-4c8783084ed2382a,3
devgpt-8aa4651b10974f4a,2
devgpt-9427320e86bbb230,3
devgpt-e0d93b17e6a4f5db,2
devgpt-a2f7df5bf4d7f580,1
devgpt-043282ccc4f6c77a,3
devgpt-4a3489417b2236b0,3
devgpt-7f6a8714c3e635d4,0
devgpt-053a5d12cb00905a,2
devgpt-3e263c0f8745090e,0
devgpt-36e048a3825e14ff,3
devgpt-5e3791eb242d06b7,4
devgpt-0486d19d8eed81aa,0
devgpt-94f384fd33b7fa93,3
devgpt-cbec9541e5099171,3
devgpt-911deb9669c7a8a0,0
devgpt-127d90c624b2d6e9,4
devgpt-6f4573a75c8c84fb,4
devgpt-3fb2f50af0cae459,2
devgpt-9412e970354da384,1
devgpt-ef5a5485e01f857a,4
devgpt-ccec20b1ed5892d4,1
devgpt-c79e261c503a14fc,3
devgpt-55afbdf98560a26d,4
devgpt-881b71214b9a900e,1
devgpt-de2b3cefd609c0ab,4
devgpt-baa10a845eaa699c,0
devgpt-5e2929db60d6ca05,2
devgpt-a4cf7f924f585a3d,4
devgpt-7d14d03756eb6687,0
devgpt-59c98494bf4f8e93,1
devgpt-f653f856fa3a9598,3
devgpt-204e09e965803f6f,0
devgpt-79539e335f5df42d,3
devgpt-cec888bbdf41579d,3
devgpt-a72ea3213d6d612d,1
devgpt-7dc6bf4c387310e3,1
devgpt-e54ce4722eac08f8,4
devgpt-196c0f1fcf61e9ca,1
devgpt-423adfd2adcc4b43,1
devgpt-47163219faedea7e,1
devgpt-ab180b0418c60d0d,0
devgpt-c05ef1cae56de9a1,1
devgpt-34181c4b5f0c18d3,4
devgpt-6d5a8d1eaec43a12,3
devgpt-10e1dc7b23893032,1
devgpt-c39fa88c0489569d,4
devgpt-924251309a98639a,0
devgpt-ff9a6497b253e7fd,0
devgpt-3fd107a8f63577c4,3
devgpt-e6d0ae95e4eace65,3
devgpt-8036fdbb0ead33b6,3
devgpt-491d604f398c6dff,2
devgpt-fe5e8b43574b7022,1
devgpt-05f7f90ee481052b,3
devgpt-829a8b5cdbe37ede,0
devgpt-d3993e7c2ee13f6a,2
devgpt-ccf50b57ceb374d2,1
devgpt-4fd2a519cff7a45b,2
devgpt-d8868b8ab72db388,0
devgpt-17340976721cbad3,0
devgpt-2e6250b73b8a8ef9,0
devgpt-6453c716c98e7833,2
devgpt-a4d8d9263f0c6625,1
devgpt-a1a8eccaff94667e,2
devgpt-2e595045b02314c6,0
devgpt-9bdb1c6672226af6,1
devgpt-1f447131d2f17140,2
devgpt-e2224124a8af6e4e,2
devgpt-a3c9c904a533366b,4
devgpt-c640f50ef755e972,4
devgpt-46cf1d8e0c5a9817,3
devgpt-7534c7163ec302bd,2
devgpt-75775108d865db00,3
devgpt-4e2c2103e6bdaac5,3
devgpt-cfbc6683e96fbc04,0
devgpt-2bfefcb69fa4212d,4
devgpt-2c7d0aa0ea9b55fe,1
devgpt-a6e001d846d158bb,3
devgpt-06451460eb90d402,4
devgpt-ab7f6bc6e67df750,1
devgpt-1e22c3426f4731bb,3
devgpt-a6a31bff38940549,1
devgpt-107f56a2b58ce585,0
devgpt-e4bb7b0a249a8a61,0
devgpt-d712800d68c4d4e7,4
devgpt-6913d5072d0c2301,2
devgpt-cd8494cde63b5b7d,2
devgpt-b28e7dcc41025550,0
devgpt-c0eec4d640d51aad,2
devgpt-92df412ecc8da795,3
devgpt-7a4a479b99a0f69a,0
devgpt-0a1094a724eb6a54,1
devgpt-c2b63c58b6119b19,3
devgpt-2790ed16876acfee,2
devgpt-69a4c7cfc766a037,3
devgpt-74fc4bc41b93f836,1
devgpt-710c0b9f919e309f,4
devgpt-cc43a287af5e5d32,3
devgpt-1df464555bfeaaac,4
devgpt-6b6cb32b6ed2aa77,3
devgpt-64f219cb27b5b1fa,0
devgpt-8320d3403583dba8,3
devgpt-b455d08ce2edc5be,2
devgpt-40883f87d64a9799,2
devgpt-2fab40a472583100,0
devgpt-8e7de93d4a9850be,4
devgpt-43a82b100b8e9c4e,0
devgpt-78485bf25b3e1da5,0
devgpt-24f1f81fff536aab,3
devgpt-b6bf188d32d243c2,3
devgpt-138b4fcda283a047,2
devgpt-94e06d300253488c,3
devgpt-3d7cf0109cad7abe,2
devgpt-9459d04d8d60381e,1
devgpt-d8680244c5986a78,4
devgpt-9798de5c5dcebcd2,1
devgpt-a29cb4119c998bef,1
devgpt-c505dc322d2e4a26,1
devgpt-ccb6ceb49cf0ecd6,4
devgpt-98858630ab2eef60,0
devgpt-c4eab3b8b74d38b2,2
devgpt-77ebbfc9b2c94a2c,1
devgpt-92435684ebf28438,1
devgpt-fa904ce0dd89d829,4
devgpt-a521f55c341a13cc,0
devgpt-cd3b44e003fe64c7,0
devgpt-1e9026ce4bc57d04,3
devgpt-9401893f7b827267,2
devgpt-af34d1691fd4f581,1
devgpt-c78967492a65a23a,1
devgpt-ff74c823a30facd8,1
devgpt-3da73e251fbf4e17,2
devgpt-702715edeea7c6b2,1
devgpt-c0c6be424a90776c,1
devgpt-f63c34b1cc03b31e,4
devgpt-90e2954761c90e1b,2
devgpt-f6808cc80b8a71e9,0
devgpt-89a9e20326f525b2,2
devgpt-397c9a8c067d0a92,0
devgpt-09b928030fc20eca,0
devgpt-5428e47e4f956d6c,4
devgpt-e44c2c458dc46bab,2
devgpt-1b624e65a4f1f139,2
devgpt-d4fb0bf6bb884305,4
devgpt-bcf990952577b0e6,1
devgpt-9387b63a8ffd289a,4
devgpt-7eba84c037efadbc,1
devgpt-9121df1864937ddc,1
devgpt-cfe3185f7c7a5d36,0
devgpt-656410ab96f6a900,1
devgpt-bd88f8165d78a3bd,3
devgpt-5510b0ce7abdc1a9,0
devgpt-b446f9a0d0e463b2,0
devgpt-1220ae1cc2195fd1,1
devgpt-558794a1c1ea5939,1
devgpt-c941419e97f445cd,2
devgpt-ac6b69faf727dc6f,1
devgpt-c5d1ea04e3ba2f40,1
devgpt-8e52cd495ad8a67f,0
devgpt-ad65a62cbc6113f2,2
devgpt-c06eb2bc1ad615fa,2
devgpt-760e8fdc7b988967,4
devgpt-466f579516160b3f,4
devgpt-d3f5f4f06df9e768,3
devgpt-b520c878db3f8f05,0
devgpt-8d43b95ef493de9a,3
devgpt-abec4eed913e945a,3
devgpt-e4b361ce043f7abf,3
devgpt-e4fd30774097fd05,3
devgpt-ff7a70d80b360537,2
devgpt-af7d4e38f42fed7b,3
devgpt-2abe09d6f27bdaf2,1
devgpt-acb90e80624777db,0
devgpt-c6f213cc46ec9036,0
devgpt-fde0206b4ec4b154,4
devgpt-e54d63bbe20f213c,1
devgpt-af687488667bc7f7,1
devgpt-008b5811ed05c1e6,4
devgpt-55fdfd7baf9cb85a,4
devgpt-d1fa7c122ae0bd0a,3
devgpt-c4830971e0b69508,4
devgpt-8014fb01097ff613,2
devgpt-b0be9195f1eae33f,0
devgpt-f63989b055039fbe,2
devgpt-e71dafc4627c3f86,0
devgpt-0dfd8bb7ac28cda0,0
devgpt-ce97e78a61f239f6,2
devgpt-5c5e787b4ad98c4d,1
devgpt-57b9386bbc4d5704,1
devgpt-20ed46df951f8554,2
devgpt-ea1dcc6d68eb3876,1
devgpt-e4d1db204a1f6bc8,0
devgpt-fb27afa570f4c80c,3
devgpt-89b00a77c28b3f3b,4
devgpt-7def283d529e4528,2
devgpt-eb30272106c38d14,2
devgpt-7c1860de63b68600,2
devgpt-4dbf234b12d67958,2
devgpt-8aab1482bf94dda4,2
devgpt-f8d9e630070aee47,0
devgpt-d1b1635df50bc180,0
devgpt-f5643cf44a44b547,0
devgpt-96ee4a1daca0ac93,3
devgpt-ab73fbbb73e00aff,4
devgpt-6cbd74745e475537,2
devgpt-ff3995a791fda594,4
devgpt-c706b5543871dd43,4
devgpt-0dd5950a617edd29,2
devgpt-d915f36214c0599f,2
devgpt-0b31ba215280f841,0
devgpt-2a63de9f6bfa4580,0
devgpt-4b2cf0b40899f990,0
devgpt-5e48afc2b575a400,1
devgpt-f0532f6a4a81ee8f,4
devgpt-7eb225f69e45b9c9,1
devgpt-49f059ea550e8288,4
devgpt-14f49fb3cf33f6ed,4
devgpt-ee5274b2c6db8e10,3
devgpt-4a48ce66a11ea081,4
devgpt-2e67107af48bfdae,0
devgpt-167458def5d62ca6,3
devgpt-fc3e1296dcdc135f,0
devgpt-39c6480262f1da41,2
devgpt-010e22108e57336c,3
devgpt-3bed60161c7adff3,2
devgpt-2ada93253b7ad5dd,3
devgpt-356304198ad9257f,3
devgpt-6644c620b005a8e3,0
devgpt-3f935ac1a9a7697e,2
devgpt-b42fdb327b26d83b,1
devgpt-d6862a10f119fb48,4
devgpt-cc30893568a8a1e6,3
devgpt-4658c9d6eb6391b5,2
devgpt-c09ced2bd236f602,4
devgpt-880444c0d99dec20,3
devgpt-98805b5bdcc92693,3
devgpt-54b5d17bc4541ac6,3
devgpt-abc9316e98a38af3,3
devgpt-e9bd30e94ea9d427,1
devgpt-e862cdad05163fb3,1
devgpt-3db9645b52e13b95,2
devgpt-f4e6c2087a8ff54e,0
devgpt-9762a9ac7af83c9a,1
devgpt-12db6918758601e7,2
devgpt-6593fc64a08508bb,1
devgpt-74ed8b6410a7f26c,0
devgpt-c1847a88cf9ff727,1
devgpt-c5797befc22d1216,0
devgpt-25bb41237b8b50d1,4
devgpt-0f56581a32e675c5,1
devgpt-aa8bc899a4527845,3
devgpt-f9115dd0a7470ec2,4
devgpt-946b5a660521d3a5,1
devgpt-7285a68b540b5507,0
devgpt-591b61c2c51fc75c,4
devgpt-ee1acddeb0fee314,2
devgpt-8a9ca98ff2ab8b12,0
devgpt-040f2bb0b70e693a,0
devgpt-e8404efefc877e39,2
devgpt-2d31616691657a5e,2
devgpt-8bac4c70e30b0f1b,3
devgpt-f882d1d70e08c335,2
devgpt-54a30d11ee516cb3,1
devgpt-0617e32f7f69684a,2
devgpt-5fefcf5abd9341c6,3
devgpt-e707017d052bb87a,3
devgpt-d15be02f495f49f5,4
devgpt-176bed35c249bd83,4
devgpt-fbbd3131e7b3dd4b,0
devgpt-372cdb1f4f0cd8aa,4
devgpt-d8bc4f8e47eb6ff6,2
devgpt-f6cad8cf1fd1ec36,4
devgpt-896b427f6272d3dd,4
devgpt-8d4a0cb10b216ab2,0
devgpt-08191522ed96b34f,1
devgpt-f4f7faa806a46425,0
devgpt-3bc602dd63b7f726,1
devgpt-efe1ba4ddb0d92a8,3
devgpt-87c441906eb6c40b,1
devgpt-b30d32f823e808cf,4
devgpt-6d9ee5257c1adb6c,0
devgpt-bb89a828588c6da6,2
devgpt-3cf83b31cfd659e5,2
devgpt-1bd405286127d6ee,2
devgpt-cb7cad12fa414a63,0
devgpt-817754ab9464fa52,0
devgpt-369d19c834d3dc32,2
devgpt-5b1da61a8c5ca763,3
devgpt-8ff20375be714c82,3
devgpt-e065bfdd3fb48890,1
devgpt-0e56ff9977d2ffc8,3
devgpt-00d75040b04a1088,1
devgpt-525019c160c56693,3
devgpt-050fdaf73577385a,3
devgpt-21510fcc359896c1,2
devgpt-14f248b4dca71068,2
devgpt-0166648b91d9c0ce,0
devgpt-2cac0322dcf504f5,1
devgpt-812c19de9c739306,4
devgpt-3fadfc8026e70340,2
devgpt-1901a9bfe2cf12f7,2
devgpt-4bfdb4ce69f9e501,3
devgpt-25f72a29cb3334e0,0
devgpt-7ce8e4a9ed61aa72,2
devgpt-63ea2d76dcdc23d7,3
devgpt-996bc544a88dea30,2
devgpt-607be8110f4802d1,1
devgpt-f0fd8050c830509c,4
devgpt-5bc2161f4a34d1ab,1
devgpt-4fc0caf24eaf1af5,4
devgpt-44073e8a36510ac0,4
devgpt-0aeb71eb10b14cd4,2
devgpt-2a29a64fd36bac07,1
devgpt-982c338eca558173,0
devgpt-79886f9eb79a910e,2
devgpt-c072225ba05275e4,0
devgpt-d9007a346fab5b42,4
devgpt-958463f942128014,1
devgpt-0eea62ff9866911e,0
devgpt-a9a925f31af26e92,1
devgpt-b82209b1c09b5af8,2
devgpt-dba8ea71e4439f4b,0
devgpt-6aa91281c2711ac6,2
devgpt-0f2ca62b2881aea0,4
devgpt-d1fdeecd5ffc88b5,2
devgpt-c9b201b20f2c2da9,1
devgpt-59ed505988ed653c,4
devgpt-5b5d7f940299f916,2
devgpt-c1e88f6cb1698a51,4
devgpt-7dd014b66f87cb70,4
devgpt-72e34b7b662563c0,4
devgpt-1530214ad1cce1b7,3
devgpt-feb817780a60fd66,3
devgpt-a2f95c3dbc84c66c,3
devgpt-cab53cd9039fc8ca,3
devgpt-85f24992e62564a2,4
devgpt-91b1d8a99890741f,1
devgpt-07062defcb03b606,2
devgpt-2b594d3f401920e7,0
devgpt-5c06c311e623fd77,2
devgpt-26da543673e71e84,4
devgpt-6bc08cb316763bd5,1
devgpt-b54dbf483d398a64,2
devgpt-f6148c8c612bc68d,0
devgpt-45f4acfbdce73368,4
devgpt-3ada6d49da07c835,0
devgpt-dde5dcc2f39d8d4e,1
devgpt-ece8070970f80fd9,3
devgpt-1937cfd58b55af79,2
devgpt-bbbeea4f04d191dc,2
devgpt-c788b3e8515096fc,0
devgpt-68988c47b9efca8a,1
devgpt-574b9d11776cd4c0,1
devgpt-593b8fd3b1c3e7b4,2
devgpt-b630e15f69c7016c,0
devgpt-b72f113572bc6867,2
devgpt-b343b45ac7c778e3,0
devgpt-8a0544ade8fa8ee0,1
devgpt-71aa47ef1c04c747,2
devgpt-51ac28375710a241,0
devgpt-737db925368a055b,4
devgpt-91cb1cca37bdcabc,0
devgpt-6fb520e5429fcfc8,0
devgpt-b5f609d828994c2e,2
devgpt-b5154b52443108a3,4
devgpt-821dd43e0a7c426f,2
devgpt-1f5b8cb2de6103f6,2
devgpt-c1fef13080e68e7a,0
devgpt-4e2854ee72b5d457,1
devgpt-4892b6a53d1f11b1,1
devgpt-2839ff8934448721,1
devgpt-11ecb398612ea2b2,4
devgpt-8d861db0c314cce6,1
devgpt-8466d55fad14daa7,0
devgpt-e8e1560d8ad39dbb,2
devgpt-cfe362e32dc8dd20,4
devgpt-1208e485629c5cad,1
devgpt-ae3c0872ef48f743,0
devgpt-879a9dd9ed80c09a,0
devgpt-068c89d333250c23,3
devgpt-eb9d3262e210fd00,3
devgpt-910052b4c1d22720,2
devgpt-a9a40d4dc3f3beda,4
devgpt-72e7dc2454885182,1
devgpt-3afd8412bea8a85e,4
devgpt-ca412ed884ab365e,4
devgpt-bfdac2c2585add00,1
devgpt-a6709011f8c18542,3
devgpt-7b5b0283fbce2588,0
devgpt-6ebaea3bec748315,2
devgpt-2866c1151c280f2c,3
devgpt-bc72bb6e93b00f3e,4
devgpt-9926d644385eb0d2,1
devgpt-99c8fa1e9d4534dc,0
devgpt-c06e3095cfbdbac6,0
devgpt-60e50fdc687f0323,0
devgpt-e21bf691a4385b0c,0
devgpt-ae03fe4dca92fbec,0
devgpt-06310ab65f3308c0,0
devgpt-4f1b27c85b9167b9,3
devgpt-21d18a76c62cba36,3
devgpt-986deabe10c4c571,2
devgpt-3426e249f0409a89,3
devgpt-ff9dc3c5a3c3e55b,4
devgpt-ab0663ad1400098c,3
devgpt-72d998a291986a0c,0
devgpt-618eaef4b490699c,1
devgpt-ecab871dfa0ae1a2,3
devgpt-dafaae76ec9b833b,3
devgpt-2b955c860c5a5bb0,4
devgpt-7234ff2f64bae2ac,3
devgpt-b6f16d01ce17812b,2
devgpt-a0f6e1f32d617648,4
devgpt-b741deafea4b93e5,2
devgpt-4e730c5eb67e2027,4
devgpt-c9c36ddd4c243396,4
devgpt-02b9f37d6c8c0319,4
devgpt-6e8bdf64b2de61a3,3
devgpt-47c42cac0453499f,4
devgpt-46e8b4c810e01a32,3
devgpt-7b8caca27fb5ccab,1
devgpt-a46a0f2cad4fe7e1,1
devgpt-40450b5495ab7b43,1
devgpt-12d7bc0fda06b107,0
devgpt-e813e4b02dc4a447,2
devgpt-001d895fd91b5fb9,0
devgpt-0eb09998fb89d0d1,3
devgpt-a80bb0a8a815c62d,2
devgpt-5a47313865cd032a,2
devgpt-b265c56c4c1c4d55,4
devgpt-ae4d83c2a7fb192b,4
devgpt-7c26dff06e8ee8e7,2
devgpt-dbd267ab381dea43,3
devgpt-cf32aec706932e0f,0
devgpt-897ee75829af8a61,2
devgpt-4d1150fe89e45c9c,2
devgpt-b05ed045957d0391,2
devgpt-7ecd016acc138494,1
devgpt-bbb2ffd49bd25489,1
devgpt-6db5da507ad0e72a,1
devgpt-1f1a963a4f9dc050,4
devgpt-6d7e5cbd976ad12e,0
devgpt-032f2f7c9649ab96,1
devgpt-f505f2ddc03b86fc,1
devgpt-9ee2fc68470791b3,0
devgpt-538758c3d9419d27,1
devgpt-c9620db00e75c68c,0
devgpt-95013527db2ab461,1
devgpt-b7fb67b4f6a734a9,1
devgpt-070231869960a1e3,4
devgpt-38e27e3c16dd5e45,4
devgpt-5181ac93b60a4374,2
devgpt-058d49db258520b7,2
devgpt-c8dc37722eae8e19,3
devgpt-1435ce693796011f,1
devgpt-e4e09b9f7330060c,2
devgpt-559c8f0d57a7c7a1,2
devgpt-eb8b92c51d72def1,4
devgpt-3587287f72540f32,2
devgpt-033d3c3f8110663a,0
devgpt-d4861d7321773a31,3
devgpt-e8c0959c4e57583b,0
devgpt-7c98f28fa0fb7b2e,2
devgpt-d2100f0a699cb040,1
devgpt-ea0cedf227f91fd2,2
devgpt-0b770765281bfbea,4
devgpt-869db1726a46c46c,4
devgpt-2180f0bed1fd04f4,1
devgpt-6e203fe6d7a24e28,1
devgpt-8f0bb278ba774ac9,4
devgpt-0f884e8ce4928f53,1
devgpt-d350ba585df89fa3,2
devgpt-b30559c6ea8ed99c,3
devgpt-4c4d85ecfc7c8e58,1
devgpt-ff41aa7afcf59a83,2
devgpt-ab1e532db0f06763,4
devgpt-6858790ae59d3223,0
devgpt-afffe659594145a4,4
devgpt-a8acbfc0b8f6ebe6,0
devgpt-0d5e2f1889e0dc25,4
devgpt-9b433d89f0e97c98,0
devgpt-7befab5cbb60f180,2
devgpt-e91985c14b078094,2
devgpt-2672ef8544c7f338,2
devgpt-9de63de7609bb316,1
devgpt-7a85f12f32adfa09,2
devgpt-cc73b5f6218e2e16,4
devgpt-81fa711161689632,4
devgpt-8442a832b1976e90,4
devgpt-01dc0001ddf3227b,2
devgpt-c14811065e34ae20,3
devgpt-9a4c00c1de5fbb16,3
devgpt-bf1b6c6b7fa8d0e2,1
devgpt-0735d5e6dd681e4d,0
devgpt-519fda2bb1a440d9,2
devgpt-9d414bdbfda4efb4,4
devgpt-ea531512401ad2b1,0
devgpt-f0de361beac9b406,1
devgpt-81d0a85bb41de388,4
devgpt-d9968236fc8b0a09,1
devgpt-22dfa4f9302bc43f,0
devgpt-3a8959192bc8b7d2,4
devgpt-8a50ec80c527af46,2
devgpt-b20f6eec1b377229,3
devgpt-ea1b25bb09de91ba,2
devgpt-2fa8712e1484b7f7,1
devgpt-b41745095203c0e4,1
devgpt-64dea18f21d8474d,1
devgpt-f7013e2c0c697ac7,0
devgpt-67a34ebd5392b343,2
devgpt-3df8adaa734bff6e,0
devgpt-1e2f41c2cf04e6b6,3
devgpt-35c7e62543081bb3,3
devgpt-4f85e4e99c15d1ac,4
devgpt-5d97f37735baa5c1,0
devgpt-a80639dd90baf8c7,1
devgpt-a51a2ff96f05a2e0,1
devgpt-1e6ea51b5097c73b,0
devgpt-6d32d1a3bad5880d,2
devgpt-41cc2a42438d19ff,3
devgpt-03956783f6e7f849,1
devgpt-cb74867a59d9921d,0
devgpt-f785052eba0d1145,3
devgpt-794b3f0f867a0c30,4
devgpt-3e912db91bac9a9b,1
devgpt-b96fb7a0293261b6,4
devgpt-59def2767dbb9966,1
devgpt-133fcbcc66163b4a,0
devgpt-9eacd866fc68cdb9,1
devgpt-419605d806f88dc0,1
devgpt-af86b602acad5627,1
devgpt-001e3c09c24ee59e,3
devgpt-6c117d50f15ea318,0
devgpt-0daa7d4efade924b,3
devgpt-bb7c74a57b371889,1
devgpt-9e5338e8a5f7cd9b,1
devgpt-27db82a4ac9edc81,4
devgpt-65aef94bfc3d04a6,3
devgpt-ca3496ffdde8ec55,2
devgpt-97f65da872be57d5,4
devgpt-dfffdab79d959a7a,2
devgpt-8cb9c3865734c0c8,1
devgpt-e485cb345c7a9679,2
devgpt-cf584119b31d5628,4
devgpt-e08c018366d9544b,1
devgpt-097972b631b5d019,2
devgpt-93d7358140bb9990,0
devgpt-48fc0e10f707c89f,1
devgpt-163c350f9d1b7265,4
devgpt-c6a7f24084274a94,1
devgpt-3af9c1d928bb80b0,0
devgpt-5912db537f388eec,1
devgpt-c48e1a6944546612,0
devgpt-dd34e503d679f7c5,3
devgpt-477b86d462548eda,4
devgpt-bbcea1637c3cda06,0
devgpt-0c0c7a33336c66f8,1
devgpt-5a52d6c94e1c76d1,2
devgpt-7ffdf598f606d5b6,1
devgpt-7b60978a22f5c4c2,1
devgpt-eb18a07f7d888974,1
devgpt-a40d9acba138503a,1
devgpt-0c4c9bf842aaf86c,3
devgpt-14e524e2344988d7,4
devgpt-d19e322b1ac3e0ae,0
devgpt-65175ce3f9df0fee,1
devgpt-452890f85de5bd8d,0
devgpt-331afd880ccade19,3
devgpt-80eb75e89f3b988c,4
devgpt-d3d3aa061cb561ea,2
devgpt-83e6a25df2f885c6,3
devgpt-40ad2066a8935ff1,3
devgpt-d1e555ce9110e049,2
devgpt-79e75e1918a2dec0,1
devgpt-2f46afe30cd6f858,1
devgpt-1f0bfd6c6f654fdd,0
devgpt-e4c1fb218b6b236a,0
devgpt-593d4d9a73f40037,0
devgpt-9224ae88f1a906e8,2
devgpt-b044dd7f7cb1ddd7,1
devgpt-30b8564b9cf507d0,2
devgpt-07c8edff2d4b934d,3
devgpt-8463f6d0527db128,2
devgpt-6d68ad332c2bb56b,2
devgpt-2b048b0a41053dcb,3
devgpt-a35da296ee67f4cd,2
devgpt-2e13ab5c55f1fce4,3
devgpt-706903153dbf51cd,0
devgpt-a6bb179767779286,0
devgpt-8934d540f2d9f0c7,0
devgpt-a2eabc0f89cbe4ca,3
devgpt-263e3ba369bdbed7,4
devgpt-9ef805008cad6eb8,3
devgpt-be1cc2cf9e926026,0
devgpt-b27909597684b922,0
devgpt-df615ed82be87225,3
devgpt-04d939a93b7e73f9,0
devgpt-232640dcec0548cb,4
devgpt-ea19e3a10b294361,1
devgpt-a1d552ce4ee92279,1
devgpt-25075fac67422291,3
devgpt-6f30af0c73f1bd15,4
devgpt-24728090a7932bd4,0
devgpt-59e90c3994ff28df,4
devgpt-3870fda19a6f0f47,2
devgpt-4b140a322183255d,2
devgpt-d4a77774adb1df95,1
devgpt-e770ed3cc18d25c2,2
devgpt-8a548112f0b96984,0
devgpt-521d896858934e40,1
devgpt-501db441546ab7ef,3
devgpt-328c97e4b035fb8b,0
devgpt-430c724b4caa69e4,3
devgpt-b105d4e189eafcb8,3
devgpt-6091ed2b5dec17e0,4
devgpt-94bda130d6b74dfa,1
devgpt-9a3a4670709ba7d3,0
devgpt-ff96f13ffc9be86f,0
devgpt-fb251bceba6ce403,4
devgpt-636a1b9c2a4bccda,0
devgpt-9af034fd69ca3be2,3
devgpt-84657316bfbd97b6,2
devgpt-e5a48265eca7251f,0
devgpt-bec1b2e6d42872ea,2
devgpt-961fc656d3952d1d,4
devgpt-1dd44410616f8d1a,1
devgpt-3420d7ee9e30399d,3
devgpt-6333cd33e6b66fe3,1
devgpt-ae85a1336fb39e91,0
devgpt-aa63de2b2af5a40e,1
devgpt-48b1250915c4f7c7,3
devgpt-01efd5dc9231c468,4
devgpt-df57801274fbb2a1,3
devgpt-9163fd7f871e1dd2,2
devgpt-90f6a52fa8f7e25b,2
devgpt-651a6c60f67176dc,2
devgpt-e5c239d9541a476a,0
devgpt-263b2c2da64b4759,4
devgpt-67f8d1a8a9f64d3c,0
devgpt-1fe0d5f875168c93,1
devgpt-6bf755417aceebcc,1
devgpt-271296d811c768af,3
devgpt-cffbee53e0ea82c5,4
devgpt-ec22c2a37d1ae264,1
devgpt-c58fd5e30b5057b0,2
devgpt-e9c4e4a015ea38ac,0
devgpt-b76f0f70a8a1c375,4
devgpt-0a2a7776245acdd4,2
devgpt-9a1d89a09039a57d,4
devgpt-31f192d143451c3f,1
devgpt-ce8f7296877d8324,2
devgpt-4695bd57fcc8eda8,0
devgpt-75a66f6654cf61a9,4
devgpt-d0ba1cb7f5a00af9,4
devgpt-a65a41069f004fee,2
devgpt-311b4d57ec148c68,2
devgpt-d8f9232957dc3715,2
devgpt-8d877d6799444b59,3
devgpt-3c8e9ece3b8f205d,0
devgpt-c09f22b375a76953,3
devgpt-b8bccb0ae2b00c30,1
devgpt-9ce25b98a7dd7532,4
devgpt-46bcf7502e7461a9,0
devgpt-220b429c9ae1f6ba,1
devgpt-b700f7632513b19a,1
devgpt-e5006d8ab6a73599,1
devgpt-f33594bc24f33717,4
devgpt-60584b628bb6d838,1
devgpt-8fd10dd475879af5,2
devgpt-6fd2153c2c6a0e87,1
devgpt-fad63ca2b92abd1f,3
devgpt-fd9784ed87556f43,3
devgpt-31bdd3d0c78fb474,4
devgpt-66e4ff7bf8cd2fa7,4
devgpt-39884bcfb7112650,3
devgpt-129bfd2267ef170a,1
devgpt-7bec57b35f4528db,1
devgpt-b40f4f7f7533052e,2
devgpt-047d078c1ca0deab,4
devgpt-606b8952084843c4,3
devgpt-83c10a481f8e8a74,0
devgpt-d6b102b565709c9f,0
devgpt-ae9731d1a987cb40,4
devgpt-200e4dcab8b4cd12,4
devgpt-ee0339b879cebb03,4
devgpt-6b0595e3401e6307,3
devgpt-c8bfae2968f94856,0
devgpt-f200ef46de1d4b0e,0
devgpt-449353d6cd6244b0,2
devgpt-59be142ab671be50,1
devgpt-d96be4ac0a709277,4
devgpt-a16ba2e3b3c98322,3
devgpt-3f67416f2dd663e3,2
devgpt-4cc4389afe78b9ba,2
devgpt-887340dbf6710895,4
devgpt-a6a8534b8864c466,1
devgpt-6715f22b0d47e89d,2
devgpt-aff129b23a8d4839,1
devgpt-93d79c95a4f9bf03,0
devgpt-8aade194c40cc9bf,2
devgpt-154fea0b7dc0c475,3
devgpt-0749c744e8ee9dfa,4
devgpt-66e2d21124cc8a63,4
devgpt-2f1892b167120999,4
devgpt-3db26854c4ddfaa0,2
devgpt-8fc8ccac5384e206,4
devgpt-ebdc61ed1009cee2,1
devgpt-9fee6991afade096,3
devgpt-0f84a542b03eb373,2
devgpt-e7f902caf8058f05,1
devgpt-c2f9e3c0b88a1ce0,0
devgpt-6353dc278e94e5dc,3
devgpt-1c8a74f6a5d91052,4
devgpt-20532e0726f056e5,2
devgpt-29a413dfd29e4c10,3
devgpt-304ff0fccedbef35,4
devgpt-c0729834599f2a2d,4
devgpt-ec5b5f75862de673,0
devgpt-c3bb2070a65e4268,0
devgpt-691cf23c57ca572f,0
devgpt-655730d0101b061c,4
devgpt-0b95fde6c16e9a1e,3
devgpt-f0ee0d1bb50024b0,1
devgpt-be89e220e82a746a,1
devgpt-ce5e57e7fa354811,0
devgpt-0111d60c5c7f0b31,0
devgpt-eefb9a9fe4abde58,3
devgpt-b0653caec4934aaa,3
devgpt-a73db3d47f5c78c5,3
devgpt-4bda2684c52a082f,2
devgpt-be24b3a268e3428c,2
devgpt-ab193fff0a196556,1
devgpt-7579257cb9461bf3,2
devgpt-ad0ce5d934dd07d1,4
devgpt-3558561cc89f95f3,4
devgpt-86b614b0d26cca5b,3
devgpt-0f9d46442c511edd,2
devgpt-d94b88f8b0300740,0
devgpt-9e6a90c8a4d6d6ca,1
devgpt-5af63dfe30b86d53,4
devgpt-0ed1e7d23120e402,4
devgpt-464ef873001c869d,2
devgpt-0ccefd3f2dec54de,1
devgpt-3ec2e9e4ca77bb73,4
devgpt-4c2d7d376dfd67a5,2
devgpt-ba81e3d153a52873,3
devgpt-7230ba5dd6fda458,1
devgpt-633a72c8b24802d6,0
devgpt-072edb13369c48e2,0
devgpt-97fba9a98c4447d0,1
devgpt-bad89bfa54ed01da,2
devgpt-f461eb25840f7d6d,3
devgpt-9b29f1ff52a750aa,0
devgpt-9d8f61bac01c7639,4
devgpt-a62baeb668cc330b,0
devgpt-f9b80820ed9a8c67,3
devgpt-8394f23bc943c5bc,4
devgpt-e0a70724c625ab46,4
devgpt-2ca470f4466a71a5,0
devgpt-4396b3735e011537,4
devgpt-ef3d4f9108048470,3
devgpt-c3ec4684db0a6b38,4
devgpt-bee86e0f76a09c0e,3
devgpt-4f312cff19d8b87b,4
devgpt-e1b77014b53203a1,0
devgpt-a612d7245b23bab0,1
devgpt-283bcd15c023842d,0
devgpt-a271a37e025e34c2,4
devgpt-6b3b26bbff885a90,0
devgpt-5ba9c1591b919d51,1
devgpt-f3fa0416f6f13a72,3
devgpt-1610e8ef4f45379d,4
devgpt-a3aa95b881291d8e,4
devgpt-79c2df0d445b92e3,4
devgpt-08653f517405e7e4,0
devgpt-b126083eb98eb8bd,3
devgpt-e983d66967b0594e,4
devgpt-10e4730a99e51b63,0
devgpt-90c27dd506f0d9da,2
devgpt-da08a0a7d01392fc,1
devgpt-2aaac64ff62d6def,0
devgpt-e68f0d1c03f3682b,1
devgpt-dbdcdfc1fc0fbcdd,0
devgpt-b441eacdc5b4b4e5,4
devgpt-feb09cf8c607058a,2
devgpt-d2209d12711a57d8,1
devgpt-0e97e3dd7710dd21,3
devgpt-3181b672271c3695,4
devgpt-8cebb198f6def908,2
devgpt-ea155dd6165c9f9f,4
devgpt-cf21ecbc48dce844,0
devgpt-62299853aee99f32,0
devgpt-8e06fe22f19647c4,0
devgpt-1c5c5492333dcfdb,4
devgpt-174bbb5618fc046d,2
devgpt-84c17f8cd9f6ab84,4
devgpt-9f918c339f351d24,0
devgpt-45c6a90043740cd1,1
devgpt-dd0cc3d5281e4544,2
devgpt-d5c13f308b09bacf,3
devgpt-76869364d84bfa26,2
devgpt-98583ba74ee2d555,4
devgpt-663971e7dee9c6ae,4
devgpt-e4590b27acec5ec9,4
devgpt-52bc3735585f6b9b,3
devgpt-2071250b357b0fbb,1
devgpt-72ce87f956875d8d,1
devgpt-d23572fa29c5a5ad,2
devgpt-6dd86da5b3b8a251,0
devgpt-15e51aac1391c602,2
devgpt-f2fe1629afe671cf,2
devgpt-91629a66b794daab,4
devgpt-a4e8694191855d62,3
devgpt-14bfcd154021c4d8,1
devgpt-d44c95f575383d1d,3
devgpt-46f1fc55b16a21e2,1
devgpt-2da562e827997fb2,3
devgpt-59f5603756c14193,0
devgpt-85a7c42f79913812,2
devgpt-10b5bbc2b402e56d,2
devgpt-efdf7fa68031d6cd,1
devgpt-f7bdcb7fbeb8ceb5,3
devgpt-2fa993c1a2af82da,3
devgpt-7d8350f14371b47b,1
devgpt-b955cc814d2b4dcd,0
devgpt-48d2e40248ac5bcf,0
devgpt-d76e1334ab2c495a,0
devgpt-3c964694b231336e,4
devgpt-79f3375b71353362,4
devgpt-3e451d0ebba56f5d,2
devgpt-4d2d626f92176a7a,3
devgpt-967e1d98069bbb46,2
devgpt-deee4b6f6385a6a4,4
devgpt-cb97f7dfc868e1d5,1
devgpt-06d00d33ba0c3ba8,4
devgpt-4c6ed56d6d230d75,3
devgpt-1b53060aa43c2e8f,4
devgpt-92ef3645a82fb7b6,0
devgpt-bc1402dbc5eef291,0
devgpt-3d63059b79fba621,1
devgpt-b9c378b1464f2a62,0
devgpt-4c822e15942157dd,1
devgpt-4ae6597db7c4360d,4
devgpt-b41113eb49371776,0
devgpt-cae472701e6e574c,3
devgpt-11708c7cc8369d8a,3
devgpt-79d8648785f4f5f5,2
devgpt-6bba634a68866823,3
devgpt-ef6f79faa66cf005,4
devgpt-0cc3b6bf5a95280d,2
devgpt-43a017f362c00598,2
devgpt-14f483b7f984b54a,2
devgpt-cd9e5b8200fdc92d,0
devgpt-b11fa98f6dc79e86,3
devgpt-81f871636c58a46e,4
devgpt-8ede04fcc470dd41,1
devgpt-a30c4f845046f7a7,1
devgpt-906eb8c08aa77078,4
devgpt-241481e77d50419b,2
devgpt-0aa4ce9b5d8db459,3
devgpt-6c9688f63f49f1c3,2
devgpt-31739aaf5451593e,2
devgpt-f90147dec7c4e486,0
devgpt-680815a03abdae63,1
devgpt-57c881455a84924f,1
devgpt-91f9a68cd1598e05,3
devgpt-19511c0e0ae222af,0
devgpt-192550e0adb294ea,3
devgpt-3692ffa3e9ee7ffa,0
devgpt-39faa59a166c7f29,3
devgpt-9fb08d7c5f6d22f6,3
devgpt-c9466178903d1ca3,1
devgpt-398e1ffe1e7e45d8,3
devgpt-3c493467f9e28ec0,1
devgpt-d61589eae8dc98ca,3
devgpt-29ba100960e2dc89,4
devgpt-6d87c7d0b230c086,0
devgpt-b4e9dde30fd9e709,1
devgpt-5f712ba95178bd96,2
devgpt-29d520e571ff2c54,4
devgpt-81c3bb0e5b6aba47,0
devgpt-8f1649e67dde5509,1
devgpt-fbbff7355fa32115,1
devgpt-a0f1b7b03d62cc63,0
devgpt-2ac434728c9682fc,2
devgpt-2cfcd7fc73f82be9,2
devgpt-16ce6a2c8dadc328,1
devgpt-5a4b5bb10cf043a5,4
devgpt-028ab06da042668a,4
devgpt-651eb96f621a699b,0
devgpt-53b8c9ceaad80be3,4
devgpt-c29c513a183f4202,3
devgpt-71a29f6d95b6706a,4
devgpt-590fbc2c5dcd52b1,1
devgpt-9e5cdcd1c8391a3e,3
devgpt-e72677693be58e5b,3
devgpt-6b3acd062fdb9c7a,4
devgpt-f4d77905b9e44a3c,2
devgpt-fd2ba49bf52b3d8a,2
devgpt-49c93b2e5d66d95c,0
devgpt-914eb8ef9fe1c095,2
devgpt-64fc5d7198ceb28e,4
devgpt-5365589ae74a871b,3
devgpt-80e906dc2ee64e7b,0
devgpt-4738f63f45cdcd6c,4
devgpt-f7dfadcf522ac321,3
devgpt-8491f5a0cd24ec81,3
devgpt-ccd9681ddd814b7f,3
devgpt-eafd80af265d033b,1
devgpt-701ebe86d95f1804,0
devgpt-28d2f6c8a07a7582,1
devgpt-1acea23ecffaa52f,3
devgpt-b14ab5e4c7c48b50,0
devgpt-62cf19b1d5d9e9cc,0
devgpt-5131f2a0785f722c,4
devgpt-8e26b93892bee7c1,2
devgpt-5dd403a3d939d589,3
devgpt-cea184fb537ab348,4
devgpt-9a7948c6da93a938,3
devgpt-3bcccddf89b10689,3
devgpt-30866b80adc1ed16,4
devgpt-a5446f916d766804,3
devgpt-fc6491eced5eac7b,2
devgpt-b10a7eb8c268f9df,2
devgpt-a11ce7677a2e4a9c,4
devgpt-8308d6dbeafe8a60,2
devgpt-5f9db96f0fd37dd7,1
devgpt-27c16a476cf84a39,3
devgpt-f36564d9b94b8e1e,2
devgpt-8675077f186ce93e,4
devgpt-750f37b638a5ee9c,0
devgpt-e14cc964eaba2f78,0
devgpt-90697d405342b2e5,0
devgpt-bfa8ee44e62e8b7b,2
devgpt-a329cee1b3c2dabf,3
devgpt-a13af6b61a1474cb,1
devgpt-3f8ad921e0d7dbe7,1
devgpt-ab89ca527b5f5ba2,2
devgpt-597839547b48c889,3
devgpt-0800dafd475cf049,1
devgpt-93524c5a9dc9b8a7,3
devgpt-369c88ea40f245fa,2
devgpt-e9541ec74881acdc,0
devgpt-53af53b04cdddd32,0
devgpt-ab1fdad690c2d66c,3
devgpt-83cf27888c0ab8cb,3
devgpt-c572536f43bc633a,1
devgpt-733f53a027172b12,3
devgpt-5af52e6cbcb23ac0,3
devgpt-969aa065c28f5e77,4
devgpt-6aa80c10475a3239,1
devgpt-14e48a1f643a241e,0
devgpt-63af4ab430978c8d,1
devgpt-53539267b6c9f6f3,3
devgpt-14353901100460ab,4
devgpt-97a6664e9d69d2e5,2
devgpt-2b7132e81ccbc6d2,1
devgpt-0d0d8da9f88efb9a,1
devgpt-97127987233b9639,4
devgpt-ace3ea24214a2d70,3
devgpt-4bbe41d21621210f,2
devgpt-90924c7ebd237ab2,1
devgpt-94ae005a06094ed0,1
devgpt-1251cba754cad182,0
devgpt-91b47885d5a02bf8,4
devgpt-d19919a157c19adb,3
devgpt-c0dfcf57676c8f61,3
devgpt-ddbcbe6a7bc3d60c,2
devgpt-6a5c89a3af06f72e,2
devgpt-239de20c7222d4e2,3
devgpt-733e9519a54defb8,2
devgpt-252728eafbb3b0f1,2
devgpt-c03d5b4bad93988f,3
devgpt-a6b6675d26895302,4
devgpt-f57da4118c58176a,0
devgpt-4742d574818cbec3,4
devgpt-b4784fcb672534ee,1
devgpt-9a347361128c20cd,4
devgpt-7b6ad9dae5067ca1,0
devgpt-5ec5a03e04d1ebc3,0
devgpt-f5318b6a9ac62f3e,1
devgpt-109baa67125e5ca9,2
devgpt-cf1d91c77a94e44d,4
devgpt-f7f4ca2f87e1902b,1
devgpt-5682468ff5e6eff6,2
devgpt-9fae5e7f0b335888,4
devgpt-3877a7a82072b1cc,1
devgpt-50542b5cea8d56a1,3
devgpt-62844a359c4f6061,0
devgpt-0b87ea88ca4bd72c,0
devgpt-fe11841c56368c19,3
devgpt-add062dc92f19867,3
devgpt-4170110449db2da7,0
devgpt-5bd1e8225b87d010,1
devgpt-5baa5fb8767a9b68,2
devgpt-c4ee22ee2ffa8830,2
devgpt-6dabafdab8dd8729,1
devgpt-70ef5f66c7ff6975,3
devgpt-9d3361cc5313031b,2
devgpt-7a40f4688adbcbab,3
devgpt-b82d2a74a17dd92a,2
devgpt-f2422eef26a074dd,1
devgpt-47ac9f78adbb1b03,1
devgpt-2d5b767e6e13f5d0,1
devgpt-0bd034ae331e7b66,2
devgpt-3730a5850d100352,4
devgpt-cb7efa6036d19a78,0
devgpt-89f8d6e081585bf9,0
devgpt-4561da42f894f6be,3
devgpt-7de54df5c2176383,1
devgpt-14da2bfaac99efdb,4
devgpt-d3d0f176738c4098,0
devgpt-1e49e2fd52213436,2
devgpt-21da000f74a75584,3
devgpt-38b59a59605a62e1,2
devgpt-1c3d71bb67f3db30,0
devgpt-a2ef06a862753498,3
devgpt-c09eb4174a4c62a0,4
devgpt-6698b06a42532d80,4
devgpt-1d50af0ccab1dc14,2
devgpt-50a9a319ea003216,1
devgpt-eb47abe249636231,2
devgpt-a175894a962caaa8,4
devgpt-686583b448822149,2
devgpt-8495307d6d835f75,0
devgpt-3bdc0ae422a68375,2
devgpt-9a8338991c7ac640,2
devgpt-55035a5b572afde0,3
devgpt-be43eca7a3b9b93c,3
devgpt-2f9e828561af169c,3
devgpt-6d61299c5c8b7f2a,1
devgpt-da7cbba40c01b3a3,2
devgpt-79cdcc7829012307,3
devgpt-6bc919971271deee,2
devgpt-50028885c67aa4f5,3
devgpt-4f3e15a295a71ee4,3
devgpt-25b1a7555cefcc64,4
devgpt-bacb4e0ef89ff21a,1
devgpt-49d6d7d477d54817,3
devgpt-fe625a7d8381e645,1
devgpt-cea3fef4af82d4fd,1
devgpt-eba7ca6afa5fd68e,3
devgpt-dc89e0ce5e1c3dd8,1
devgpt-fa5872b0722374c5,1
devgpt-c337037246a42152,4
devgpt-901f7677b0706d5a,4
devgpt-4437671a8709fad1,1
devgpt-f32dea76a00df5b8,0
devgpt-c5b42005758dd281,1
devgpt-c873c710318c669e,1
devgpt-192542f46c84e968,3
devgpt-2529bf27e7072d78,4
devgpt-4ff9eceb962e7707,1
devgpt-92233ee863229d64,4
devgpt-61ba265b359f2bce,3
devgpt-67f381ad5ad88ea1,1
devgpt-8918a5bbb73c3b44,1
devgpt-1a5e69afa0ed7696,2
devgpt-70667e1e84af0fe3,1
devgpt-dd6ed1e0c2175d0f,4
devgpt-154fab6ab1044c41,2
devgpt-0f4f4c3df4449804,1
devgpt-0a028c8760d7a4b3,0
devgpt-cb70204ae1abc0cb,3
devgpt-855d0ed717da038c,2
devgpt-1c7acd7778788e6b,1
devgpt-fa9c5fa41e151e83,1
devgpt-44dc9f7b39fd8b63,1
devgpt-d1ee43f0e23de48d,3
devgpt-dc94f3bcba7b8823,0
devgpt-282f27fe366e1aee,3
devgpt-7651bc6f82f8ef7b,1
devgpt-ddb2af1c124da4b1,1
devgpt-b380c068ab3d042e,2
devgpt-68b3d241792a4b99,1
devgpt-8abab42041e333ab,3
devgpt-7e7ad5aef1e5d287,0
devgpt-ff63d26b7a33d09a,1
devgpt-19dd1becf04f5792,0
devgpt-8fce10a3dee8abbf,3
devgpt-885cc43c493d76e7,3
devgpt-6962da5866db26af,0
devgpt-45c461d6f07c8677,1
devgpt-f4cb5135647cae65,3
devgpt-0ae8ebdab1646d3b,4
devgpt-8838c8a429bc2801,2
devgpt-d256f64906b8c3f1,3
devgpt-fdd857f7593a03f8,1
devgpt-43b86d3c6c697d82,0
devgpt-919842cb34dd1994,3
devgpt-3b430d94ba483a9c,4
devgpt-7bead8317d5e0095,2
devgpt-bccd261acd5303d0,1
devgpt-d15c1ca932e0720c,2
devgpt-81afddd2b7383201,2
devgpt-db9bc425e85ecb63,2
devgpt-66ddf7b1ca45a5dc,4
devgpt-fb214dba3c2ad86d,2
devgpt-28e63b54c4278593,1
devgpt-d9b9d2f442d6b3ea,2
devgpt-0835b7d13e38df82,4
devgpt-46975cba49472965,0
devgpt-a1f561de00ac2432,0
devgpt-e478f854e50b00b9,2
devgpt-1cd99ee59648709e,3
devgpt-3760e085ac7a3e17,4
devgpt-20bc6192ba1d6e25,2
devgpt-3cebcaf849b82acf,4
devgpt-9f99cf55ef212e0c,2
devgpt-7265411330d86b94,2
devgpt-39a8a42ebdf506f1,2
devgpt-69e726c505121a6e,0
devgpt-55b7223b425863a0,3
devgpt-90784fc8e0aee72d,0
devgpt-adc1bf010b452c95,4
devgpt-a02bbcd6b85b86a5,0
devgpt-347c1555feb6c7f6,4
devgpt-a7c5dded015aa716,2
devgpt-80cf0a238121c6e6,2
devgpt-bec19ee9040a21ef,3
devgpt-a116fbc081a435df,1
devgpt-1e12614e8e59ef73,4
devgpt-d49ba8f95d4b35f5,1
devgpt-620676980670e13b,2
devgpt-edc2b4312b373621,0
devgpt-d51456e65076862c,1
devgpt-cf476385f3b11aaf,4
devgpt-62060d10bc45246c,4
devgpt-02c5d4a6b3034c5e,3
devgpt-c5afe8cdfd8e0003,1
devgpt-b27394ef472926b3,4
devgpt-2ae102474d3e9bf2,4
devgpt-81096fd3b6a722ce,2
devgpt-7140b4a6c1cf7df7,2
devgpt-966f3d5b0f10cda1,1
devgpt-c6a33a6842a6983f,3
devgpt-fed3ab19480513af,0
devgpt-449a92ae1e80b27a,3
devgpt-1ead3e89118ad8f0,0
devgpt-1ee5c56ea75326ee,1
devgpt-66762708dfff42c5,1
devgpt-7c3a90eb0789f974,1
devgpt-dba800e4a9b99a77,2
devgpt-c2e8a0fbe3860c13,0
devgpt-595f41a2656c4f6c,0
devgpt-12a71d049a899051,0
devgpt-997c8b921ac745e4,0
devgpt-599825bdbca09467,3
devgpt-beec97781e213d9d,1
devgpt-0a97002242d4e21f,0
devgpt-eefbd9f20539ca7f,3
devgpt-e30c48f77b981ff4,1
devgpt-ded886bd0850b13b,0
devgpt-1e9d85ab70dc2431,4
devgpt-aa45221998dae27f,2
devgpt-8659ba2e4b517273,3
devgpt-3549a3302f046b0f,2
devgpt-6ba4878fd7c44312,2
devgpt-814485db3bc349fa,2
devgpt-134b7b547284a802,3
devgpt-73159f2b176e6f2c,2
devgpt-4fbe47f4f88e0341,3
devgpt-efe654f561e51e2f,3
devgpt-53a37aca6cce4790,1
devgpt-5574c4128ca83c6c,1
devgpt-2746e53ce5e267fc,2
devgpt-ae468731f7db9e8e,2
devgpt-0b88a3602e048ee5,3
devgpt-3cd75561a6be15b7,1
devgpt-cb41dd5a96319b46,4
devgpt-2e69c2e691bd39a2,3
devgpt-aab8f078ae464960,0
devgpt-4acc28eeab1313f5,4
devgpt-cfb9ccca341d4021,0
devgpt-dd062d59a30c41d1,3
devgpt-7040f0caf6948f00,4
devgpt-0e786da972a6e369,0
devgpt-a496f47561a0bc83,2
devgpt-21ac07415a89c65e,4
devgpt-2718847b7482cc3f,4
devgpt-69474afc4ee3e9c9,2
devgpt-0a4a02dd3a2eb9f2,3
devgpt-00b0cd69ee098f82,4
devgpt-2e01a08e106f0fad,2
devgpt-a5ee6bc2bd53c188,3
devgpt-9089b87e4ac71748,4
devgpt-f23802c8b873ab17,0
devgpt-1f40de3a17c644db,3
devgpt-f6c86f3e29fcc7ba,3
devgpt-075c939474fea1cc,4
devgpt-92d06d22d03ebdcc,1
devgpt-f419d8f072d7ff4f,4
devgpt-9e097b7c669d7262,4
devgpt-6c6278de85246451,0
devgpt-3c66f2933afc66fc,0
devgpt-ea15cb3fb8e7da16,2
devgpt-9f64b3e35221eed4,0
devgpt-fffaf4eca7353fd1,2
devgpt-5b61e7c61360ba23,3
devgpt-5322c66cf470b4e5,4
devgpt-9a41b56a0668f5dc,1
devgpt-e3bba687c7e5c112,0
devgpt-1a6ba1a1a19e550b,1
devgpt-a0cc02413a45301b,1
devgpt-e9fc11b2e2032025,2
devgpt-956052ef79fdf375,0
devgpt-80277d42b8b87149,0
devgpt-72e59e9d873a04a3,3
devgpt-d7aa821d9b5fd3a6,4
devgpt-4854df3231480593,4
devgpt-4ed1e72518f13e4e,0
devgpt-5479c91552573c07,3
devgpt-4e1b22a27ba4f0a3,4
devgpt-9794425fe6bd765f,4
devgpt-7c98e1c518c3b5f7,0
devgpt-dc69fcc468a7aaa1,1
devgpt-f605079fa9d0e81f,3
devgpt-a40de48476c3b432,2
devgpt-a0d5731fce885a7c,0
devgpt-d6ce809cbeac0214,3
devgpt-9c9bfdc232865dc5,0
devgpt-09688f282880a945,1
devgpt-7a89c43d2c7c5950,3
devgpt-d87ebb3e8d077f12,2
devgpt-0b4c222783ad030a,3
devgpt-c5b289d3a45be974,3
devgpt-8c13d5e0e0aeeccb,0
devgpt-4293ef5a96e412c7,2
devgpt-5c32ee23e7deccfc,3
devgpt-3decee5ee0ff57f6,1
devgpt-1cc26f335a350690,3
devgpt-e2f0382f9c8e60cc,1
devgpt-756464765092b458,3
devgpt-342d5b56d85cb6f1,4
devgpt-bafa3ad32f715759,2
devgpt-3a3cc4466a5467bb,4
devgpt-8f81db0a4deef513,1
devgpt-5242887e262cd0bd,4
devgpt-0130fad7a93baae7,3
devgpt-544f715bb2724d77,2
devgpt-8025d8ae46bbafa3,2
devgpt-5c99b7adcfa427a5,0
devgpt-aad2b5d3583011eb,4
devgpt-bcadf284e26028ef,3
devgpt-e8061c9c320647b2,2
devgpt-a2879937f3cb05e3,1
devgpt-904cbcda0068ae56,0
devgpt-6ee70d75049bf086,2
devgpt-0822acce4aa71d80,2
devgpt-cd3a235d25441ca1,2
devgpt-9f1076c8b5f4ff8e,1
devgpt-582a60bad317fad7,0
devgpt-4a25ac6ecc384db6,0
devgpt-38c322bf0f72dc2f,3
devgpt-896e83336d00819b,3
devgpt-0b578abdccc9e5af,2
devgpt-b14f4d1761801bbe,3
devgpt-da53dea723839634,1
devgpt-b1f3acb9e6ad4da5,0
devgpt-aeb52647796db953,2
devgpt-ad28684fd5d74d7e,4
devgpt-ba0c096b35024b21,1
devgpt-bcc463eaa5a4ba9f,3
devgpt-325c2d0ec8320d8e,0
devgpt-4652bfefc845934f,3
devgpt-bba1123871b32a95,3
devgpt-38167039ebd29471,2
devgpt-6117d3f0924d18cc,2
devgpt-379bd458fcd44273,2
devgpt-6836926e989e79b6,1
devgpt-864f2b34a836d430,3
devgpt-abe91688969942aa,1
devgpt-8604112d63599e40,3
devgpt-fc68b6ba8487d270,2
devgpt-5d7608b41e593711,0
devgpt-2249dc8b192016d5,3
devgpt-557c74d48b58ce0c,1
devgpt-bb68a7578a9f3159,0
devgpt-205c280e27a85ac4,2
devgpt-d59e20e0bf5625da,3
devgpt-064cc217f0288a41,4
devgpt-8fe598051cfed454,1
devgpt-2e288723a1b17efd,2
devgpt-b6a604ff24b80b53,3
devgpt-3547d6b05aefd28b,1
devgpt-a98563b485ea9375,3
devgpt-34340cba7885b0fb,0
devgpt-239c392d2009c47d,2
devgpt-a414353c6168bb59,4
devgpt-1aeec9d056d7f0be,3
devgpt-565907c17a530ca3,0
devgpt-a595ed1f001a390a,4
devgpt-0b4cc4fec86fa87b,4
devgpt-06e8a60d7a76615e,0
devgpt-fea8307a7eebb0c0,2
devgpt-e9b1f2cdacaae4bb,4
devgpt-db10ff75c809c8d1,0
devgpt-6445fd59a7cfc506,1
devgpt-08973a548cee9073,1
devgpt-97d34ce04ae6e9f8,0
devgpt-804d8281a825f0ef,4
devgpt-49431a6e559a3e3c,0
devgpt-5dbef967c90d40c0,3
devgpt-d7bae4a2734d5c10,3
devgpt-cf828dd75d928a95,0
devgpt-b338bbde7ab79cf5,0
devgpt-509be3992fea359e,2
devgpt-5017ed1855ba03af,2
devgpt-58548b4420d73aa1,4
devgpt-1e7191c4602d9eac,2
devgpt-15ef488dc6d8618a,3
devgpt-8f653b4cfc2d0c1d,0
devgpt-a5f19e1a93d4dfba,3
devgpt-a0f57145d7dd9547,1
devgpt-4921268118b6fce6,2
devgpt-23d450d7d7947e58,2
devgpt-b07d17893971e386,0
devgpt-45da703296f0d09b,4
devgpt-b791b71b714610e5,4
devgpt-e7a83ec657280cd1,1
devgpt-1d1c3f3b3891ad7e,0
devgpt-c43eb1289061f991,3
devgpt-66212c2b3669449f,3
devgpt-df7dc821969a2c71,3
devgpt-c06e7cd74e136293,3
devgpt-60c11729a05b1ba9,1
devgpt-96091d5cb59dcd12,0
devgpt-3698ee1a6740d334,2
devgpt-679e4e82810fb62c,4
devgpt-ff40fa4ebf893c23,0
devgpt-820d1b33482eae03,0
devgpt-cb8896c78b559096,2
devgpt-97787e335d7826fd,3
devgpt-8a03e228c04de144,3
devgpt-185dcdc4770585df,0
devgpt-03f47721695113ff,3
devgpt-8f62754737e09a47,4
devgpt-bbe350d8634dc06d,3
devgpt-08595517931d6648,3
devgpt-e660e0b2af3aa8c9,2
devgpt-481d6eec598ce3c4,4
devgpt-a37bc41a86733b59,2
devgpt-20c51a0adbdfabd8,3
devgpt-7bc9aeff2aa9ab6e,1
devgpt-59e88c370da8f201,3
devgpt-758efc55fe99c938,4
devgpt-6daea3249ab91d26,3
devgpt-3371cab67bddc875,2
devgpt-f64311644a1fb02c,1
devgpt-0ef796d69fe39e54,0
devgpt-d55e23ade71c97d7,3
devgpt-da1dfb87ddde0dfc,1
devgpt-fb2ba89c67c7fa4e,0
devgpt-185d9e6dc30c6f5c,2
devgpt-c4aff101c4101546,2
devgpt-2f19793cc60b8a2d,3
devgpt-0da13d23a19b59d6,2
devgpt-4d125b6c1e566d19,1
devgpt-8be394157e49204b,0
devgpt-121a917877e22e2c,1
devgpt-16a9689d066dbda3,2
devgpt-d470d0e48b359c6b,3
devgpt-734a78683b979b9b,0
devgpt-fcb149310ffcf47a,0
devgpt-10c05f1afa84da4c,3
devgpt-a77e82221c6c2692,0
devgpt-a45ca376d4ce65e2,0
devgpt-982a92ac444cb630,2
devgpt-1d727f22aa43ee91,3
devgpt-06c4fe484cb55dc2,4
devgpt-eaa423e1c69d2a6b,0
devgpt-9e1726c10ed282ab,1
devgpt-7b7a12c1664ddae0,0
devgpt-82057cdfae7bc300,3
devgpt-2fc3f9143a60ddcf,0
devgpt-bece882a944d5a5a,2
devgpt-db402ddc75d1138e,2
devgpt-22bbfd70ca46b270,3
devgpt-a6736a77b8d72cc3,0
devgpt-6e05381dde3d01dc,0
devgpt-fc79a8c34510b429,3
devgpt-0705ca16e2173948,1
devgpt-344d525856681555,2
devgpt-806242284a6f3766,2
devgpt-e53bede8e5f34948,1
devgpt-ac75005f76294305,3
devgpt-c4f3126c6b948eff,2
devgpt-32bc8125e108517f,3
devgpt-72c01c7f85648ee0,2
devgpt-715b5e99f5d7dcfa,0
devgpt-27543d27ec0ed8a7,3
devgpt-3d56a1ba43e8b44f,0
devgpt-58eab9fb3be632bb,1
devgpt-c276252b9ff19939,3
devgpt-d7c2b332946423ab,4
devgpt-179d625f808bd8c5,3
devgpt-2e37b6ed7d2af5b3,4
devgpt-13765ceb2f592075,3
devgpt-e07d06b7e58c9825,1
devgpt-fa8408dc3833b665,1
devgpt-2bab95ebb854e9e6,4
devgpt-6f4231bba1f3ce1a,1
devgpt-114ce2ff827a1dfb,3
devgpt-715a4e81401ec229,3
devgpt-7c338dcf0dc6cf1c,2
devgpt-eb507eee3c2f94ba,3
devgpt-61eb961ceb3016f8,1
devgpt-8a1874ef323f4abe,0
devgpt-974d7e5fa75621a6,1
devgpt-fd424345b4f70574,2
devgpt-99f13b6a65ebf62d,3
devgpt-f3140a6c92458d3b,3
devgpt-27ab8edda49ee9fd,3
devgpt-890035b79de086f9,1
devgpt-3af07334359d40fb,0
devgpt-910b1c4cd7c5ac02,1
devgpt-3b80e963de7dd469,0
devgpt-3c6f9c6fb367b520,3
devgpt-a9bb93ca188f8333,1
devgpt-fbb9b5510f2a3334,4
devgpt-b20f17f957e4f477,3
devgpt-c2c2b7ef06aa0d2d,2
devgpt-b803357851bbe746,0
devgpt-bdbf15419a1d6c75,3
devgpt-333da3bfa7c92b55,1
devgpt-b1f329002c4d146b,2
devgpt-ccd20c00f844de26,0
devgpt-a8ad2bdcf9e76524,4
devgpt-841602a3150d2369,4
devgpt-a2973b15879a2e96,2
devgpt-7ae333b2f51804fa,2
devgpt-e912e0d5397fc3f2,4
devgpt-a65482e27f7d91f3,4
devgpt-520fd1435a80dcbf,4
devgpt-6e6c4144a4e6cef9,0
devgpt-2096b61b239e7fdf,0
devgpt-aa59405787316010,3
devgpt-b846558685b73d6d,4
devgpt-0169421c4816896c,3
devgpt-ebeb08b556c902d8,4
devgpt-caef87e30e6690b8,0
devgpt-10a9c7cfd3e8793d,4
devgpt-3fdb73a0331790f8,3
devgpt-bb6dfe574f041bdf,0
devgpt-434fba2c7528a159,4
devgpt-790f8ace6acdd4c0,1
devgpt-7cd470afc0e570ed,2
devgpt-ce534a2405fc0deb,4
devgpt-91d3df80e3d7e15b,1
devgpt-26aeb78743e79b2a,3
devgpt-3859cd76574ee604,4
devgpt-089bd95da4a4a3fc,1
devgpt-86abc0755a19f2cb,4
devgpt-b992d7d23fc9328a,1
devgpt-cb46c85f1b282b13,1
devgpt-ce018d38f69e545d,4
devgpt-e6ba15b7144cf97a,4
devgpt-397208dd91148e05,2
devgpt-9f4499b0a4f64676,4
devgpt-b199f20412056823,0
devgpt-41d33ed42a07f71c,0
devgpt-234ecd78948197ec,4
devgpt-1e76f158922d2174,1
devgpt-4c7f68b4b7b7cc3e,3
devgpt-379025b528b9f48a,0
devgpt-1f10fce84a8150c4,4
devgpt-c07799ad339e824c,0
devgpt-efe3d877520f07fa,0
devgpt-5e230f4e1f3af275,0
devgpt-ca1e86e944d1d0c9,0
devgpt-34c5a462b3cc4198,0
devgpt-3c878b7c8a080624,4
devgpt-46548d6696fc15ad,3
devgpt-ae8305a03ce969f8,2
devgpt-11e2e53cb97b9dda,2
devgpt-c8578f8dcc1eab6b,1
devgpt-961661ac19bcaab6,3
devgpt-0ded2c2cc47f8254,3
devgpt-0b65608f24543508,2
devgpt-8e8ae9ed96cad250,3
devgpt-8a52dac7cb02747f,0
devgpt-31903218e1e9c6e8,3
devgpt-2e457822e463c85b,1
devgpt-4e4ab0e2e42d1862,1
devgpt-5d4a6f8131e3ef40,0
devgpt-de7c89c9a0cfd01c,3
devgpt-c23e3d7b6533915a,4
devgpt-cda91df96a42b73f,1
devgpt-6d4a12c6a43f271b,4
devgpt-a4665e1fde4b9ed0,2
devgpt-663db5254be685e8,2
devgpt-5984cd623c59d4fe,0
devgpt-d09a4e05b6cbe211,1
devgpt-27e30b3b7d7c9570,4
devgpt-d3481bb05a05487d,0
devgpt-5fa67e402ed96bce,3
devgpt-03ba85385c1da188,4
devgpt-759a1d708df487f7,0
devgpt-189983ff19ff3131,0
devgpt-da06d03294603e1e,3
devgpt-9cfafcd4c238ae3b,4
devgpt-229c47adc81a4971,3
devgpt-47c326a34a9dfc39,4
devgpt-91c232cbc0375618,1
devgpt-cc10a0de065fedb4,1
devgpt-57e487fc7cfc59ba,0
devgpt-3dc22df73df92899,2
devgpt-b327230236cf38cf,2
devgpt-982e774ed7925b9e,3
devgpt-0d22553dc5e0d034,4
devgpt-8e1d97f701cc31ca,2
devgpt-a88ed590322650b1,1
devgpt-17c1ee2986357ba2,4
devgpt-9085fb7aa12aedcc,3
devgpt-2fba940279c1178a,2
devgpt-51add19fd521eb61,3
devgpt-f3bdb29a7a519bd6,4
devgpt-a695b6a4ed4b8a83,2
devgpt-a0908f1192256477,4
devgpt-a94325d025bd1dbb,0
devgpt-ec8bd1b99ed32a69,4
devgpt-b98c04da4d141478,4
devgpt-1626e1cd5e41133b,0
devgpt-0debe06873d32248,0
devgpt-3d4c003ece9ecb0e,0
devgpt-e4ec34e2bcb6b5a8,1
devgpt-bfc3cc0b6a4daa6c,2
devgpt-2fae17ba454543bd,4
devgpt-94ef9228a20d9038,0
devgpt-9475618c04eb0a4e,3
devgpt-23b79c78934744c2,4
devgpt-92c25a62bff6f645,2
devgpt-c509f61fbec79e1f,1
devgpt-b592e5c8e907765d,0
devgpt-13af73e354fd7cf5,1
devgpt-db6862de81901b2b,1
devgpt-6cce154bbc4b43cb,3
devgpt-d4cae9abad292880,1
devgpt-254805ac607e3355,0
devgpt-537b77f31e5bef4a,4
devgpt-f41147ad1e4d5ef8,0
devgpt-7d5a41b862ab19f7,2
devgpt-bdd7cdc1519f43f2,4
devgpt-39aa837885560601,0
devgpt-f80a9d16a827ea92,1
devgpt-80bee27ef936c8ae,3
devgpt-63d029eb1a00cf97,2
devgpt-45f5fd16fbcbd368,4
devgpt-c18a12f39af23ffe,3
devgpt-9ea6f33f952be18d,3
devgpt-344b8bbe9a889024,0
devgpt-3384038327110981,0
devgpt-9ec1ec50901a2423,1
devgpt-5ee3c27eddd31ea6,1
devgpt-7c1dbef9e6b39ad4,1
devgpt-3e0839c259701783,4
devgpt-4623b946ed0ce06e,4
devgpt-3b3d7abd15bdb360,1
devgpt-560032c3381064cf,0
devgpt-d222d883835b163d,2
devgpt-7a43f1a8a5eca735,2
devgpt-cac3e1019826ee8e,3
devgpt-f2683b0c1230af6c,2
devgpt-2b5a74c82dcc930d,2
devgpt-04c35f8eddf80fa1,1
devgpt-1217b0dad9232f4a,1
devgpt-81aca5b2b8788697,2
devgpt-36d219deddc555d7,0
devgpt-526814e251e22b49,0
devgpt-223941a607990d41,1
devgpt-96e574a25bb8cece,0
devgpt-b9fe9d3b2ba830af,4
devgpt-f317a1bfb3db8041,4
devgpt-3d6f78f4c31b9d3b,4
devgpt-cac51183a0a626d2,0
devgpt-57e706eb5d2e761c,0
devgpt-2b9cfaa20de02969,4
devgpt-696fe0cfae347931,3
devgpt-c8a5878b58a87150,1
devgpt-42522fb0b5735cfe,4
devgpt-24a8d7b7e9c5552a,0
devgpt-34106b1b98be26fc,0
devgpt-27608ad8a1896c06,3
devgpt-2ec0584581e969cb,2
devgpt-257e68027f61a0e7,0
devgpt-c2de0d54ef93596c,3
devgpt-19b102ee87ae9840,3
devgpt-380f53bdb9771253,4
devgpt-d500b916a28b1407,0
devgpt-112b6895c9886f01,4
devgpt-13433302fbe7327e,2
devgpt-a6763a3eab6fa5e2,4
devgpt-1a4f05a6a187f54b,0
devgpt-4c812e45ca21a697,1
devgpt-786cc6949ca82476,3
devgpt-76899a38ce8d931e,0
devgpt-cdd72f1d8467eb99,4
devgpt-4c7aece9b178d006,2
devgpt-204021929433595d,1
devgpt-01a373164928d913,3
devgpt-60fc8e99bce5b2ae,1
devgpt-634a1dd4c3279643,3
devgpt-e2f166a4e6f2fa60,4
devgpt-03263000c2a1a97d,4
devgpt-12c338ce818e4bda,1
devgpt-9e45edccd57da156,1
devgpt-02e8ef1203ef1837,0
devgpt-3766fab385a4b7fd,4
devgpt-8c52c03dd2aed7e8,1
devgpt-19ef2e9d86b9cf2b,4
devgpt-a2d25b7a1509eec1,2
devgpt-e7b83986cda68b24,2
devgpt-504aa625946c9f76,1
devgpt-02840f1f91bc3ddc,2
devgpt-96bb43f27017a1ef,4
devgpt-96c8109e3762233e,3
devgpt-51dd56bb576db9d3,1
devgpt-ccbcc39a797df595,2
devgpt-df2c8cd979188fdf,3
devgpt-66bbb45529cae4ed,4
devgpt-121c89c11182752a,1
devgpt-7331d009cf3a9ff0,3
devgpt-947c0436de0f97b8,3
devgpt-ae19a1c03abb2c8e,1
devgpt-c81646a979680a43,1
devgpt-3c826c567a0e8189,2
devgpt-1dcf4c2b5a16551c,4
devgpt-5704cf91b056f64b,3
devgpt-2dbf421a14bb1394,1
devgpt-b4cebf99c41654d1,0
devgpt-8fa1cb2fc744e945,4
devgpt-35f9502dab4352da,4
devgpt-28adbe57405eec74,3
devgpt-c7d04bafb69af7e9,1
devgpt-064b2a355a50a9b2,4
devgpt-37cbb4c549cbf434,4
devgpt-c40fb71edf21fe7d,1
devgpt-09f9c8010d6ad33d,4
devgpt-1a62c8f936557d29,3
devgpt-924efe1c013d7cec,3
devgpt-d1a2dde8b828e4c8,2
devgpt-45eaa6e7ad1cb266,2
devgpt-da2108dcbc1b51c6,1
devgpt-de13e899815451bb,4
devgpt-d7e50595d8abc1b0,4
devgpt-4ec253f5ddccecd8,1
devgpt-28dbf8de46d50f15,2
devgpt-2603d25b89cf31f5,4
devgpt-fad3e50d6c90a14e,4
devgpt-dccc85766f1a9870,2
devgpt-127fd86e6c95f644,2
devgpt-137c083f46186507,0
devgpt-b72f6f6e11e7e359,0
devgpt-4702317e12bd4974,2
devgpt-ff6585969e9d5832,2
devgpt-71614f52a4c3f195,0
devgpt-5de7a3d1550d67b1,4
devgpt-727d90402f1a6e71,0
devgpt-7fae83ea20e38ea7,1
devgpt-2d31401cccf6cea0,3
devgpt-9329b19e2e56dfe3,2
devgpt-ddf5066a715b3979,2
devgpt-b6669f50b992351c,1
devgpt-3bf241c5a673fc0b,2
devgpt-1dcd035328dae1a9,1
devgpt-8a0b2d4b74773794,1
devgpt-a864859bc5caac54,1
devgpt-a44d7138c5115e84,0
devgpt-1638e4577e3b3794,2
devgpt-8f8fec0c26627777,3
devgpt-5d7460093f2cc195,3
devgpt-f3f153e5930d514a,2
devgpt-691964e2b8776887,2
devgpt-7a5fd8e3edc1b449,4
devgpt-58349d101da7b9e0,2
devgpt-7683ab14c7edf8b4,2
devgpt-e1260538b5e34197,4
devgpt-8022376235f2aa2f,1
devgpt-9ebec545450fee69,0
devgpt-5a7bad577bff41a9,1
devgpt-2cbfd534e63a3ba4,0
devgpt-7cf8e99ab17046b3,2
devgpt-78cd8dffb955b943,1
devgpt-28a2cf96a3e04075,0
devgpt-00c68b2e0d4c9292,3
devgpt-307133f2b18a47cc,1
devgpt-9951878ca8016e45,0
devgpt-92fae5f28d6b3101,3
devgpt-6629fcb24093dd43,0
devgpt-d687aa5007bd974e,0
devgpt-379efbbbe070a369,2
devgpt-cfbe4deee8943927,2
devgpt-944f9f25afe7e023,0
devgpt-da649a363c896ba3,3
devgpt-da6c5cef962c12f4,0
devgpt-87163143224cae61,0
devgpt-a9ad79a88eb97765,2
devgpt-03cee0b10b266e37,3
devgpt-4fbeb8d2b438d486,0
devgpt-d9a9cac61ff3da2a,0
devgpt-2cfa156702488a1c,3
devgpt-6227bca611b52956,0
devgpt-5f7adf21023fa36c,1
devgpt-0218da2f47377f1f,3
devgpt-bbee2451001c042f,4
devgpt-e2d4ec134da77c23,4
devgpt-2387b9b5cd03175d,2
devgpt-1f51915589f1e0d9,4
devgpt-f135eb52f7bb7f5c,0
devgpt-58828dce1b295a1e,2
devgpt-6033df78cdc32607,4
devgpt-7b2e5f2da57bfa7b,4
devgpt-1a22723f5759c1c8,4
devgpt-062bb5e8bb46b009,2
devgpt-18aa0d301e05e416,0
devgpt-46cfa506796eb6f2,2
devgpt-a2977da71c9bd1dd,0
devgpt-a54356738cfe9565,2
devgpt-896dd6de3ff5c8ce,1
devgpt-192a4b41973c71ea,4
devgpt-bd4574e86846ae44,4
devgpt-9944492849303e66,0
devgpt-d82f96d5fd6e0640,4
devgpt-c60bfb91beb24507,1
devgpt-43d0013c31b51bfb,2
devgpt-5e924369350fff72,4
devgpt-f8c410615f4ddb57,1
devgpt-76319aa27d361570,3
devgpt-1cbd6ffc8e35061b,4
devgpt-8a65068d0d392e9f,3
devgpt-2d708e806753b6fc,0
devgpt-91559af642d64355,0
devgpt-763d977c1eb36d46,3
devgpt-19f0be91645549ba,2
devgpt-3adacf7f1c0636e1,0
devgpt-941372bc8ba9ef7e,4
devgpt-9daf7fce9ffde8c1,2
devgpt-dbf4f85dde83b01d,4
devgpt-518a45d371783f24,3
devgpt-7db5fc02837a2bb8,2
devgpt-445e3508c78413b5,3
devgpt-632099b315261a91,4
devgpt-1db4c5a51f676d1e,4
devgpt-812343465ba92d34,1
devgpt-78bfdcbc6d7a9857,1
devgpt-32cac94bb50e2eb7,4
devgpt-be7cb9280bb66ef7,3
devgpt-a4ef2e5af838acc0,3
devgpt-9d7fd6d8654fee8a,1
devgpt-514e7b364ebc3bd0,0
devgpt-675c6116bb9c47ac,4
devgpt-9afbd08091a0e06a,0
devgpt-9e78e563cb9f5bd9,2
devgpt-3dbae088e3e231ac,2
devgpt-4de9c0cf5e743a13,0
devgpt-fcfc938d2a2b60d5,2
devgpt-bc7a298baddcdc15,4
devgpt-d04a7c4f76075b1e,3
devgpt-2004ea86b3c55ffc,2
devgpt-f9fc5f418d7821a6,4
devgpt-562c36a19d74beb1,3
devgpt-4f75cfda493c9a34,0
devgpt-d8362c219d96256b,4
devgpt-1929c6da543443af,4
devgpt-d9ca4feadcc96f9b,1
devgpt-01779f2b91d29e41,4
devgpt-560dd8de4c8ffa37,0
devgpt-83887d35ded7c0bd,3
devgpt-ba1576f534af9d97,2
devgpt-36c20eed1195851d,1
devgpt-0c528e420d7cb539,1
devgpt-f68930277bcb07b5,2
devgpt-a60e4b4c08d5016b,0
devgpt-ad48b04e64f3f005,3
devgpt-59ad80298a3b9ab7,3
devgpt-8c2052df93edda5c,4
devgpt-6101a2db8717ae5f,3
devgpt-712b2849fe379a0e,3
devgpt-e9f0f7375afcfd72,3
devgpt-84fc4f60df40cc39,2
devgpt-73ba292c02fffe7f,2
devgpt-14af6c398b9d0d50,2
devgpt-9f40c4616bf537b9,3
devgpt-d499ad65d83c654b,3
devgpt-6e182ac43f284d72,2
devgpt-9a35a7c58c5f37b1,2
devgpt-6da5471ab17f0465,3
devgpt-60b9f8c1a3c40538,0
devgpt-cfa50ef51ba0ece1,0
devgpt-6e731510e7933044,3
devgpt-a311be1e292d1903,3
devgpt-43788bd6153f5e9e,0
devgpt-b4608f77a9d5ff32,3
devgpt-1555777279fc4cb0,0
devgpt-f65ce5fd7991235d,4
devgpt-818d596abe29d3d7,0
devgpt-8bff382f787d415d,0
devgpt-eb336f0b7b204b55,4
devgpt-a2f354aad5fff189,2
devgpt-a9ae7921f371a5d2,3
devgpt-332a99c550a437ce,3
devgpt-3ed94cc96b7134db,2
devgpt-6da9b8fe392efbed,0
devgpt-1694b32b5b6a300d,3
devgpt-8b0bd11b5014bf04,2
devgpt-aac349d9adf88675,0
devgpt-e694975e2adb9119,1
devgpt-5906dd1d15c49f96,3
devgpt-f7c8fa8ed29739ca,2
devgpt-363d34fc596c212f,3
devgpt-44b68852999a2c11,1
devgpt-3f5f8860986891f7,4
devgpt-ad168d47f228f25d,0
devgpt-bef18e1bc05529bc,1
devgpt-8d2a516268f10a97,0
devgpt-833e7188604d614e,0
devgpt-056b0c20db3bdf91,1
devgpt-5cb3b10535284ca9,4
devgpt-624d0b5176db90a7,4
devgpt-d1ae6bbac4f49269,1
devgpt-acde18d71c0a50fd,4
devgpt-59a5dd7db3d0d76d,4
devgpt-0c6dc407b8e6124e,2
devgpt-9d6b1775cf1d62fb,0
devgpt-e8290b0911cd9409,4
devgpt-f167a065cfa01b18,1
devgpt-8cb974b0c81ed025,4
devgpt-2c13b429cb186d8e,1
devgpt-35bfe43fa06b1871,4
devgpt-1b6483b673d7f7d0,2
devgpt-d9216cb0e271683d,4
devgpt-e78661c38db255dd,3
devgpt-61fb3b60d988f410,0
devgpt-c35c9e01f52b1fda,3
devgpt-dee55ebd3720a530,3
devgpt-3e586ac5ce972a1b,1
devgpt-f72a593c13eb65ff,0
devgpt-4fdf02e9792a8786,4
devgpt-a0d0aff96167feb2,0
devgpt-c6dee7c607979c55,3
devgpt-05ffd4f2c6f5514c,2
devgpt-36ff58bb119599d4,2
devgpt-c9e35524ab34d0d7,4
devgpt-2cb080690d483d6f,3
devgpt-c5e15d0566b3a39e,2
devgpt-9389b1a1ba5ecc16,0
devgpt-c5d719d4163597b3,3
devgpt-f2c65267b0e8aab7,2
devgpt-8e625638256ea0cf,4
devgpt-5a159e033ba50707,2
devgpt-56e4660f0308cd2c,4
devgpt-8f17e3517a3b5e2d,4
devgpt-c570f2fb275c6cf1,1
devgpt-635fba97d5b5893f,0
devgpt-3fa2e952b273439d,1
devgpt-46aa0a075a18759f,1
devgpt-564261be0e0dae5c,3
devgpt-c3e33a51d7cfc64c,3
devgpt-1cc8154f718055d6,1
devgpt-8667f29263a140b2,1
devgpt-02efe5731ce2e373,4
devgpt-c9779b168095806c,3
devgpt-675d6db8758db2bb,1
devgpt-9e5fd155f3ed3ea5,4
devgpt-bfee34b037e5d47b,2
devgpt-a21f260601bbff9b,2
devgpt-16346bce24d11cb1,0
devgpt-1ec4f70c76f99a3d,4
devgpt-e20e9599f106d8e7,0
devgpt-8cd0330e7c56bf7f,3
devgpt-5edc261dc2ebb6db,3
devgpt-7b2f4874b3f1d386,0
devgpt-b02212263eb5edb9,1
devgpt-5e0870e03d2981c9,1
devgpt-4fd3c914376d553d,2
devgpt-e7d66aa1a9fb8549,0
devgpt-d17ae7ae66aeecc1,1
devgpt-8b5c7bca23933c4f,4
devgpt-dd3b2f5681485569,0
devgpt-850ced5a8f8296f4,4
devgpt-5bb21eebc68ea473,0
devgpt-43b1030b3c95ff28,1
devgpt-4e02b11b001c5389,0
devgpt-3bb13f80f0915409,4
devgpt-683909b6806b0704,0
devgpt-017fb1f17f050ac2,4
devgpt-472051d4bee8c2b1,4
devgpt-0587c31095355266,2
devgpt-281b5ea4c4056bb8,3
devgpt-053c7ec81d08361f,0
devgpt-b552296b93f0ae65,2
devgpt-231aa3e2a0b8bc11,2
devgpt-0171895d2a5ea757,1
devgpt-ef52db2d8afdeaa1,0
devgpt-a1a122207ef40a97,2
devgpt-292a49f5ee054b10,3
devgpt-dec37929092fbaf4,3
devgpt-5e3c08e36637a6c3,3
devgpt-dc75b05377d36822,2
devgpt-7490d65bdecc4378,2
devgpt-77beb2dd68bb43e7,1
devgpt-a3d75c69a9160aa4,1
devgpt-25b2735510092d4a,2
devgpt-76e75e5362ff65b6,4
devgpt-c9948d4c06ebc023,0
devgpt-760e3f5fa880c568,3
devgpt-84d7a68fe88f5c6f,0
devgpt-0440ebef484b352b,1
devgpt-92b95c2156e7a4d9,4
devgpt-74816d488a15d83e,3
devgpt-950373f877703fa4,4
devgpt-5b71f6b46884e3ca,1
devgpt-4a19aeaeb6898135,1
devgpt-1c117309b4f623ed,2
devgpt-7311c79c2d6f8dd4,2
devgpt-f9d7c9ce79b5a102,1
devgpt-25efc4db254a8fd9,4
devgpt-ac65684eae724654,2
devgpt-f0adbf8bd93ef5e2,1
devgpt-da3be145256401a5,2
devgpt-4f8973ea0eb2752b,4
devgpt-bf5d90819206d0b7,3
devgpt-57021e2580f578ce,4
devgpt-55be134569616fc0,1
devgpt-ff50762a41a1b1e0,2
devgpt-e0f89a73dc602730,0
devgpt-6b00d4a3306d3026,0
devgpt-2416ba2e79445b08,2
devgpt-034fdb9e0bc8daa1,1
devgpt-9078cd994cb0c81d,4
devgpt-994e2b065754408b,3
devgpt-3d5ffaef511a5ec0,1
devgpt-e9f6c7b04ede34fa,1
devgpt-144b15a1597fa58d,0
devgpt-8131fc10bdcd2ac3,2
devgpt-d213b684d1ac4347,4
devgpt-3e0c0103d62a8ee1,0
devgpt-f4f33da58788b6b9,1
devgpt-9acd84da4bf4cae9,0
devgpt-4b3b59f16bf66e4b,4
devgpt-6a08c0c492851d27,0
devgpt-54c54c09872e59e3,1
devgpt-3047df114a69dfa1,1
devgpt-9f8e116fd2a67d18,0
devgpt-e56aaa8d5f75d0ae,2
devgpt-d63a1a51b156142c,3
devgpt-c06f8ce390dbd284,4
devgpt-f050ae1ccd3df001,4
devgpt-10a9aa919f1d42cd,2
devgpt-71a6967c1b1e0ae8,4
devgpt-25c032fcb853eb54,1
devgpt-6bbcbf050edc53b9,4
devgpt-d2260447c7f0b47e,4
devgpt-c8756cd6c1be91ce,0
devgpt-f2a8e814fe8e8d52,1
devgpt-dd2916d09bc38c90,4
devgpt-7d6c9266ac02d4ef,0
devgpt-b8e3b44125bec687,4
devgpt-b7ca77ebaa3a78ea,2
devgpt-8f4ab01eed09a782,2
devgpt-55be15a8fd6fe862,0
devgpt-8cc167bd074a4a16,0
devgpt-0650a3eaec4eeb73,1
devgpt-c68587c7e17f09b1,1
devgpt-cb193a6642b8d198,1
devgpt-6d13a3778032d085,4
devgpt-b46cde950b013f8e,4
devgpt-a799a54c60803e42,1
devgpt-0a1d1bdbe80619b9,2
devgpt-03fcf9d4602f41dd,3
devgpt-f34b7eb9f2a1b428,2
devgpt-cdd26fc90e0354b2,4
devgpt-2bcb50c075c444aa,1
devgpt-8cbe248382271253,2
devgpt-2aeea940ff11c031,1
devgpt-00e7eede153b0c57,2
devgpt-ebfcd65c670b2b9a,3
devgpt-30eae9335456e5b6,2
devgpt-752e8886d75dd843,2
devgpt-3455bfbfd453a256,3
devgpt-12637f08c594e21d,0
devgpt-22de53e25ff81861,2
devgpt-d661a7be40dc557c,4
devgpt-64e65c46de27a4eb,1
devgpt-ae74771abdaeeb7f,0
devgpt-ff73cc733a65a280,3
devgpt-10c5095e85d1ba64,3
devgpt-d918177792ae8b06,2
devgpt-319cca4a065a9cec,0
devgpt-51c02fe992ed789a,2
devgpt-b1d6c354ac867130,4
devgpt-846d549d4ace8fb0,1
devgpt-336215c1c2d0cea2,0
devgpt-e4f4a7c8c9dc99ad,3
devgpt-45f2e4593fe232cf,1
devgpt-39170c65e3f086b7,4
devgpt-463147410cc1f80b,1
devgpt-21ce60dc3ee53870,2
devgpt-4db7dd7033052f7e,2
devgpt-f345a01ab5ed4e72,1
devgpt-43915ee8f645fbfd,3
devgpt-e2f898a1a36f82ad,0
devgpt-be445ecc95ed77a8,3
devgpt-561a4a57af1240f6,3
devgpt-1c8f7436adb13474,1
devgpt-2d3d1942b4cc3f09,1
devgpt-3586d990b597bc62,3
devgpt-3e73a4d316d38b9b,1
devgpt-4ffb3f1176e5d131,0
devgpt-2c2881abe3c8b8a7,2
devgpt-e5f6751685054489,1
devgpt-8a7fbce530b3d554,4
devgpt-0ce62a5a0dfc47a3,1
devgpt-4335c7ccbc996ce3,3
devgpt-e7784004c228550d,1
devgpt-36f9f2ef8fa03b2e,2
devgpt-3bb300c2a7e5aaca,0
devgpt-d2afeea6e329ee1f,3
devgpt-9cab2288ec2d636d,4
devgpt-c35497c0c3d3fa85,0
devgpt-60eada742e7bf111,3
devgpt-5b05405d523c2111,4
devgpt-79f7d12ec3f33f6f,0
devgpt-40253d02249af17c,2
devgpt-288f043901c32e88,0
devgpt-13c06539972043b9,3
devgpt-b3cf8b27bcbd6a3e,0
devgpt-f4333d1fa2c0f512,2
devgpt-d18c23acd85c78cf,3
devgpt-9d467b80840ba994,0
devgpt-3a4e1fbe05c0f7d0,2
devgpt-7f2b3cb6841852bb,2
devgpt-aa14660e12044c65,1
devgpt-e7824507ce18f540,1
devgpt-5035236eb811349b,3
devgpt-78ac166dbaf71199,2
devgpt-09331a496f10d0de,3
devgpt-ce4f202844ea489a,2
devgpt-8e02a054afc1274a,0
devgpt-c7e4c769dcfae066,3
devgpt-ce7af702f3ceece4,3
devgpt-bb5cb169b3d90165,4
devgpt-bbe1eee3215c9e39,3
devgpt-0d6db1b450ac8fc7,1
devgpt-22e6af0cedcf5b6a,2
devgpt-3fa268bea6da3cca,2
devgpt-9378b1822e3f8269,0
devgpt-6fa11ccfd2856516,4
devgpt-898e3a7993c0ac88,4
devgpt-bbb7fb28649cce27,1
devgpt-31e3466f4154890e,2
devgpt-c29ab7525f76cd3c,3
devgpt-f48f6eea35279308,1
devgpt-7d142a29afc82939,3
devgpt-159faa84aa920640,1
devgpt-0005c0fd2c72f66f,0
devgpt-8a930b18800c63f7,4
devgpt-1255a58b92c25077,2
devgpt-73224e1290eca5ac,1
devgpt-97e244f2aef334bf,0
devgpt-9dc58b577096e950,4
devgpt-8c3058ac54e57412,4
devgpt-9f88c878bcf6ba94,1
devgpt-772d1729fdb63dba,0
devgpt-bee3f8a1aead329f,0
devgpt-3f8c03e30f50beef,0
devgpt-77eeabbe05607f2c,3
devgpt-761d56eef6d8416c,2
devgpt-34b1d76bc974c124,4
devgpt-71f89149ed303954,0
devgpt-0306838a5bbcb606,3
devgpt-6306b90b8906f770,1
devgpt-d314bc0404f65ec1,2
devgpt-0946837f71abec18,3
devgpt-cf9648ca1b2b3027,1
devgpt-f04ab76ed7ad3071,3
devgpt-f1a73bb2b63febf9,3
devgpt-60ec879a6498ec2f,2
devgpt-96cda036dae5db74,4
devgpt-0192f3f75fede904,3
devgpt-f3b9791615c4164d,2
devgpt-4b224421c12daac9,0
devgpt-7f5b45abbe560e09,3
devgpt-12acfc9c23c64344,3
devgpt-a7dc736f29694236,2
devgpt-dfcb4d968769f755,4
devgpt-36adb3b28fb8aad1,4
devgpt-cb0e36f389ed370b,1
devgpt-a6ebaa863e5c92e8,3
devgpt-af998c02355acc90,1
devgpt-46a6c5d8906c3a62,4
devgpt-06ee96adebf04b2e,4
devgpt-38d0a742b4c3f7ee,0
devgpt-ccbc79e0eba8d2ba,3
devgpt-09889beba907a812,0
devgpt-3cf47f3c1022252a,2
devgpt-dc300532af60ac83,0
devgpt-59871629fe4a8e6d,1
devgpt-41c81644562dbc42,2
devgpt-4c67e7d5be1880d1,1
devgpt-20ae8c1fdf7ea2ea,4
devgpt-c83c4169f9fc0154,4
devgpt-58984dd75e1e2776,3
devgpt-81bc32d5a9e4589d,3
devgpt-d0d1b406f02b4590,4
devgpt-2c301c2498755e95,4
devgpt-c517f27ad19f7446,3
devgpt-4be85a97c019c2a4,4
devgpt-db4011c5d7718d67,3
devgpt-ba4602a3cc6d7065,4
devgpt-1dcffcd414ad87fa,2
devgpt-6e57d8e40b0062e6,4
devgpt-0614f0b87566a721,4
devgpt-9ebe5771e1886daf,4
devgpt-a6fa722cef7e9295,4
devgpt-17b2c0f1de9dde7e,0
devgpt-5a37fda9b52184d3,1
devgpt-84c35d2023ccedf4,4
devgpt-14267b33cead4980,0
devgpt-878f9963419a496b,3
devgpt-bf001fbea923d6da,3
devgpt-98bb937c497391ef,2
devgpt-b936898ad8942288,4
devgpt-8df0293b4f69ae9a,2
devgpt-388b8d91468f343f,0
devgpt-0df83ca4858b7526,0
devgpt-3402c78bbc3763b2,4
devgpt-4ef9aad1a36c0548,1
devgpt-8651bb6522055ce5,3
devgpt-f267ffaf6d377d00,3
devgpt-f498fa8eb7e2db4a,2
devgpt-a2f23201c3d56cb4,4
devgpt-a0e02a725e602f36,0
devgpt-7a36bd1bcdd3f6ef,0
devgpt-d88c5307eab2505d,3
devgpt-49a3930076a0a277,4
devgpt-2c2a15878b596b1b,0
devgpt-35712baa589bb1cd,4
devgpt-4c9c8d7727d155d6,3
devgpt-164ac0f59e437fb6,0
devgpt-290f4cb509a43977,2
devgpt-95e605a9cd3fec4d,3
devgpt-a2dde9301a67ba84,4
devgpt-2bc5711e5379e329,3
devgpt-b7e0f28ef6df4be0,2
devgpt-edaaf96ed3b14386,4
devgpt-04060e100a2d86c0,3
devgpt-edd5a1895244b4e2,2
devgpt-ce80ff464a93532f,0
devgpt-3c7e88b7ed1dc4d7,0
devgpt-2fb1e68de8189e4a,1
devgpt-82af1a4fda22eef6,0
devgpt-4d7b009590a11101,2
devgpt-6f57f99918a6c485,0
devgpt-40e279675aeed63c,3
devgpt-45caaa0f05bab0ec,0
devgpt-c23ccdfe9721d439,2
devgpt-bc44ee91023d184d,0
devgpt-60859fdb4a26d52d,2
devgpt-e7bb322e3bf2f3b2,2
devgpt-4c75157489c3cc28,2
devgpt-f54533ddd82c39d7,3
devgpt-bc710b1d15814fac,0
devgpt-72c7047fd9f2beac,2
devgpt-f6c466871c606b0d,3
devgpt-81917e5fd7682857,1
devgpt-73fa10641a1572f1,1
devgpt-743b099797e144f0,3
devgpt-9b7c108a185ea855,1
devgpt-a4a3f65e66b3d1b4,1
devgpt-4a582e8751ad301e,4
devgpt-fb259fb78fbcacb4,0
devgpt-b0016a753352a9f4,2
devgpt-f5fdedabd3741797,0
devgpt-6408af2cffbf93c6,1
devgpt-21bd22e0b49a5be7,0
devgpt-0ddd891686cf1fbb,1
devgpt-0ccb40da6d3ab70d,2
devgpt-7af3c6605da0472b,1
devgpt-4442b22332782dc2,3
devgpt-bc9de64d99572c5e,0
devgpt-66586da59385ad4b,3
devgpt-8a5f59de10f44a5d,2
devgpt-879a49004f5b804a,0
devgpt-0a23e55b735cc5ef,2
devgpt-f614a29ae9fa18e2,0
devgpt-5bd163347d00c3cb,2
devgpt-69ef12e210ad2789,4
devgpt-cbb420ff6609b689,3
devgpt-ebe8b4ff020b2343,3
devgpt-860d23aaa44a9c65,1
devgpt-5087f735d347893b,3
devgpt-10d3133a99714ff7,1
devgpt-71435af7c19c0c1d,2
devgpt-a032343482cdab28,4
devgpt-cd13a31b7e39fb9f,0
devgpt-d3903dde3a6c511f,3
devgpt-4d5a21b44d1581e0,2
devgpt-bc7007f83d20a09d,2
devgpt-ae9ddcca6815fb3b,0
devgpt-0c5b274422f5106b,0
devgpt-cb55964f5cc8eaaa,3
devgpt-76016dbd4bfee830,2
devgpt-c9da46de452f3aac,2
devgpt-0f5e5c84f0e97c3c,0
devgpt-c958448ff9c02970,2
devgpt-424f8462c9be4aab,3
devgpt-f7236eb1c4a18933,4
devgpt-3d69e2bcbcebb536,1
devgpt-aa5e25842029682e,4
devgpt-bd29e198ec39be11,3
devgpt-c9984ab751ed5f0c,0
devgpt-dd0e55728949a6d3,3
devgpt-88be109cb00042cc,2
devgpt-ed1e4dd3cc9001bb,0
devgpt-0a33996dc701ee16,1
devgpt-9f64c22af0647599,4
devgpt-d857c76c9c9bb528,0
devgpt-92e2febea518aba8,3
devgpt-a58826d7198220c5,4
devgpt-8819739dd474885d,0
devgpt-a1f8cf60f56ada4b,1
devgpt-be8912dd3b4d9544,1
devgpt-ea4b547918ffc206,3
devgpt-93b00e536652b71c,1
devgpt-d3909232a08c8123,3
devgpt-b31ac1dd3c479f5f,4
devgpt-f5891caef89b1e57,0
devgpt-95e977bc60ba675b,3
devgpt-2117cf0cd7b6cb8d,4
devgpt-90f0bb4e9be291d0,1
devgpt-6dea4e81f0415350,3
devgpt-5dc6d789a8d83682,0
devgpt-48a4f7db80a6b931,2
devgpt-e890723d941eae3d,3
devgpt-6c8545f0e80c2ae8,4
devgpt-5151dcbd00edefc0,1
devgpt-a1905955ff46c7fe,0
devgpt-d1b9a6a3e12a5b4e,2
devgpt-67db06f38cf3ac13,3
devgpt-a89299d5b5068603,1
devgpt-a61817804eaa62b6,4
devgpt-0eb48a95b6cc3c37,3
devgpt-1e09c649b14cb5dd,0
devgpt-15605da1c4c36d37,4
devgpt-2f712e74935f6f7b,3
devgpt-d48d5e2b6e115110,4
devgpt-481c365ba3672cf7,3
devgpt-fe37f5a4267a0dab,2
devgpt-a11b0b23748202a2,1
devgpt-0014b1371b028f03,3
devgpt-e9ecba999543179a,0
devgpt-5c15e182573b4be5,2
devgpt-d7d07172e9e82a93,3
devgpt-9d563a42c7aa2495,0
devgpt-c2cb2839142256ac,1
devgpt-b468ef20dccae99e,2
devgpt-1bd0fd40ac27c701,3
devgpt-f7b4b4dae25d2b9b,0
devgpt-30358e24342f48f7,4
devgpt-4222e97997f70f87,3
devgpt-e02084ce0bed3e18,3
devgpt-964820ad921b55ea,0
devgpt-7d4b97147f2fea88,2
devgpt-9acacc7940fd431e,3
devgpt-b4d1b85aa3e3e353,4
devgpt-55a121b72389eeae,0
devgpt-41589aea78b23b09,0
devgpt-535f259c6e2083ad,1
devgpt-f3a2c5b62e6b0dd8,3
devgpt-b75ea55bd456fb48,1
devgpt-f7591b3f3a6d1877,4
devgpt-1e2d9d1dd8b9b82a,3
devgpt-02c8f38315fa3768,1
devgpt-e20b70207bc513eb,3
devgpt-40f7f9398e0cceed,1
devgpt-eecea7cbc60be45e,4
devgpt-c84e9b673c73dbdd,2
devgpt-ec622749798aec4e,2
devgpt-4ecdf511a8105507,2
devgpt-48823702c47dbf41,3
devgpt-31ca522af928d890,3
devgpt-4daf2a2c552270cb,3
devgpt-26f850e9563c0b10,1
devgpt-d884610ef07b793f,4
devgpt-671e8ab6ec46b5dc,4
devgpt-f62104138ac71e08,2
devgpt-7b8730658db9fd85,0
devgpt-533123875adc029e,0
devgpt-502a3757ad1884c0,0
devgpt-da5be2b7e237f93c,4
devgpt-0076e531ab300d0e,3
devgpt-1a7fc79b83fc0155,1
devgpt-f1ccbe5914db3f22,2
devgpt-39912f891bcf1740,4
devgpt-82790229e26feb6a,2
devgpt-3b138147d6e69724,0
devgpt-fd3f46622d8d8a80,0
devgpt-1c4f8066803407de,1
devgpt-bfb42864a28cb2dd,2
devgpt-4516bc5424874889,2
devgpt-9335f7fb48607693,2
devgpt-910e8335c868c4aa,0
devgpt-80e5fc48305a1705,3
devgpt-83106770e053b828,3
devgpt-ddd2ab244b473259,0
devgpt-0bf52eb2187598a4,3
devgpt-b84db7d30b931b61,1
devgpt-181eae8ea909d499,0
devgpt-689ca95b98c4653a,2
devgpt-22c78323dcb62e14,0
devgpt-8b3bba7e93a5c896,2
devgpt-fe9f643aaab8dfbd,3
devgpt-63c5fdf8927592d9,1
devgpt-f8aa84e4e2d9590c,0
devgpt-a0de42e9878c4733,3
devgpt-554b25bb0588ad6a,4
devgpt-d5dfe8adeed21911,2
devgpt-752e75ec1df49cf5,1
devgpt-340f42ec9e82d5ee,3
devgpt-a555b106bb5036c4,3
devgpt-8accd995708c541b,4
devgpt-87d010364f38f7d3,2
devgpt-7ec779b7e509fda9,2
devgpt-877dc603b28a4dec,3
devgpt-178d5e59aa027fc7,0
devgpt-832be27e2bfe3f9b,4
devgpt-52d2b92abbc11ca7,3
devgpt-328ba79366ad2754,3
devgpt-f69db3409f8becd5,4
devgpt-4dff55a3d47dc016,4
devgpt-fe2352e76badf59a,1
devgpt-7550ef6b93016264,1
devgpt-6442b8a610bd4d03,3
devgpt-564275dac389710f,0
devgpt-79fc67a7abf61974,3
devgpt-a19ce22484cf3286,1
devgpt-c4c5e373d68e66ba,3
devgpt-92ebf230300ce209,2
devgpt-228b50535488550d,3
devgpt-ed469cbf5e18c5b6,0
devgpt-38bbbb6592853afc,4
devgpt-2f3e5c402b86c08f,3
devgpt-9f4d760ef7e59abe,2
devgpt-91d0ca48a18839ff,3
devgpt-7a4cbaf15b07be5c,1
devgpt-b393aa9ec70e45c0,4
devgpt-b03c28a663f690a3,3
devgpt-5f12153a3194b93e,1
devgpt-e184744ead0cf85f,1
devgpt-a62fbc9e17579f44,4
devgpt-e2ca26ec2923984d,3
devgpt-8d0a0ce525f654dc,2
devgpt-a528ee826cd39bad,1
devgpt-bef28667ec6f4d15,3
devgpt-534bba00fbadd992,0
devgpt-2bdcf836f66097f1,3
devgpt-d9a1eb74339922cb,3
devgpt-4cb4629979bf534d,3
devgpt-fcc70fc4d621e069,1
devgpt-1607aabc924f5026,1
devgpt-d664322738f36be8,4
devgpt-a712f0bcfc4e96a2,1
devgpt-660dc46ce02d0397,3
devgpt-d5925f5565320380,3
devgpt-69c9430b6290cd06,4
devgpt-89bde1187ed7ae89,4
devgpt-d9bbe249738d0a04,2
devgpt-31ee343050e97ba6,0
devgpt-a6af2f49a2944b8a,1
devgpt-1b3eebbf0125d750,4
devgpt-ed078817c6ce600f,1
devgpt-d487971462297390,0
devgpt-6e6c555be789a6f7,1
devgpt-a3aef300296f9e57,1
devgpt-6ded73bb8e2fecff,3
devgpt-c7f272bdb4d8a7ce,0
devgpt-e7794541a2cfc68a,0
devgpt-2ba6e6d784bdfcfa,0
devgpt-08dd548472e17c4e,1
devgpt-2ff40df80af18fc9,0
devgpt-ce9da69d31303dfe,1
devgpt-6d83d9a9db00a4f3,1
devgpt-cac75ab99ae40518,1
devgpt-ef3c8a0097f1a146,0
devgpt-6f49b9efcc8584ea,3
devgpt-a7b133908d19649e,0
devgpt-78ef47e4d146d90f,1
devgpt-0cdff074824d143f,4
devgpt-40a6218ceccee311,3
devgpt-74b45a781df507a3,2
devgpt-49bb4b3a2923b08e,2
devgpt-05b8c2484ec9ec97,4
devgpt-56218185c66f7970,4
devgpt-5bfbea4abeb6c059,2
devgpt-83ad6295107266e7,2
devgpt-986520aeae01424a,3
devgpt-244177a155b11f78,4
devgpt-78a2d104c814f73c,2
devgpt-b611974160837f45,2
devgpt-5bb143b9fd439054,4
devgpt-d410be0242f99c3d,4
devgpt-4808e0902126f994,2
devgpt-dfa6ac159a8e7f47,0
devgpt-96e04197cbf34564,2
devgpt-7ff3a9a9340c459f,4
devgpt-140dd08dbcd77dba,0
devgpt-85e826d35594e627,3
devgpt-156a280a50265d3b,2
devgpt-3157c52183d5f052,3
devgpt-19afa97b557141ce,2
devgpt-99d13a0f76339011,3
devgpt-5dc752347bf1126a,2
devgpt-1673cd38a7ba65ba,0
devgpt-5adc0c7d2f6d1f54,1
devgpt-2e67be7bdbbfc9cf,0
devgpt-5a88ee2eb7725ccf,2
devgpt-4939e654482c141e,4
devgpt-73ad7e90bc876e70,1
devgpt-f9a7c58a6a513433,4
devgpt-821cfc2b633b7cb6,4
devgpt-63f1d5d97ced750e,4
devgpt-15dcc1f208098eb8,3
devgpt-89aab52f1d81c938,3
devgpt-0b61318a76bc6c00,2
devgpt-ad5db98f4294a6ad,3
devgpt-ae8d38c2e6bedf14,4
devgpt-18680a1d1ae382ce,1
devgpt-b775034edfcd78f6,4
devgpt-76befbfc6fd2cdd3,1
devgpt-6fddec75018a4805,0
devgpt-769a2b50067e9329,3
devgpt-a2f8b01e2ff9bd89,0
devgpt-08418c9be85ec803,2
devgpt-baab699def0d6783,0
devgpt-eb2d9df9e98bc41d,0
devgpt-7f2261c55bae81c8,3
devgpt-0babb85bf7d105c1,4
devgpt-e109c4701f9ef187,3
devgpt-63287b5f840ac8f0,1
devgpt-a815a975ddd9c67d,4
devgpt-2b58be1a29c2df82,0
devgpt-851afa1ca5f70b50,2
devgpt-80190f49e63c2798,3
devgpt-0697dcd2d287376b,0
devgpt-cff4b0abb0f1ad5c,3
devgpt-baca70bcf184021f,3
devgpt-9a888e1690d48ea1,1
devgpt-43453819ee6be601,1
devgpt-db0e424eb128e7a0,0
devgpt-f5538aec938e1c3f,4
devgpt-3b2e4a7d13cdb78a,1
devgpt-f88ad178a8b54c21,0
devgpt-c434d17e816cc51d,1
devgpt-7e7769645fc9cd7a,2
devgpt-9890299ebc9dbb69,3
devgpt-507d031697847fcd,1
devgpt-c5b6e5a3c0c31837,4
devgpt-53e87c161bb1a1a4,3
devgpt-b1ee5fbf6f9d1745,0
devgpt-519f7d8299cb7549,0
devgpt-f9cad72a535af533,0
devgpt-ec7ea2b3dfbce4c4,2
devgpt-5ef085eb3d1ee7a8,2
devgpt-28515396659d937c,3
devgpt-e255db90068d6462,3
devgpt-c51c3da3b468e4d5,2
devgpt-164ee7d34b29bb1d,0
devgpt-05dba7df3f44347c,3
devgpt-76757f5f8515d976,0
devgpt-c396253d12b7ec96,3
devgpt-360b6448a6895f83,3
devgpt-96d90b576d5ee470,3
devgpt-0db5da0837863e6d,2
devgpt-ee5a6072225a9e96,4
devgpt-f32c9547cc91133a,1
devgpt-4ca25d7f549a62b0,1
devgpt-a5c1c6a3f58f3e72,2
devgpt-6ba99714252db66f,4
devgpt-e6b6f6a6b6afecb1,4
devgpt-239ca805375ef819,4
devgpt-d87cc36ff8d7a793,2
devgpt-d6611f6ef46b01c3,0
devgpt-a12867a7cd8ea751,0
devgpt-f01cf1b8a37274e2,0
devgpt-9a0a83d1e2a187f4,4
devgpt-5021c22417ab35de,1
devgpt-ea61a8a14240a83d,3
devgpt-523fa722f15a280e,4
devgpt-a21dd62c3b00db93,3
devgpt-219b79453662b5bb,0
devgpt-d4bc85303ec07aef,0
devgpt-ed0917fbd8139b5f,2
devgpt-3851e8670b2c12d2,0
devgpt-3884a12137736771,1
devgpt-a77778ddcc8b2dbe,0
devgpt-d648a04d2d6b874b,2
devgpt-89c9db6fe2b8c411,1
devgpt-0bfd37ce82036149,2
devgpt-53ab2779f20f3245,4
devgpt-58ae429ebec096e0,2
devgpt-c2e0b241b2b151cd,0
devgpt-b9315be7631cab2e,1
devgpt-5e44db150d7125f3,3
devgpt-ae36fd7fbff26a11,1
devgpt-cc7ca4af714141c1,4
devgpt-41130d25f3f2772c,2
devgpt-7e485da5acf6da5a,3
devgpt-cbad83cb98990041,4
devgpt-9e7f51c105bd6637,0
devgpt-347f233707109907,2
devgpt-352c9a4509cce56c,1
devgpt-6d82481e41d4f25a,2
devgpt-b9eb554cfd3ef9e2,3
devgpt-8d2342ccccfc8338,3
devgpt-dbcd4eeb621c34c2,4
devgpt-ed1e6aae7f8c9068,2
devgpt-460988587478865d,1
devgpt-3675e24515ebeeef,3
devgpt-235677cc7497cf50,3
devgpt-3b0aabb5cf268742,1
devgpt-52139459dfeae617,0
devgpt-b610bde87b7e1c91,0
devgpt-dd787c6de9aa6b03,2
devgpt-c9a0cfbd6bd41b90,0
devgpt-b44d70ae4b74e40a,0
devgpt-36a4c7a245a84505,2
devgpt-3d3eba23b0917b03,1
devgpt-bf8f77722165b065,3
devgpt-c7184d701c848758,0
devgpt-e22b9b6da0a27e21,0
devgpt-bbdef67e671a6057,0
devgpt-7924ac58b9b83bb4,1
devgpt-f1609c4e95ccde1c,3
devgpt-bd7d1d863233093d,1
devgpt-771dcb287dbbf616,4
devgpt-eb5fbb608713cd6c,4
devgpt-090987f530b3b73e,1
devgpt-ae443997745c918b,3
devgpt-9c34aa943144e2db,3
devgpt-a1dd5be2add72441,4
devgpt-c27015cd42021649,2
devgpt-23ccaf007ffd88a0,4
devgpt-6793cc1a8b9d8db0,1
devgpt-805de30a5308b821,3
devgpt-c2efa1e60f7187ce,0
devgpt-05bb9a09b3d4a6e3,4
devgpt-8656d6baa3cf0f81,1
devgpt-a263938da8b53b8e,2
devgpt-909945a87cfa2e03,1
devgpt-57279613c3da586d,0
devgpt-65708edf289b0b90,2
devgpt-4d55ddb8acb8472f,0
devgpt-3fc1333b74079130,4
devgpt-b1a772be7fa539ae,2
devgpt-88d1ca26636a5178,1
devgpt-42243ba998672a2b,4
devgpt-ea8137990a4912aa,3
devgpt-84be25ff0829efec,0
devgpt-743c543d5eb5da41,2
devgpt-98030bef6b9b7c3b,3
devgpt-763340a94d48a436,3
devgpt-e541f96940761e0d,2
devgpt-1179b4d4ee05fa1d,0
devgpt-8eb674d2e40262e4,0
devgpt-d1075e258190734e,2
devgpt-5e08b51ce97409b2,3
devgpt-e65d32f948fca7fc,0
devgpt-3bbb888802c572d5,0
devgpt-d1c8e05f5f2fb205,0
devgpt-236ad6d4aba723c5,1
devgpt-3d0f348e0695da6c,4
devgpt-272bb812c0bc4a3e,4
devgpt-4e67d4f55a466870,2
devgpt-14edbf2494cebb99,0
devgpt-9dafd84a458bc9c7,2
devgpt-4f52c4318289a635,1
devgpt-f2fb28f716d6030e,0
devgpt-e526ad600a030c6a,3
devgpt-5f24840b8d67723f,1
devgpt-30e8b65d205a58cb,4
devgpt-ae75abc48bd14239,2
devgpt-0041a0a295af5f95,0
devgpt-54ad6e88b1741f9e,0
devgpt-a897e52b46c83654,4
devgpt-e5829bf9185a4418,4
devgpt-757680264d529757,0
devgpt-7ceadd9692a3eec2,3
devgpt-a931f646bf9a74d6,0
devgpt-cc395cbecbd49788,0
devgpt-9ffdd7678859b902,4
devgpt-04e04d3dc9fba5f1,4
devgpt-75ab9a0f6e3bce42,2
devgpt-9ea0f5d0162eabce,0
devgpt-b43639eb413054d0,2
devgpt-2ba80997e15d0e79,3
devgpt-667a53892840a8e2,0
devgpt-ab2e31265db79471,2
devgpt-8baeee9d496e5501,1
devgpt-86c5f652ada13f19,4
devgpt-38c014c16529994d,2
devgpt-6eb8a34c966101d1,0
devgpt-c5828b292efe7522,0
devgpt-a3bed0d6674eabae,2
devgpt-55c7a0e7a3da3241,1
devgpt-c9bdf9dd269f2e17,1
devgpt-b8850b06b77f0311,3
devgpt-f623cf3e3991448d,2
devgpt-767f657d6f5a6f6a,1
devgpt-c737ce9f30fa4608,2
devgpt-0b360d21d1f92679,4
devgpt-0db9849a9073e2e5,0
devgpt-9d5a4d4a987db42a,0
devgpt-b52cdf3762ea67b7,4
devgpt-65fd6e654686ba34,1
devgpt-4d794a1dbc406d96,4
devgpt-85c410c9956f5a1f,4
devgpt-7bb31def151d6ecf,3
devgpt-26b0f255d7f6ffbc,0
devgpt-9d9523c54d2d8a14,4
devgpt-3745c0333b4ea860,3
devgpt-7099f0113f5cb292,2
devgpt-954a65d12bb7357c,4
devgpt-0255ef807b12f84b,3
devgpt-e9250e5776e82ae1,4
devgpt-6bc2f0cc05c72036,3
devgpt-ab201d72d7ea0e32,3
devgpt-8b21ffcb02ba1126,3
devgpt-c8590f2e2179ae4b,2
devgpt-46690eefdc05c251,1
devgpt-1f708391690b1017,4
devgpt-b0a5f032d23e530f,2
devgpt-05e6fc1a12e5dfc0,4
devgpt-f3923d6df39b27dd,2
devgpt-d6acb92ed5c06e10,0
devgpt-34e8690e4992b16a,4
devgpt-3539706eb85926e4,2
devgpt-25004101bf5c436e,2
devgpt-870fb5ec10da302d,4
devgpt-a2d674c3272bd64b,0
devgpt-613f8c4af5c3db7a,3
devgpt-17df00a41bc2d4d6,0
devgpt-c3a6d68dc1352499,3
devgpt-b2268c13d7afd79f,4
devgpt-77f8dad49fa62611,1
devgpt-1409e158dc784ee7,4
devgpt-8ee96fb0bdfb4e64,0
devgpt-a6e5e3eb2f1cff9d,2
devgpt-aed40ad8f9eb0748,4
devgpt-112e6ed2fc1111f9,0
devgpt-8e13e4fd6b89d1db,3
devgpt-d3602796afbf1eca,2
devgpt-9c4b0b3b2bac2ce7,2
devgpt-7a64aa34759e0276,1
devgpt-c2d8e5d91ca2ca1e,4
devgpt-f3b40f38b91b4eb0,4
devgpt-21880341b9c314b4,1
devgpt-e41069119d2bc100,4
devgpt-779e855517e1894d,4
devgpt-70207d2c8bff89f2,3
devgpt-0065a23ca44a3387,2
devgpt-abaf05bde4e3f441,2
devgpt-578956501fe75975,0
devgpt-e35e317cfaf2e9e2,4
devgpt-ae7d1bc2efbaac93,4
devgpt-8f043009ac070276,0
devgpt-32301e0c2a0d74ec,1
devgpt-e070f192c281f903,3
devgpt-be8d7732114dd95e,0
devgpt-46084afef27bced7,0
devgpt-a38c8a44806f3535,3
devgpt-9bd74abcce54f3a1,2
devgpt-73382a66f8f178c6,3
devgpt-72907db124666c1d,4
devgpt-9b9479e3604409fc,0
devgpt-89a4b39dabe1f0a3,3
devgpt-ca7bcc80fed8ca3d,3
devgpt-a5862b3e6971f8d6,1
devgpt-d5b05a1dd9d88636,1
devgpt-f97b6b53d6b0c797,0
devgpt-8483cf78c558e45f,1
devgpt-39c31cfc22192cf7,3
devgpt-2d60aba6433a0126,1
devgpt-9bc1eb7bc7e58f12,1
devgpt-c6a95d49feee1855,4
devgpt-e8c9103418793380,1
devgpt-4bda2a967e605d20,0
devgpt-ba76105e4bbe3f6c,4
devgpt-ea99a5a95b301f8e,4
devgpt-ff72ded11abd4f2f,1
devgpt-40435a8e7420a5f6,3
devgpt-026f47fc52e6b272,2
devgpt-443c81f32df4bf41,2
devgpt-d8347d26ad0559e3,4
devgpt-82ccee006cfa56b7,2
devgpt-e351de3895004a9c,4
devgpt-910a11e6dfb209aa,2
devgpt-812ad30dcf96ed2e,1
devgpt-ddbb014fb3b0643d,3
devgpt-676484d965c358d4,1
devgpt-47074c23b1d12b88,2
devgpt-7675657b234c2324,4
devgpt-577653a44e4599d4,2
devgpt-7e44faf98a305ba4,3
devgpt-d6ec2359489ec6f0,3
devgpt-10770c4bc252a359,1
devgpt-70f992b9e7f24030,3
devgpt-78078dc0ed123fc5,2
devgpt-29f02adcd54748a3,3
devgpt-818676efb77e4f65,2
devgpt-2264dc4c2015e84f,0
devgpt-ad64aa412df5e306,1
devgpt-adf30aed27c2691b,3
devgpt-4d67d0d6d133f9d6,1
devgpt-2130bf3128656df8,3
devgpt-b8ee3607b73415a8,2
devgpt-12a579e444e8ec50,3
devgpt-12c00d332f18b85f,0
devgpt-c260f11d0622848f,3
devgpt-e3358bf8d0ce6a15,1
devgpt-b2847dc5252cf55b,1
devgpt-d8aae272488f5d81,1
devgpt-ee685756c157eceb,4
devgpt-f76b4466070be86b,4
devgpt-975ab97bd135bfb0,3
devgpt-4d7e1a9cf0b88db9,0
devgpt-ad321009a9b722bd,3
devgpt-0759eeb2be3788ec,0
devgpt-16c07edc52a00917,1
devgpt-f769a204b085c8a1,1
devgpt-93f1052ffc2be4d9,4
devgpt-ab8a5d45381f5699,2
devgpt-6678aa72ea94220a,4
devgpt-a6dc66b963660990,4
devgpt-6ad3d5cd49a36a80,3
devgpt-20e81c873792abe8,2
devgpt-40be7662111e3a57,2
devgpt-93e43bb3cade0457,4
devgpt-9a151ee3207033fa,3
devgpt-62d1c7b36e474587,2
devgpt-2efd31df6f9184fc,0
devgpt-f35822894ef0ee62,3
devgpt-f7ac55f18f0642d2,1
devgpt-82ab7f554c2efbf4,4
devgpt-5d8229b4c4b8cd40,0
devgpt-e4913eecfa267d7c,3
devgpt-7c28874461648b62,1
devgpt-96be9057ab0fc9a3,4
devgpt-cdbba56e6a1a7d7a,2
devgpt-4aa3779ca8a1c5ed,1
devgpt-3f6a3200e065f50e,1
devgpt-4fcf739b9aae9d63,4
devgpt-96db4903cd5c7e89,3
devgpt-ca0b19bb612db40e,1
devgpt-4114c1477d93bcb6,0
devgpt-ba988a1289f36ed2,1
devgpt-970f534473c34e5b,4
devgpt-13141cb5f6bc4c32,2
devgpt-33ddf177d389c7f3,4
devgpt-a0ae6c2c471ce109,4
devgpt-4e66c469eb9cd204,3
devgpt-cf3926a44372f785,0
devgpt-473b52f9adbff137,2
devgpt-12a2219458e0f9fe,0
devgpt-0b5228b7dcd8d40e,4
devgpt-836f89252b6190ac,1
devgpt-24ac76065863c661,0
devgpt-e7aedccaeb054c7f,2
devgpt-b207ff1b478f3ff4,1
devgpt-44e91f494bbb0b5b,2
devgpt-51f691496ca42cb7,2
devgpt-b510ecf675df9795,4
devgpt-3aaf8948b931de99,3
devgpt-99d66446ee555874,2
devgpt-1cd1cc830a2a0a9b,0
devgpt-30db3bd0c38ce6fa,3
devgpt-3408cedf97705428,0
devgpt-fbcf13e48815f3e0,4
devgpt-bc050393ae9ac9c3,0
devgpt-c24b90a3b34e9d44,1
devgpt-d3f6b8c2dcf4f362,3
devgpt-1fb8e191d574a967,1
devgpt-20583d368e0931e9,2
devgpt-68a051f887974ecf,1
devgpt-f12ee01c8868863f,0
devgpt-212ec2f6d39353a5,2
devgpt-55aeb04bf27513ed,2
devgpt-986b34c16b60d7ee,3
devgpt-a4ae1d9a027d5a7f,0
devgpt-1f4b400c2bd58445,2
devgpt-736b7ac582cb606b,2
devgpt-66b127c0959e350e,2
devgpt-048f5f17e23f913c,4
devgpt-4c9716668b85748c,0
devgpt-638bf1408db5e9e0,4
devgpt-856066c54664fe71,1
devgpt-b5a2ef233aa6253e,2
devgpt-97090566bc2884a2,1
devgpt-6681282eefdf4e34,0
devgpt-864f4b2b4e44766e,2
devgpt-dd033a136fe15c5f,0
devgpt-21b499afb308cc7b,2
devgpt-6e67a805dd9f0246,0
devgpt-6e9e61d0fc63a5c4,3
devgpt-b685282ff8b7fdc9,3
devgpt-4e72f433cd1cf2fe,1
devgpt-137120accc8b73a5,3
devgpt-de3bbb05d108d06f,3
devgpt-a957ad67f1ae65f9,2
devgpt-358bf12855a77def,4
devgpt-fb082173b2229415,2
devgpt-c8ce2536a6c5c6bf,2
devgpt-cf399ec7af8b3ad5,2
devgpt-eb54c684e73ca126,3
devgpt-7ef091dfd5be46db,1
devgpt-9e20703c9f951504,2
devgpt-0a0f8fc699d42b25,0
devgpt-4d75112c0cc102d3,1
devgpt-7bb248c01bc8c381,0
devgpt-b6bbc66a8ff35fe6,0
devgpt-412626fec8df4396,0
devgpt-74ea8ab036154b94,3
devgpt-79c572e20308c49b,4
devgpt-38a692ef66f3afc9,3
devgpt-6a6b72aef2abe42a,4
devgpt-2c130ad021696baa,4
devgpt-25b852ba1ce2baa9,0
devgpt-af417d7db956f2b4,2
devgpt-39315818c55e54d2,4
devgpt-ae1f61d06d866040,2
devgpt-3872ae1448610615,4
devgpt-60edf88def1df14a,0
devgpt-2887a39291d00376,2
devgpt-50cb75bb86f8bf93,2
devgpt-de0b48d2c2a1a0b7,0
devgpt-37d93da736df5c5b,4
devgpt-d746bcbcedb3b69b,0
devgpt-645378dc2f02bd09,4
devgpt-5dc936b0f6560a53,4
devgpt-fdb371e18698d774,4
devgpt-36cc3b867b71785d,2
devgpt-1ef6b1622f54d193,2
devgpt-3d7bbe1125cd71f1,3
devgpt-cdf2bb829266541c,1
devgpt-ec32294521f77639,3
devgpt-a2fdd66be650c04a,0
devgpt-1dc7fa9d9d033938,2
devgpt-9cce1fb397c8ffa4,3
devgpt-90b7e1a8cd95e547,2
devgpt-cc2b068032019976,1
devgpt-32099e3c13b56dd1,3
devgpt-e0170fe7465d6e14,0
devgpt-938f3c528cda17d7,0
devgpt-01f6081e11c3709c,1
devgpt-744afb9c27baf2ef,4
devgpt-ee46bec205371e9c,0
devgpt-9ff6cdd3f00e25a7,0
devgpt-f76b900d57323dd0,1
devgpt-deacd50dd6b18b13,4
devgpt-e60be20a1de16703,3
devgpt-25fb642dc6fed20d,4
devgpt-6d868c1d2354e952,0
devgpt-ba8382075fa3001e,3
devgpt-368d8005982a1d81,4
devgpt-8804bd124ffa16fc,2
devgpt-895c143927157e2f,3
devgpt-e6bc33f34a9b8278,1
devgpt-fad304e5e98a9437,4
devgpt-589d26847774bbc1,0
devgpt-9ea8bc0407e60810,3
devgpt-617b9b2027a4b28f,3
devgpt-9cc7db9644f823bc,2
devgpt-36cb490bd91f6c73,4
devgpt-b8b8a48c5ef9e82e,0
devgpt-720abc19669de60c,0
devgpt-c5f30609e5e3bb8d,2
devgpt-3f1e3f816afd6403,3
devgpt-9102b453d9284391,2
devgpt-d174a49c12ce85a3,3
devgpt-5257b10f8d8c4b72,4
devgpt-d082ef442acd30ff,1
devgpt-7296ebcc76dee4db,3
devgpt-c5dc60ffde2449b0,0
devgpt-ffd9a2fd264bb37f,0
devgpt-f53798f72a2a9b69,3
devgpt-5552713469ced49f,4
devgpt-ed68fe01dfad9503,4
devgpt-763b5b84d8f07e6c,2
devgpt-39681f830cc32830,4
devgpt-624cca23f380b15d,0
devgpt-3b4abe42d87be552,0
devgpt-c5cea85b9e2a7ebe,2
devgpt-929ff46a5ec86686,0
devgpt-156305c869fe7fb6,2
devgpt-d032dbcd306c2ff1,1
devgpt-abfe367bf42769be,1
devgpt-05da568113a650d4,2
devgpt-14a6e1c9536f8721,0
devgpt-ef6a2a2ce313381e,2
devgpt-c7706279fcfcece0,3
devgpt-f0dcadd1e95799a3,0
devgpt-8449077d076ddb84,3
devgpt-013085ccb14329d4,4
devgpt-c9f4c5ff27e5f45e,0
devgpt-7228f2b390dc9f18,0
devgpt-5b3078413b93610c,1
devgpt-44463667f08f74e0,3
devgpt-fc030716244c5842,1
devgpt-d69d3e8baaf3998b,0
devgpt-4bfeacf5cb4bc382,0
devgpt-846f412ad852f7a6,0
devgpt-4ea3b1c4f378f4cc,0
devgpt-8b0fd4ffd0aa99b5,2
devgpt-b38925a43a71899a,2
devgpt-47ee12c44d5cd21f,4
devgpt-0f92ad4aaf2db6e8,3
devgpt-889ef4766fbdada0,2
devgpt-b2418aa1c7e5f5c1,4
devgpt-fa65135df26f670a,4
devgpt-0b3884a357812a35,4
devgpt-86d1c4d7250e00c5,4
devgpt-ce270c3afd15065b,3
devgpt-72a76b78e8766541,0
devgpt-59f1e78b260897c5,1
devgpt-9340d538107d92ac,2
devgpt-a06c473a5ee28f99,2
devgpt-d2ad7b76940aa4bb,2
devgpt-68c3e6b5fc338bff,1
devgpt-34316dd77c0e67a7,0
devgpt-4b2cc083d9129326,1
devgpt-c260d5c2276efb6b,2
devgpt-0069d2229fd2da24,3
devgpt-1dfbdadf0338094d,1
devgpt-d2a06e746618e88f,2
devgpt-1acacb0b4b2bba0b,3
devgpt-3cf1521c709c7991,1
devgpt-5bc758e007559b3b,2
devgpt-ee969cae6303b28b,0
devgpt-592c412d9d81799f,3
devgpt-0a62faa3c03ea6c0,4
devgpt-4785e3a796a75874,2
devgpt-79def8fcf3db97f9,3
devgpt-375615789c6c5a09,2
devgpt-7f0f2e5a961c7836,2
devgpt-5a023c8f31ba7693,2
devgpt-b402a3351b7469e0,0
devgpt-3f32da3fb09a3057,0
devgpt-111bb5194fa92fb4,2
devgpt-012559662de5ce07,2
devgpt-5ebd0e4ec07ff020,2
devgpt-153103e0b4ec6b8e,4
devgpt-0291be37423c81c2,3
devgpt-5e0c4a2e365a1c14,3
devgpt-116d202d6b824ff4,3
devgpt-9950b3b73e232ec6,1
devgpt-c283ebb9e059f932,1
devgpt-6b29372ea2bc8ec5,2
devgpt-b45c8555ee4179c7,0
devgpt-df3244beb8d2dcbf,0
devgpt-5835693395ed29e4,2
devgpt-0c9220dc4a72073e,3
devgpt-17b2b0a5092c6c6f,4
devgpt-056c454e1c3e5594,1
devgpt-08e4780a476520ea,0
devgpt-00440a7baadaf589,3
devgpt-8a53867e9ec8ed80,1
devgpt-a548dfe79e7e0582,2
devgpt-3bc37434d94eb64e,2
devgpt-2b68c68882e2b9a2,4
devgpt-65cc078ff7072967,0
devgpt-4af0718b3a68cdd1,3
devgpt-a65f5d3c6e1b848a,0
devgpt-5053dc3382187876,0
devgpt-b477bea39b175dd1,3
devgpt-4ace006613d32341,3
devgpt-8fd24bb28739e83f,2
devgpt-2705e5c06080c7ca,4
devgpt-c2400333d5f34157,1
devgpt-bf8022e24b10cb92,3
devgpt-fcbc17bc28b63ebc,0
devgpt-c9db7122427a4134,2
devgpt-829dde39a41e246f,3
devgpt-2dabd5de7688aa42,2
devgpt-1a22e0cb3d08210b,4
devgpt-38a0af2554a4108e,4
devgpt-9e8427c21fd6427c,3
devgpt-26c69511102f456c,3
devgpt-33848ff9d1ba6c7d,2
devgpt-72da8ead1934b69e,2
devgpt-28e55ce1c3231143,0
devgpt-0ce1b9c1d43fb2f3,4
devgpt-f5a078bc813e12e8,1
devgpt-5890206da87715b6,0
devgpt-9e865b9b7eb6ef5c,2
devgpt-4969b674b3fa9a30,2
devgpt-f3536047be01de65,4
devgpt-cc4a1e1d541b0bbc,4
devgpt-47ae811247fa9274,3
devgpt-57e4585b856e2b38,1
devgpt-0febf51784aa15ee,2
devgpt-625eb9e9f1f05909,0
devgpt-26adfa017c455d31,2
devgpt-bef81ba712f06595,4
devgpt-4f3927871c1390c1,4
devgpt-dd30a1d68fa1205f,0
devgpt-9187dca46328ca62,3
devgpt-ca46a2534cef8a25,3
devgpt-a37f637608793703,3
devgpt-ce3d2c5c9ba75a5a,4
devgpt-1cecace3d76b2887,1
devgpt-1406c45fdd25d53b,2
devgpt-24d8b5c6e5b5a558,2
devgpt-df3abbabb60c0cbb,1
devgpt-70e3d8c7737274f4,4
devgpt-2e455e24f6231c28,3
devgpt-899f449629cb602c,4
devgpt-3f0e63ffa3b30d64,4
devgpt-de47260da84cef7c,2
devgpt-604453720a7681f3,0
devgpt-1381aa1358e194ee,1
devgpt-f1f8460a517e562b,4
devgpt-d52202f4329f92d6,2
devgpt-1a6434e2ed1e13f6,2
devgpt-07a5de6840c53c81,2
devgpt-4d89c320149483c6,2
devgpt-ea2faf7d32fe743a,4
devgpt-2c166c52900445d2,1
devgpt-c247a56db7c15265,4
devgpt-f49d2744acd692e8,3
devgpt-7f5ccc9e3e0c8aa7,0
devgpt-b6e25bd73a4963ee,1
devgpt-b9a2e867e9bd70f4,3
devgpt-7a8bf32ccae2c045,4
devgpt-41ed92dff6b7bbab,3
devgpt-9184e3483fccd187,1
devgpt-b49cfc092ecc323a,4
devgpt-3376e08b0b3b6667,4
devgpt-1cc02d92d568d172,4
devgpt-2c14770d8426fd51,0
devgpt-80c187edadf07558,1
devgpt-da006e3531cad504,2
devgpt-3b375b180ae55961,4
devgpt-aa7ab85dd881e88b,0
devgpt-29950917be4df71c,0
devgpt-fe20cad0c3e1afaa,2
devgpt-b05a3f533a3293db,4
devgpt-08d19596e84223c8,0
devgpt-d2fad6f7101f0301,0
devgpt-1923d85cc623c3a9,3
devgpt-fe04699c8a490d61,2
devgpt-9f6a595e830aa05f,4
devgpt-abb5a30770324029,3
devgpt-9083d3dce3089bc1,0
devgpt-3b4aff95beb8e5f6,1
devgpt-3542cf6753dca9f6,1
devgpt-9425015e17efea66,1
devgpt-918c7079c5c7eeea,0
devgpt-f669ef80b12ced53,3
devgpt-c98cad60ad676f6e,4
devgpt-a71e8ea5a28e807a,1
devgpt-bcb14a2488394ac0,3
devgpt-a173644f77bb2b87,2
devgpt-8ab5ca9b73a82f7e,3
devgpt-5262bd3594ac208c,1
devgpt-a630db58a998399f,4
devgpt-884a4138b222a82a,4
devgpt-fb96453a98ed5582,4
devgpt-ac6eb47de3b709ba,2
devgpt-f97862c59d22aa2f,1
devgpt-ec5199cb2d0d83a3,0
devgpt-5220a09923241d56,1
devgpt-bf928d9942be33eb,3
devgpt-4fe9086b3e8b13a2,0
devgpt-03e6d35a708e2509,0
devgpt-94698bf4ce7be31d,4
devgpt-4bb2c9eeb9be492a,4
devgpt-5e6ecefd65f219df,2
devgpt-18ad644a6e41e0fa,3
devgpt-005a7ab04a94414f,0
devgpt-68906246570c1b9a,3
devgpt-21c93fae1d9d6067,2
devgpt-192c94a011d60bad,0
devgpt-11bc646c816d3bec,4
devgpt-c8113bfff35598dd,3
devgpt-6f1a62906e4dcedc,2
devgpt-8de050f67d61305b,2
devgpt-81be8f21bbf7770a,1
devgpt-aee2d172f30223e5,2
devgpt-fce4d0c537163800,1
devgpt-f623f9d701f568b8,4
devgpt-e67b715d2b959413,0
devgpt-fee153c6ca516790,2
devgpt-c97b3e753c8b4e5b,3
devgpt-1c92a2b8b6dcfdf0,3
devgpt-a33bc109c230af70,1
devgpt-682915196bbb08c1,1
devgpt-05c1a1853b586a19,1
devgpt-54612c34f7459ad4,1
devgpt-9a5f8cfa5261dd06,1
devgpt-783b3f0134cfb25e,4
devgpt-d715ea8b634e8146,0
devgpt-394f6ead3430e315,4
devgpt-e3f7795df89e1bd2,3
devgpt-b69babd01c441f9f,2
devgpt-c4fa84f49097d44f,0
devgpt-7c972015efff47f1,2
devgpt-88f3e449ce4c41ee,3
devgpt-ef7e2b433f814727,1
devgpt-45f1d9a3aac7fdd2,4
devgpt-9de7262e75454cd7,0
devgpt-f627a0c15c5e4da2,3
devgpt-87e2e6b9a8814d9c,4
devgpt-90aee348ca1339d3,1
devgpt-893a837adac632ee,0
devgpt-ba3d8b3ed352d1f7,4
devgpt-98e45ad22694fc7d,3
devgpt-f12331fe447020ad,2
devgpt-b3a650f2ad452c4d,2
devgpt-4f1908f684294b18,2
devgpt-b9fc20d63140694f,0
devgpt-5c25338e9c511b62,2
devgpt-8b6a11566154e01f,2
devgpt-c5fe0f4197174492,0
devgpt-db797ef024b14b00,1
devgpt-d392221dc1608b8f,0
devgpt-77a128c4ca1b84c4,0
devgpt-627962e70c60de9e,4
devgpt-e38839d2a90b567e,3
devgpt-741f3521c5870475,0
devgpt-bdffe9c26ebf9dd7,0
devgpt-ee28ac53013ce1dd,0
devgpt-70b3ab067cfc4148,4
devgpt-0abdbce5330c53c9,0
devgpt-709897a7c27c8500,1
devgpt-a100dc124885e864,2
devgpt-5bc88fed92ba5857,4
devgpt-8e69bee84c5b60d1,3
devgpt-7eddb1b10c573d24,1
devgpt-4e39ea7161fe1aea,4
devgpt-b8a7577ce34ba296,3
devgpt-f90a686901d6396d,2
devgpt-bd2d2d38a2faaafd,0
devgpt-3e82787ee4c0d81e,1
devgpt-b69029b9a02f6335,2
devgpt-14c31635482f90bf,4
devgpt-f1ec0671c1cdf3a2,4
devgpt-d6ea5f88a9a7fef0,4
devgpt-47a627fb005203f5,2
devgpt-4d2dd52a8ad554bb,2
devgpt-ba41e70636a356e4,2
devgpt-ef9220f011febf87,4
devgpt-44a3ef58a4b6846f,3
devgpt-2e077b1971005023,3
devgpt-cb7e136893b3ab74,0
devgpt-2874eb3e36274319,4
devgpt-de10cc40dd9e1a81,1
devgpt-eed62268c9d057f8,4
devgpt-b39862de5070426d,4
devgpt-987b64074eaa0320,4
devgpt-2b1b8eef556649e9,3
devgpt-ced7a1ce8cae9811,2
devgpt-49e93eca285e8b07,0
devgpt-849668f544609216,3
devgpt-dbd000c17ae9ea0e,0
devgpt-42070450369289e9,2
devgpt-9399225d44b64f34,4
devgpt-aaad6171567ec93a,3
devgpt-779360cc7a93b996,2
devgpt-2a936b73bbc4205f,1
devgpt-14526a0a3c466ca9,0
devgpt-273bada590a59635,1
devgpt-51fe6abbb83c8e24,3
devgpt-84a4c9ea1de44fc1,0
devgpt-93081de537c6fcdd,4
devgpt-c50400ece70bf781,1
devgpt-7a7180bded053988,4
devgpt-b60984e622161995,1
devgpt-461039675bd09450,2
devgpt-51e577542ab53a96,3
devgpt-d3e882b077113945,0
devgpt-7edacfb5561ece79,0
devgpt-88a2d00c5523e9dd,0
devgpt-ee71675153607f47,0
devgpt-e2bfe97134864147,0
devgpt-a3aba3a1fb33d134,0
devgpt-5b6d8c8b376af681,2
devgpt-3a13ff3e65cb1cd7,1
devgpt-a45edd2ec7039d59,2
devgpt-3eeb9c63498d338f,4
devgpt-2ca085afdd579f00,4
devgpt-326905ae12a648fa,3
devgpt-ae1bb966ee9cb36f,4
devgpt-0f1a0d089e98f20f,4
devgpt-d066963cc5ef9d4b,4
devgpt-5e830ef5762d1075,0
devgpt-de8e58bd1f8521aa,3
devgpt-f0531ed4e76ef773,0
devgpt-5ed13660c7c98e57,0
devgpt-2d25c38de48ae2ce,2
devgpt-1e21b1b064b8b69a,1
devgpt-9263685faf40922c,3
devgpt-ac04e50214f968a2,1
devgpt-781215d5f2fa307e,2
devgpt-b27429e26ed49044,4
devgpt-3c1cef055a767293,1
devgpt-9c2861b240702ec5,2
devgpt-62c0f2f0fa11349e,0
devgpt-1984102974078c7a,1
devgpt-f0e0747d1bc2e8f4,3
devgpt-679b13fe77ef0b28,2
devgpt-dd7e72fc1b2d7297,0
devgpt-102d4485235faad0,4
devgpt-82dca608525a2a62,1
devgpt-ea5d1813291ca958,4
devgpt-d39fd95618b738f1,1
devgpt-21c5957364e19068,4
devgpt-bd3e17d7064dd0ce,4
devgpt-23ab4f3624dbeb8d,0
devgpt-fa055a9f54f8fdd9,3
devgpt-954083e011a127d1,4
devgpt-a37a4106704c2216,2
devgpt-f6373928c435866f,0
devgpt-97d722b4d674021a,3
devgpt-c8ea81b9bc2dc5a3,4
devgpt-f12ef263b95ffae1,4
devgpt-a6ee3e1da5cb2e78,1
devgpt-c7fcbb7423569d02,3
devgpt-037bacef5b6106a2,4
devgpt-2019425cee3b9567,0
devgpt-5691f8d365276587,0
devgpt-8371e860d364f160,1
devgpt-a0ea72d191c594e6,4
devgpt-edcd70e2010d6dc2,1
devgpt-a4d1a003a0a9e445,3
devgpt-57860652317632fe,4
devgpt-9cffc47e8af0896c,0
devgpt-cf0717926429d5e7,1
devgpt-c02d4b1140cac2a3,4
devgpt-62666e9089b47139,2
devgpt-6778b1a3ff3af69b,0
devgpt-69cc9153f97ee6db,2
devgpt-718e26858edfcd31,2
devgpt-ce1841cd6bce716a,4
devgpt-9c6787ae8c9fe1bd,0
devgpt-43b0412f7c5d1a23,1
devgpt-334fb851aa29e1ec,1
devgpt-9f832270d1f54181,1
devgpt-a61e8c0fd039e454,1
devgpt-35abeeff379b919e,4
devgpt-bb360c053605e6fb,1
devgpt-dccaa20fee6ed4a0,3
devgpt-e5a7552042104da2,3
devgpt-01e41cd89c56016f,3
devgpt-5cd2da393bb3abe8,3
devgpt-028d5a056c40181c,1
devgpt-a7180b778c1098b9,0
devgpt-9a7afcc6e70defee,2
devgpt-8bdb302696edeef9,2
devgpt-0721af55d8cb0289,4
devgpt-64d1ea38462dc00c,2
devgpt-c341965ace8f45fc,1
devgpt-2d1af74070a48f19,4
devgpt-75da127595ae19b3,4
devgpt-84af643a9c335674,1
devgpt-11cbfc24bc2aee47,1
devgpt-c2a4984a1f2cc9bd,0
devgpt-30c99d4b7e53f8a2,1
devgpt-e6f58588da6e8fc3,2
devgpt-cb308e8852a5e547,4
devgpt-c36f7c6896330c2e,1
devgpt-fd7326b941e9d705,1
devgpt-c802c443cc19b710,1
devgpt-2679f0993833b680,0
devgpt-2b04ed68bc9db186,4
devgpt-4a5d6a51356ddbb8,1
devgpt-11e323a1a93d18ed,3
devgpt-2902d44930e28391,0
devgpt-f9aa4a58793b0a14,2
devgpt-2fd6a4eb427dc089,1
devgpt-fa91078437f45210,3
devgpt-89389f2f5897e663,1
devgpt-de6a1cd6205bc3b7,1
devgpt-bc7249dc45dfa1aa,1
devgpt-c395b237432bc8f5,3
devgpt-36daa0e97fceb6a6,3
devgpt-e432670f3954acf9,4
devgpt-d32d35c637d90722,3
devgpt-7f41f9deaaa30bb1,3
devgpt-b045aea4dc00532c,3
devgpt-73aee503d18dbae2,0
devgpt-0b82d879d4626989,0
devgpt-4d24e5eee8c35ceb,4
devgpt-f20176b2b49a96b2,0
devgpt-33a063a1f55186c8,2
devgpt-23f04ca2b8b998cb,0
devgpt-84c4cc8e7d68599e,3
devgpt-02c0180eca14ed43,3
devgpt-8453a4b4cc28e402,1
devgpt-820b4119925b9aa3,3
devgpt-8e0986466cbdab38,4
devgpt-e6bfb9abad9e2462,3
devgpt-5cd7376705e02e91,0
devgpt-944d58f5e05db9e6,0
devgpt-4d1f851187820614,3
devgpt-af38e36f9132cea7,3
devgpt-5da9450c2d91bd32,3
devgpt-90929a9fcf9c51a8,2
devgpt-0cd3f099abacd984,4
devgpt-b3d6a1af621d0b1a,0
devgpt-0d5385b3b98516cf,2
devgpt-edc29ac929f8c99a,2
devgpt-4a3a5d2cd2d7a8fc,0
devgpt-25b4c82ca3e992dd,1
devgpt-3e108b9838f182cb,0
devgpt-65e4b8b8427b8de8,0
devgpt-49da4c852d816775,3
devgpt-658d3c2125d1d9d5,0
devgpt-d1b629f01fe0c637,1
devgpt-b355c11a8f260ecd,0
devgpt-09184f9d0b979534,4
devgpt-35d0aec6485648ae,0
devgpt-1045fd9136c067e3,2
devgpt-235a2c7cc7f26870,3
devgpt-1a51e314177d9c03,0
devgpt-9de940b8880dd394,2
devgpt-42416e65fedf159a,0
devgpt-c944660f15e2eef5,4
devgpt-c06373a284473d04,0
devgpt-21ab19cccb40562c,2
devgpt-7f124759c981beb0,2
devgpt-d75a82d6658dff01,1
devgpt-751cf6d1d69cdc77,2
devgpt-24d2e68cf5373003,2
devgpt-c26141a942327edd,2
devgpt-fc8875674bc32fdc,1
devgpt-9bcf6af857776202,4
devgpt-4cdab2c99e373db3,1
devgpt-de8ac7d584d0b9fb,2
devgpt-22d97e41fd58ec19,4
devgpt-73a416fc8508c1d8,1
devgpt-48fd490182a81d90,2
devgpt-c106784851a9897f,2
devgpt-f3a9d6d50e5bd564,4
devgpt-02fe9290809cab10,1
devgpt-3298884155164b3c,1
devgpt-76b970a7f482dfca,2
devgpt-444cb389dc79b965,1
devgpt-a2fdc1847de0466b,4
devgpt-a056dfe7395ba6b0,2
devgpt-82d73a799691296e,4
devgpt-e0359407c79412f6,1
devgpt-78294082a157d5ae,3
devgpt-2097843db385a9bc,3
devgpt-99eaf1a3b55a9c7d,1
devgpt-c600c3850a84af5c,3
devgpt-3b57faeb670a1e79,1
devgpt-ad7befaeb862028d,0
devgpt-b30a48413eea4205,4
devgpt-7ab40cbdf6ae9b7a,0
devgpt-ed8dca082c3cc8d7,0
devgpt-e41e20d040021836,1
devgpt-7b5864664e5ac1d4,2
devgpt-529cb58b32870497,2
devgpt-e53f4460363c6861,3
devgpt-4becdb36f13a4405,2
devgpt-7db75012b25f0f50,3
devgpt-2395ebc36fc8ed4b,3
devgpt-25d351a33a9be7fd,0
devgpt-90a3ed17ab407a8a,0
devgpt-18be0d677849464f,1
devgpt-df5fbfdf0b1f1761,2
devgpt-d1352d749380828f,4
devgpt-4634eb2a89800bff,1
devgpt-961516da002f0ee3,3
devgpt-270af5ddf59dd476,1
devgpt-48d1dafcc20efd54,4
devgpt-ed384ef90cb7e410,0
devgpt-4ab427d27ba5f56d,4
devgpt-3532e87f339310ad,1
devgpt-22c7fadb0e9210a5,1
devgpt-7859409e5f282bfc,4
devgpt-a430c6426a33eb40,4
devgpt-d07367d03f191b4d,2
devgpt-94a754f03f4f2f03,1
devgpt-70fc1a9f62e94cd4,1
devgpt-162a24c361671c71,2
devgpt-f8fded0d5b539d9a,3
devgpt-5c3e26a094fc16a3,2
devgpt-a28c259505539fc8,2
devgpt-0d315a49f02befb2,1
devgpt-767f95075ca15bfb,3
devgpt-8938eba41cc38eb9,0
devgpt-60a51b961b7d5568,4
devgpt-536ccfad92f06aac,2
devgpt-f355cbced887b7a3,2
devgpt-6321b091c71e6700,3
devgpt-08d2d722762a13b5,0
devgpt-4780e188b6bf5b9b,1
devgpt-a965eb88621f5532,2
devgpt-ded483a96c559a8e,3
devgpt-722cf1873aef976e,1
devgpt-858ebe52ba1ba248,0
devgpt-c7bb6d7342db2f6f,2
devgpt-ccff373aad67d7fe,2
devgpt-ff4402c4c9d66376,1
devgpt-bec51fdd31d95be4,2
devgpt-3e8dc2db78fb5f01,2
devgpt-3b7de42566bd5aeb,3
devgpt-88de955cb3148116,0
devgpt-79bea7e88541eeeb,0
devgpt-df1c0d66fdc48b1c,2
devgpt-107d8cec08d4320c,1
devgpt-18966b0d2e494068,4
devgpt-a86033020669e752,0
devgpt-97f30992b94e08af,1
devgpt-460439c4340d59e4,2
devgpt-ac0091b952e02463,4
devgpt-b556f0c88845d7aa,1
devgpt-bd005b033972761d,0
devgpt-bd8b478f7e258a22,3
devgpt-571148e4f5f4985c,2
devgpt-425382fdfe84387f,1
devgpt-3c53bfe5ff272fb7,2
devgpt-865161886b0f5bcb,2
devgpt-3d3716f179e3594f,3
devgpt-355001e31ee129ff,3
devgpt-bfb0a6ce77ca5355,3
devgpt-da1f6db3bad2bd26,4
devgpt-96b645b1871863a6,1
devgpt-0cf0340b01368519,4
devgpt-5db24dbb034a92d6,4
devgpt-b4dac202dc67a87a,2
devgpt-5c5b5aafbb6948c7,4
devgpt-ea2d73b9ef221cfe,2
devgpt-775823cc2221d978,0
devgpt-a200481d19dc3333,1
devgpt-76aba0ce09d12fff,0
devgpt-c84a4cc50b6122b4,1
devgpt-ef76363aaf5be8a5,0
devgpt-1d1bf4f9110735e7,4
devgpt-e2abc474eafd7f06,4
devgpt-77019a645aaf926b,2
devgpt-e23613c66b464c82,0
devgpt-cc8a9eaf89399469,0
devgpt-1e2faa39cc96c05e,4
devgpt-991e0bbcd311bc61,3
devgpt-f9a7500622afda75,0
devgpt-9794a15e86cf9d8d,2
devgpt-043276d9501e9b66,0
devgpt-3ed359e5cb3a72ee,0
devgpt-f7570f57205c3e5c,2
devgpt-d81d2076a865b1c4,2
devgpt-796d38355121adc0,2
devgpt-ebc5e411e705ecd0,3
devgpt-5224f627c0112a24,0
devgpt-87b63039d984436b,0
devgpt-8a82edc144c87300,1
devgpt-69b0a6e618057628,4
devgpt-7d9b896bfe3ac493,4
devgpt-cdbabc2572732c8b,3
devgpt-e8f75ab4778e2a8a,4
devgpt-485db0d9510c2fb7,4
devgpt-ecbc87b368edb6d0,4
devgpt-20ea363ea36af731,3
devgpt-f6dfd737ebaeed1a,3
devgpt-2931e0c41f840f67,0
devgpt-17d0a255cab4319b,2
devgpt-b47f1f8254b3f585,4
devgpt-ee47e6b21e1c673e,2
devgpt-d1cbb257db9e5e45,0
devgpt-b1b6edefd7801bb1,2
devgpt-a385495178e782e3,1
devgpt-1b594bd48be68c55,1
devgpt-3b2240386b8df7dd,3
devgpt-8e801f51f5eae7f4,1
devgpt-da60281e8972d3e4,0
devgpt-ea92571a08ad4c8f,0
devgpt-3065b5d331f74b97,3
devgpt-a846f8ddb493cac5,3
devgpt-13bef98c49fc5a39,0
devgpt-19d5d5dd6ec81390,0
devgpt-3801765f9987da92,2
devgpt-6743f78e431923cb,1
devgpt-ee6c3d28556fa6aa,3
devgpt-79fdf0f10df1822c,3
devgpt-5e24dfe6c37aa28b,2
devgpt-58a05f6e2228820a,2
devgpt-45d4e5087fd0eab6,2
devgpt-6817fe4241993eaf,0
devgpt-cf6b867e07efcff1,1
devgpt-cdabbcda2401a371,1
devgpt-3db1ad1aa590b235,2
devgpt-dbcb661bfcae3a0d,4
devgpt-834341aa1c40d427,0
devgpt-ce335f9fbe2762eb,1
devgpt-3029e0866e213932,0
devgpt-0f788fe8f895de23,0
devgpt-79e956da7b862c0e,2
devgpt-038274f38d98c3a8,4
devgpt-f98b4ebced9793d2,4
devgpt-00ed69f931a4f919,1
devgpt-50d01b9dee174d42,3
devgpt-f37212fe0a48c0d6,4
devgpt-cb49dd90461765bd,0
devgpt-1e29298efc4b2fff,2
devgpt-d43aa8ba5d74ed03,4
devgpt-d809e4d59e501091,2
devgpt-da86ab4ed370ac4f,1
devgpt-f3786b6f769c2d97,2
devgpt-5dfcb711e551daf1,0
devgpt-22d04f85e4b0cfaf,3
devgpt-bc42b8a17f39d266,3
devgpt-48e22742607a2810,3
devgpt-73b83535266e6faa,2
devgpt-91ecaef902671572,0
devgpt-2f87424df0f77f9c,0
devgpt-12f7148eefe2c4ed,3
devgpt-316a9806416384e3,0
devgpt-559a862a03df96be,2
devgpt-b5599231dd111a06,3
devgpt-c4b8da8967b0b4d1,2
devgpt-41bc61a7e705b4d2,0
devgpt-8a0c7d79e9c64a96,0
devgpt-19d60d9089624d92,2
devgpt-77e1c88ccab493cf,0
devgpt-ef92387c0de33700,2
devgpt-1f0cc88b79beb739,2
devgpt-ccb14f76800a6134,3
devgpt-8bd7ead103810e19,0
devgpt-6f8935f2df71100f,4
devgpt-15d246af1759b25d,0
devgpt-ac17b51d2607704b,2
devgpt-635d38de7bc95bec,4
devgpt-7e57cf79f6002450,0
devgpt-383e6c007080ed87,4
devgpt-2fb36e652e6c615c,2
devgpt-4e0ad89a95a98c86,3
devgpt-56722eead37e2395,0
devgpt-4e831cd813402aaa,4
devgpt-5847f4a1922a1258,1
devgpt-ccfff7eb3a183511,3
devgpt-6d5c4311a68ab80c,1
devgpt-24e7096dd2253b15,4
devgpt-3d58f53d88fb271b,4
devgpt-0a7973d0806d64e6,3
devgpt-c185fc2f049ba1eb,2
devgpt-d8978e035d54ec4a,3
devgpt-780859057d716d60,3
devgpt-291ea6699139f459,2
devgpt-ee60e91766e52e85,3
devgpt-16504a763cdb7e88,2
devgpt-74cd0a99b0447bd1,4
devgpt-c506849b01ca0d1c,0
devgpt-1c2b35c1307fd098,2
devgpt-167b3ad1d8ae2d08,0
devgpt-648c7bb36063236f,1
devgpt-5c5a800ff8f4da09,4
devgpt-d331a985d067e5d2,0
devgpt-e0daf5cf15aed7aa,0
devgpt-2b8c53b42c42cab9,2
devgpt-1146df01c106738b,0
devgpt-4ac3ca78ff8be3cb,4
devgpt-f7a484817f72afed,1
devgpt-d3d2b0a3ed4ea91c,1
devgpt-01653a4a4b2e091c,1
devgpt-88bcc3dc51ad12fe,2
devgpt-2488a3210f50f246,1
devgpt-ebafb1fff5d40096,3
devgpt-3556935e9dac0e9d,3
devgpt-78bc9f115644f55a,4
devgpt-03146fbad1b52f5a,0
devgpt-cd35e2402d437f8d,4
devgpt-fbeb6114e8602f89,2
devgpt-c61d36e9a293f5b8,4
devgpt-b573d4c01889caa9,1
devgpt-917832598d851375,2
devgpt-dd5b4a25181255db,2
devgpt-89ffad5e886d1d9a,4
devgpt-342f0e7b6da15790,0
devgpt-82a5144ca20a1c6a,1
devgpt-86cfd640c3fce6b0,2
devgpt-1b4677a61a1af937,4
devgpt-da943381031811f2,1
devgpt-81d4dded60c33bc3,1
devgpt-263d73d62dfd71a9,1
devgpt-5c13f027e1296874,1
devgpt-638ee580b2f521e3,4
devgpt-98ba73d0420df693,4
devgpt-1ca4095c48df3b6f,2
devgpt-be76c4b9b0df8649,0
devgpt-01323bbb5f09d8f3,4
devgpt-8d5a7dc1cecd2374,3
devgpt-4c972ff7116523d0,3
devgpt-2142ed637ff0477b,4
devgpt-2c2702d5696f842f,4
devgpt-f89fc4a1f7f0762d,0
devgpt-9cacf5a6616359c3,4
devgpt-a0b56687ff97311b,2
devgpt-5c6fd0872a367574,1
devgpt-dad6360472296a7e,1
devgpt-a582535b2a72be45,3
devgpt-0d2f54e0cb116c82,0
devgpt-d5886870e099637d,4
devgpt-2ab430711824b3a4,2
devgpt-7dc1c372ffe3fadb,3
devgpt-c275f12d05590f94,3
devgpt-91b8cc237effae4f,0
devgpt-23e9d1b52a0e7e8f,4
devgpt-ee56fad4cdb1d4c2,1
devgpt-fb45a6a45f5c160b,4
devgpt-5029739270df04f8,2
devgpt-c3fb9798fe73aaed,1
devgpt-91f8b61d4fe49c6b,0
devgpt-dec166e03671a7d0,3
devgpt-3e01fa14dffd7d64,4
devgpt-97c41836a91d8766,3
devgpt-28a33457b4003b23,4
devgpt-4937e5c0c71aac7c,4
devgpt-c00f720ee169ae61,0
devgpt-b8b10309f175847a,0
devgpt-850a352d524efdf6,2
devgpt-4922cfd29ff83337,4
devgpt-ba3e0d718995cecd,4
devgpt-ed73c6bb72c456f0,4
devgpt-68199ef3bd9d29d0,2
devgpt-1bdf0bfca0ddd08d,2
devgpt-439b35d40686aa69,0
devgpt-c4a9f3524aeaa4fc,0
devgpt-1f07452c785a34e6,4
devgpt-a9cabfbf7c9daa71,1
devgpt-82f0ab22a84b5ce9,1
devgpt-88ac3e5d84c521cd,4
devgpt-2c919ce5ed7938d8,2
devgpt-da126e9cdbffc36f,3
devgpt-9d7c62b78d7347dc,0
devgpt-7ea10c15eb0c8ce9,3
devgpt-ff2064b7ea69e241,0
devgpt-494c01b86ec04264,2
devgpt-ccba7f2f301b6fdb,2
devgpt-c6914549f4bfbffb,2
devgpt-c8580e316fcafd14,2
devgpt-f8591a21ef525832,3
devgpt-e056aff0befcfe9b,0
devgpt-421642c4059c0678,1
devgpt-93f332a97b12a8e6,0
devgpt-77ea8cdd3f7a49fc,1
devgpt-dec0b5e45dcb1ae8,0
devgpt-5c3a9f07e3c2e45d,3
devgpt-7e8e0c1735d4f194,0
devgpt-0e67c9516e4eac6d,0
devgpt-ae2ae5a0927d487a,1
devgpt-6367c484cd0642f9,0
devgpt-b0782c486f14f50e,3
devgpt-d4bf7a81674735f9,0
devgpt-0eb2ba4adedc4102,3
devgpt-f4b91e32c53c0ddf,0
devgpt-2af968967bcd877a,4
devgpt-f28dd55287261243,0
devgpt-b3b83e6adc9670af,3
devgpt-0e0f1f38ef574775,1
devgpt-d1bed0ac24447fd5,1
devgpt-bd33dd64e6d3d66c,2
devgpt-58b0b5817152ac23,4
devgpt-85f2fd9d103b9b2f,1
devgpt-6a734ac1f3de0abe,2
devgpt-88393fa1e6c94422,2
devgpt-12a50f6383469021,4
devgpt-bf86cf777c61d9bb,0
devgpt-5796b14239f1e8f7,2
devgpt-54a1ffa57d5ae8c3,4
devgpt-8805f7cd73fda5a7,0
devgpt-82002fa61a017a1b,0
devgpt-f3c95c9f86b14642,1
devgpt-54125688b91956f7,0
devgpt-1a95f47b9af1750d,1
devgpt-81e2515718bd3f95,3
devgpt-b9d6a60b49de54be,2
devgpt-a91fccc64ad0d372,4
devgpt-6c7e554666653b7e,3
devgpt-bf427d6427e4cde7,2
devgpt-9df8924a65b05b28,3
devgpt-c307df6bd42a3418,2
devgpt-7c795ea06868eb1e,3
devgpt-ba9e660c33ce4182,0
devgpt-8898e150c50acf71,1
devgpt-4a46e3753513ca8e,4
devgpt-5cbcbf12a4aadae6,4
devgpt-31abf3cdedb2ddd1,1
devgpt-96e5a90e39c85549,3
devgpt-33e3b3fb0b217dc9,4
devgpt-b20d792806bc4f7f,3
devgpt-5de6b3e452282a74,1
devgpt-c5e303759679d138,2
devgpt-d809cac93460ec90,2
devgpt-c76a65a12c813074,2
devgpt-6c9d347bb299ffcd,4
devgpt-18fe178c9b22590c,3
devgpt-8ddb0cfff8c53bdf,0
devgpt-892654ee3c5cb0e6,1
devgpt-5450b6fb912d1518,2
devgpt-4b8cd2b4c4f2644a,3
devgpt-6a2861fd06a5de9e,4
devgpt-7b2d468d9667300c,4
devgpt-5b29672da7a17a63,2
devgpt-60bcef356f01db5f,1
devgpt-93b7a14f77c60644,1
devgpt-1d8974d4d37bf402,3
devgpt-cd422e3abd0c5ca9,4
devgpt-85915ffa51d893ce,3
devgpt-c0bfdc2c9d989b4e,3
devgpt-cb1c02b30611259a,2
devgpt-b4d36bd632e536f9,4
devgpt-5b90b3ee9a84a36c,2
devgpt-fb20a4e6ecaf5c16,0
devgpt-c61ad6c824651123,3
devgpt-ea2bf976b2bf83a3,3
devgpt-76927237f9557fca,2
devgpt-d8d3f2c75581beb4,1
devgpt-1f4b7d977e695ca5,4
devgpt-3ced390f21719293,1
devgpt-b58c511e5aec0b7b,4
devgpt-9cc416cb7a5c09cd,2
devgpt-b6d7d601a37467c5,3
devgpt-3cd8f5cd873d604e,1
devgpt-eaf21a3e200f334d,0
devgpt-87945a19e10ead54,4
devgpt-d94e1ac0c92d15f5,0
devgpt-d5b0f0347a2f3105,2
devgpt-5fe85186d80d4421,2
devgpt-ab4228fbe5fd2187,1
devgpt-9f6a3197c6457f5f,2
devgpt-5602c16278f3421c,1
devgpt-d1d83ee848adef35,0
devgpt-3ff8df8381ceb7bf,1
devgpt-8bc5de23445f8592,4
devgpt-65339319956cd6e0,2
devgpt-ae776a7fe1e5c1d4,2
devgpt-b061cac69f74a04d,4
devgpt-62bad8cde527a545,2
devgpt-50018a2df647d1f4,2
devgpt-4636fb2eec97d22a,2
devgpt-085c14ab2017bcc1,1
devgpt-1c895231d4bcd92c,1
devgpt-75f9869cdfd741e9,3
devgpt-69ebeb4c7cf13cf0,3
devgpt-58d6eb04c04aef19,3
devgpt-56b17bd05b047bea,0
devgpt-68f1859a1ace46b3,3
devgpt-5d7c1dea7cae9ac7,1
devgpt-0dfd9fd0ffb43749,4
devgpt-0f8c1a38b574c1ca,0
devgpt-82fa6f64c3f72f63,0
devgpt-0f8e0e6e2fdd7f6c,4
devgpt-ab67ea9cf974f309,0
devgpt-55a2c3f2d64618ae,1
devgpt-08c19d6ad429fb37,4
devgpt-486f1d012066c48a,1
devgpt-e52c9622eb96b4e4,0
devgpt-dcdb98f8435fa113,1
devgpt-53b4f76b2225dfff,3
devgpt-6ef02cf161e25127,2
devgpt-b6cc58880b4cbaf3,3
devgpt-084fe7c7e346e1f3,2
devgpt-90ccd157d2cdd761,3
devgpt-a99f3b0a803a8a89,2
devgpt-a25d651299087f75,1
devgpt-7ae257de585dbd43,2
devgpt-9c6f4ae0d48919ad,4
devgpt-797f832171558084,0
devgpt-df6b3d0a9a06a22e,3
devgpt-bd6fcea671ea0e5e,4
devgpt-6dc3a2feeead7b6c,2
devgpt-793c9fab906c17d2,4
devgpt-85f8be8e789f139e,0
devgpt-725351de31ae6fba,4
devgpt-cfd5f5fc8aa31da1,1
devgpt-1176c032bcc1bedb,2
devgpt-05ca29cfab080b15,3
devgpt-58491dbed6abe3c6,3
devgpt-791f67b873e5ab5e,4
devgpt-aed83f9f88e93a8e,3
devgpt-9a5530ba8b052308,0
devgpt-08fb7911c7a6bb84,2
devgpt-10fbde05c659f377,0
devgpt-93de56f8525f903a,0
devgpt-d47b6f8ebc329a67,2
devgpt-e8e8dc59499d7311,2
devgpt-dc1cf13e84cdee4e,2
devgpt-587bc595bd26f652,4
devgpt-cb28da2591670564,3
devgpt-e0659f34a4760373,4
devgpt-a07eeb27696e1ed2,3
devgpt-60cce7c6141c65e8,2
devgpt-52c4517c993360fc,4
devgpt-914a96d79530655c,2
devgpt-f61848affdacf13c,3
devgpt-c938b339386bec75,1
devgpt-b9048339c043daca,3
devgpt-f9a968d99d981993,3
devgpt-f64740763f163acb,2
devgpt-7e91c4e931878915,3
devgpt-a3628bc6d89a0f88,1
devgpt-dd674b14de4d1ee2,2
devgpt-0a77e126586e737a,2
devgpt-6d7e862daba156aa,1
devgpt-27e3ff4554247f1a,0
devgpt-a3e2fbd366407d52,1
devgpt-df394978a58aeab0,4
devgpt-83b074403ef17130,0
devgpt-3614ca37c522f490,3
devgpt-01cc36b1911b14d1,4
devgpt-10ab22843660568f,2
devgpt-befc399da6b874b6,2
devgpt-9094b259c01227ce,0
devgpt-520ab018252f8fbb,0
devgpt-fc72837786c596e3,1
devgpt-913207ac8e957948,0
devgpt-4f5315cecb7bc0bb,2
devgpt-03758b8c1a634aed,2
devgpt-a30b2a3f75542c9b,1
devgpt-d5d36196ce787759,2
devgpt-2dcd892eeb7094ff,1
devgpt-0c34cc522b8907bf,3
devgpt-6d9018f2feb437ec,2
devgpt-c3d736041d671998,2
devgpt-3ed8e16660bdcc2c,2
devgpt-068b091a7e2b2549,4
devgpt-95bd6dd821b99088,3
devgpt-48d2420955797730,2
devgpt-45edbb630fa19cb7,2
devgpt-15ff1f6b8a9a4339,3
devgpt-0351b9ceb0dfb51f,4
devgpt-2a6a3ec5c71b8d77,3
devgpt-e49e486301af56b0,2
devgpt-dd82ae4791c7510b,4
devgpt-d74d1e912c0e5b51,1
devgpt-ae14692643e061d0,0
devgpt-62dcb6f31494437b,3
devgpt-a1f65eef7bece3c5,1
devgpt-c9edba65fa3ed894,3
devgpt-f9658503645a76f9,0
devgpt-3d5db4d8e95dd9fe,0
devgpt-c93698c2e49a5a74,0
devgpt-093986b518f842e6,0
devgpt-48f7e876a96e3f86,3
devgpt-6e24faa363324ad5,3
devgpt-89e22c121cd0557f,1
devgpt-a3b897aa5047b7d4,1
devgpt-beeb96a503885732,4
devgpt-f4200090849d9402,4
devgpt-891e331cdcab8aa5,1
devgpt-65637803ee9b6e3d,3
devgpt-9565f78e96722324,0
devgpt-14c650bb7adeb2c0,0
devgpt-8494847e7c0b833c,1
devgpt-9c2198e67429d189,0
devgpt-ed217e1ee341b3da,2
devgpt-15707820d1aee007,3
devgpt-f1b601eabd1cb6dc,3
devgpt-9d7a91a3b3383a28,2
devgpt-5ef21ad768a3121f,2
devgpt-a124f2031612fd9d,3
devgpt-6f8f66a9f41351e7,4
devgpt-373fc7f5e10e6aea,4
devgpt-af0754b772773835,2
devgpt-09028b10f1197825,2
devgpt-39aabed73bf0161f,3
devgpt-b6b28c7785faa396,0
devgpt-e1fb1cd61d0f36d4,2
devgpt-a4b3303f10d11e86,3
devgpt-22e9cab1009dbff4,0
devgpt-83ed0ee5804218fd,1
devgpt-374f0b2380cc0104,3
devgpt-7dad965d4c3617df,3
devgpt-172359cba9bd561b,4
devgpt-1832c96df72a318c,3
devgpt-d13db0087cac0911,2
devgpt-7a95ee63cbba8e6f,1
devgpt-74f8cbcddd78c738,1
devgpt-0a4273486b76cdc0,3
devgpt-0dc0d0cfc4928b9c,0
devgpt-37e284bf0fe01dfb,4
devgpt-3f7bd85dc877ec71,2
devgpt-351682ce00389a99,2
devgpt-ee0ae7ffca8d8fbc,2
devgpt-ee6cafe0911bbcc9,0
devgpt-367d5dffac9c9ab8,2
devgpt-c1beaa26d60f0719,4
devgpt-a504b85bc2b28804,3
devgpt-9590c6c27fe09ca1,3
devgpt-31416130474c3501,2
devgpt-15c34e5c9ce3721a,0
devgpt-22558db4ce5edd33,3
devgpt-2ce5467b2956a3fd,1
devgpt-2098cc391dac1c48,1
devgpt-31493cb20726ba14,2
devgpt-ca3de8b2714e1148,3
devgpt-95b27e4b06fd036b,3
devgpt-b9e84daebaff024d,4
devgpt-eadc4a1e61813793,0
devgpt-b01cc1d9de73c1c4,0
devgpt-2ed2b1c6d46b340a,0
devgpt-a3d422ac4f9ce3cc,4
devgpt-97f741653df3af2c,2
devgpt-2a8e92fe73af9e6b,2
devgpt-05c74c84e0863f96,4
devgpt-815a2dc5897f135c,0
devgpt-d24f5a03ed562495,4
devgpt-986f7e5638326099,3
devgpt-81762a8c160b855f,3
devgpt-bc5c22244e24704c,3
devgpt-dc8d9b8baf9f0d2f,2
devgpt-f521240dcf4f54ae,1
devgpt-01da662ab3733c79,1
devgpt-9d295803b96f13b1,3
devgpt-4d5bd9e013ce4084,4
devgpt-a11368b6ef67ec3b,3
devgpt-8eef6e40b35d3771,4
devgpt-b235d17538b77ed6,0
devgpt-3500aa6da4bc1673,1
devgpt-cd98637f33230410,3
devgpt-664696771a51d708,4
devgpt-c2ad169e46c14358,4
devgpt-65e0e229e0614d29,1
devgpt-958f76dd8dc67805,3
devgpt-69fa6fd9585db64b,0
devgpt-46c239392188a8a2,3
devgpt-74d719e853e3dc39,3
devgpt-6f81ad6e1c99b7a2,0
devgpt-9378336e7fb59bd3,2
devgpt-e3e546bfa2e24e03,1
devgpt-f6234e055c9a3bb2,2
devgpt-beaeaa4bac71c4e9,1
devgpt-4a9587c5d4159a4d,3
devgpt-3b7d2945612c269e,1
devgpt-3e56f8a359065cf1,2
devgpt-6e1d1703b372d3bc,1
devgpt-2e1e6b6e8fc8886f,0
devgpt-a1323db95d8ad525,0
devgpt-9c6f0f8953e9343f,3
devgpt-27520b96c2056976,4
devgpt-0782210d6468b3bc,2
devgpt-82fde1888d2f6741,0
devgpt-7b434e9c4931bbf3,1
devgpt-3e5289a57e5322b8,3
devgpt-ff0e1ddf999bffed,4
devgpt-3c1a7bedfac58a7c,3
devgpt-e4867807c4dd66af,0
devgpt-3213068df46dcd0b,2
devgpt-75ace691eaf19802,4
devgpt-cd476c6db03056dc,1
devgpt-3e397f5127c4ae32,2
devgpt-6c4ec8708cd85ff8,2
devgpt-832ee4512d15a487,2
devgpt-1a55ed80ba39a513,1
devgpt-5ba3e45aa714fe93,4
devgpt-bbcf75a1490802a0,2
devgpt-5a5fea46eb7fe0a7,4
devgpt-a349cc358b7e42fc,4
devgpt-0daf3329eafea58b,0
devgpt-8a56c659855d3870,0
devgpt-46532c1a14939fba,2
devgpt-58d87e3f948a18fe,2
devgpt-b82a385f447d0ed3,4
devgpt-e7ce3adf13693e4e,0
devgpt-3444d73f7a3874b6,0
devgpt-64e634c33e156a8c,3
devgpt-517304954edf35d4,2
devgpt-455760faa84cb8f8,1
devgpt-99658b58196eaa30,1
devgpt-88f2032781bcdf08,4
devgpt-a18f7a5f9930accf,0
devgpt-e0f7231eb758ac31,1
devgpt-85d72226491bb19b,3
devgpt-fb15694b872743cb,4
devgpt-52cbd901496eaf53,0
devgpt-3cb624c897864f59,2
devgpt-3a8b967355dfc3e0,0
devgpt-6336392dfb06bf8f,4
devgpt-938a21c40397bc77,0
devgpt-7222de49a82e1f37,0
devgpt-3b20730e06bf852b,4
devgpt-e33bcfaabb8d6224,2
devgpt-a3e99e71afbd0cc2,1
devgpt-55f93f6aaf7ed499,1
devgpt-9d9f25427a0cd220,2
devgpt-9a6022ca642cf010,3
devgpt-331c861b430ac7e9,1
devgpt-af6393d7b5af1128,2
devgpt-ea111fe62a7bdc80,0
devgpt-6dc3512b487de732,3
devgpt-0173483c80fdd3ba,1
devgpt-cb5344956ede35b8,1
devgpt-a018895ee86b28bd,2
devgpt-c94848e6a248a01c,0
devgpt-7d966ef8f1a0abcd,1
devgpt-f33c5a2a582ab50b,3
devgpt-2b1894b0e2b9f990,3
devgpt-a45cf4718c2136cd,3
devgpt-0ba8669731ecd5f3,1
devgpt-ebad24d27f56dbff,3
devgpt-3550ad5dea2af58b,3
devgpt-a3b220acdc81c085,1
devgpt-039c18cead0f0c1b,1
devgpt-ccd77f31db622bb2,4
devgpt-f20b9990f51e8fba,2
devgpt-8fbd2942bd278a18,4
devgpt-b15c02957fc0c9db,2
devgpt-6a9fa5d59f70dd4f,4
devgpt-419e303df2ccd065,4
devgpt-66ce8debd073b171,4
devgpt-39025404a36bcfad,4
devgpt-f26430daac5bb2b5,4
devgpt-11b36d7304f19584,0
devgpt-981986b273ba17ef,2
devgpt-3a8ca92660010a12,3
devgpt-d7f6530ee3a10845,2
devgpt-90dcad6ab92ec892,0
devgpt-96475a5c2ad44fbd,4
devgpt-49d57f415eb8d7c8,0
devgpt-d6ed7a494f16c2b8,3
devgpt-b071e1dd4efde696,3
devgpt-dcdc32afb3b48249,2
devgpt-0ca8aeada4994359,2
devgpt-a5f1d511cb82065e,3
devgpt-4b1621a9c7be0773,2
devgpt-100f7bc1f0824ec1,2
devgpt-7d4aaee1b739bf32,0
devgpt-ba2cfaeb7007e941,1
devgpt-4f9269a02f8ac4f8,4
devgpt-0ec3e8a4ca389b3b,0
devgpt-1031b82f364e97e4,2
devgpt-eeecf8735992a568,1
devgpt-21dfa04e641e0202,3
devgpt-42ce565cf40415ee,1
devgpt-b0c9149e45504272,2
devgpt-3ee698e189eae2a0,1
devgpt-cd2f290bf9383915,3
devgpt-5d9fbe04e11e2979,4
devgpt-62e7dcba85f3da36,1
devgpt-b75d4f8ca44e96ac,3
devgpt-38c3633e20604477,0
devgpt-78ecbb498abb7604,4
devgpt-2713681249647394,1
devgpt-83f5bf8922f07592,1
devgpt-94acc892798e2372,2
devgpt-a8f8928e9a5bf560,0
devgpt-79a7b45074227802,1
devgpt-a4ea93ddc86f2b9d,4
devgpt-1eb0f4071f694191,3
devgpt-66e704d27bb8d303,0
devgpt-de8a143ccaefd0b3,3
devgpt-d775042712b58ad1,1
devgpt-e49deba6e11dc959,4
devgpt-c23aa94c0caa7d0d,0
devgpt-31220ec5549b6d80,2
devgpt-79286ca9a29fd5aa,1
devgpt-825c6066e49a7479,2
devgpt-1e743507364e0bab,0
devgpt-2ce9b8c82ae6699e,4
devgpt-1f5244ca003a6fea,2
devgpt-66e2546aa00fe9ba,0
devgpt-ab6be842cfb6756d,3
devgpt-cde93fafbc7bc29b,3
devgpt-238f7e8010ac33cd,3
devgpt-16267b1dc8d4fdd5,0
devgpt-213ca002d6bdd718,1
devgpt-04dfd0f0f6355d6a,0
devgpt-88aab7c1c7a96ae6,1
devgpt-fee2cdba9bab6c6e,3
devgpt-284ef318c67aa95a,0
devgpt-67b21deca9bc2a2c,3
devgpt-b84865a8b24b28f1,4
devgpt-56ecfedd395a0be6,2
devgpt-b9e1755603bce519,1
devgpt-9950e9e395f36e20,1
devgpt-ad9bfe6fb1ba829d,3
devgpt-844f7c462cec0803,2
devgpt-cf1eebb46a14f621,0
devgpt-1439f59f22088e7b,4
devgpt-845cfb93bef244fa,0
devgpt-ffa2ff949f2141ef,3
devgpt-b9d865ae6a8af62e,3
devgpt-7ba0534584b13ee5,1
devgpt-00d46155849ebeb5,3
devgpt-8ca00987da2e8482,2
devgpt-d36f6ac02d34afc9,2
devgpt-fb809a0728446011,1
devgpt-41c54db46aab1c95,4
devgpt-10a350f8be524265,4
devgpt-e657109c63932e53,0
devgpt-5a47ef78dd0524a9,2
devgpt-df295d7d04d53a2b,2
devgpt-e5c5cc28ae4dcc3f,1
devgpt-cccf46fecbbfb396,0
devgpt-9098570d3723f621,3
devgpt-f1dfea68353abbb4,1
devgpt-c87ed07b18cd1b55,0
devgpt-0a6cf5ed93f06363,4
devgpt-2a254ff54a4418ca,2
devgpt-add76a3fedf53bb6,1
devgpt-056a2b127fe1a83e,0
devgpt-b4044549ac763c45,4
devgpt-31659860fb751bdc,3
devgpt-44fdce11c6a05ea4,0
devgpt-310b15e26e8ece13,1
devgpt-6fafaf71ea4ae611,1
devgpt-0321ba0f6ef9cca9,2
devgpt-0ba97e01d30eae99,3
devgpt-6a9a372a2a8668bb,3
devgpt-9238755fbaf07849,1
devgpt-41aef1a9250b8013,2
devgpt-ba5ba0ce54079093,0
devgpt-f3ae5f37e41d642f,3
devgpt-2818705a70d32e98,4
devgpt-614bd622201e607f,3
devgpt-69ede326efa8e715,2
devgpt-24a41d92404ffa23,2
devgpt-d5e9bc03ef447225,4
devgpt-45a53ac1c78328fb,1
devgpt-3ce15827875c43f3,4
devgpt-3e68bf6b1e2c49fd,2
devgpt-d90b94548eb893de,2
devgpt-3be8aa76908797ee,3
devgpt-e15d48070ce3085c,1
devgpt-5d1f2a9f225282d2,3
devgpt-3e5cb31f8e0a7b9f,2
devgpt-a18c4cf4046b91a6,4
devgpt-52f96eb3740e1a9c,4
devgpt-4171277259c679b9,0
devgpt-cdc963729f4120a2,0
devgpt-17f91257d795767a,2
devgpt-9949467e8c416e70,1
devgpt-4f9f004e31ea190e,0
devgpt-594afa8bea544bb8,2
devgpt-f7eaddaab2dfbef7,2
devgpt-587039422d5e4b22,2
devgpt-3edef31f9ee58ecc,3
devgpt-390974d88d6ba9e0,3
devgpt-0bd1e904e5a65e5b,0
devgpt-fd08a2315dc9fa98,0
devgpt-4567e17d71c2fa99,0
devgpt-131784fc01a7c35f,0
devgpt-e6a7871bcea9ea06,1
devgpt-01c295d31261f022,0
devgpt-7c87c57aeec229f1,3
devgpt-e7634db77c6917c3,0
devgpt-1c0fd45466d39c52,4
devgpt-fa29eb5296b46982,1
devgpt-a16dcbda4d5a9383,2
devgpt-05708a0dc95fd3a0,4
devgpt-c8a6c5dda134769a,2
devgpt-df2f1bc3a9f91148,3
devgpt-d5e695894ecbc9ce,3
devgpt-cc9e020f4b4f7b3c,0
devgpt-3bec32775eb6501a,1
devgpt-0904c7caf779602a,3
devgpt-39ee9681b9b71de5,0
devgpt-d959ded02f1c4672,0
devgpt-f515bb8a812cc3fe,1
devgpt-2aeb23d98f24c308,2
devgpt-dec17382c5e9c926,1
devgpt-a61d2412ee1a5c5e,1
devgpt-ca24e38fd1bdbd54,4
devgpt-4cc22bc1e816eea1,4
devgpt-e5cc0ac1d63811b8,3
devgpt-b05c303d93309cb4,4
devgpt-ff767e3d0caabe57,0
devgpt-d4ed4893ed6ab9ce,3
devgpt-aaacd7652d3a2623,4
devgpt-c546cf79fe12a48c,0
devgpt-66f86a52778e2340,2
devgpt-abd82c8dc46b6184,2
devgpt-7ce8b35034b50682,3
devgpt-61b8be67328f1e50,4
devgpt-a975672e08ba49ef,4
devgpt-147b6515394b98bb,2
devgpt-7c217b617eb41b03,1
devgpt-158dc857809a9bfb,4
devgpt-96d02d540a17491f,2
devgpt-b26a4db0ecd0f763,2
devgpt-4bb2bf0c21410dce,2
devgpt-7bcf927e71d3854d,3
devgpt-c748c6e7c8a981bd,4
devgpt-1aea9338e7cd3b29,1
devgpt-09e53db549074c98,2
devgpt-88f98be2ba2a05a6,2
devgpt-ac6170a34e09cc02,3
devgpt-7114a5ee168f536a,2
devgpt-3609e5a30670ca2d,3
devgpt-7b425d6629bf09fd,1
devgpt-e5eaf788e667822b,4
devgpt-6be9edb6ca5ba797,1
devgpt-079d08ffe04b4786,1
devgpt-7e9cd2d5ddbb88e6,1
devgpt-f235277401dafb93,0
devgpt-73a194bdb619fa50,1
devgpt-75e497bdd4d7a28d,2
devgpt-2cc1c5e7d2f7e0aa,2
devgpt-bf8e7ea1a48d0c6f,2
devgpt-7b369143f064ff39,4
devgpt-486b6c8bf515c208,1
devgpt-5cbf0d80e5cbf2d5,0
devgpt-2526cd569f83f969,1
devgpt-aae4048c893534f7,1
devgpt-568dafc924c8ab3f,1
devgpt-760430ebb72eefdd,1
devgpt-af5285483e21e78c,3
devgpt-a5ca7b0bd0cdad06,1
devgpt-b37bd0dfc0b82576,0
devgpt-6f97c21247132f59,1
devgpt-213b4f087be10d1f,2
devgpt-e6902c72f44e67b7,4
devgpt-ee3e287da4b87607,3
devgpt-775e375ed575090d,3
devgpt-009692752f33392d,2
devgpt-2cd561a8108514e1,4
devgpt-656494ed9eba0685,1
devgpt-802e4fee4691f06c,1
devgpt-765c65906b0e55df,2
devgpt-3593585d585067d4,1
devgpt-64b9d5a407c49c70,3
devgpt-bf11f21f9fba39f4,3
devgpt-e42eb1dd726be40b,0
devgpt-846012c33969008a,0
devgpt-d5ffa559a5fbcfc4,4
devgpt-14d4f19bc03e2e16,1
devgpt-a25962ff4ec146ee,1
devgpt-e7229bfd8e463a01,2
devgpt-f64700c60456bfa7,4
devgpt-e70c608887eeaf4a,4
devgpt-d1c86cbd93a23529,3
devgpt-fda85f4ca9eca717,3
devgpt-13ce13a6d7f9124d,4
devgpt-ef76fb29aea28a30,3
devgpt-2c9b9efdcd2f9ad2,3
devgpt-bc78b9c33ded116f,4
devgpt-0a7bdbe102899bfb,0
devgpt-62089f3f220c51c5,1
devgpt-3927b10e7ff57a9d,2
devgpt-cfaa88e4d23cf810,3
devgpt-d010f702127e4f35,2
devgpt-1f7da3277d3453fa,4
devgpt-17695b270c3d1c17,2
devgpt-db8c6401a06bb613,1
devgpt-bfb957edd30891f8,1
devgpt-dfdc4af17a3ed55f,1
devgpt-b2218dd9417c626c,4
devgpt-7867f43069317232,4
devgpt-9baded180b8703c6,4
devgpt-370e72f84e8e6dba,3
devgpt-0241402195a11542,0
devgpt-f46f9a1527508b59,0
devgpt-03cf324c2a707561,4
devgpt-0b5c68300b89f50d,3
devgpt-9bf1fe4d32945f9f,4
devgpt-b37f5c11282d5144,0
devgpt-c182340cd668dd95,0
devgpt-09a4a08e654eab84,2
devgpt-62eed0bd6cb0378f,3
devgpt-b140d4f000640da6,0
devgpt-61eb6c31b9192209,3
devgpt-551ca0c954199493,3
devgpt-ae1c20db621d19ac,2
devgpt-805e08120f361775,0
devgpt-78404477a959f764,2
devgpt-4136c0eed6626228,4
devgpt-a40ae5266717b665,4
devgpt-fc06eb16ea0d3619,2
devgpt-413668c8347a564d,1
devgpt-d0d5439052924c14,1
devgpt-b3e6e197da9abeac,4
devgpt-a62e461162223ed4,0
devgpt-a3db89346439f106,4
devgpt-2d4d9dea47152071,3
devgpt-a7ae65b5ce8b3813,4
devgpt-fd359eba752b7c42,2
devgpt-1f86d72e9f603f60,0
devgpt-69543cf1dd8d0285,0
devgpt-3daa29877c5404b8,4
devgpt-cab83e3ec6d988a2,3
devgpt-69c61c5be71a0ea4,3
devgpt-c8d3e5815355cfe4,4
devgpt-89aa66b05825cec5,1
devgpt-cc7eb7aa43d402ff,4
devgpt-e24d5a249f6c43f2,4
devgpt-06423076c696ac7c,4
devgpt-aef1b85e84aeea31,3
devgpt-05049299f8c3f6d0,2
devgpt-8e4515a84d7136bc,1
devgpt-a1f0d7cb3bda6da6,3
devgpt-5ccd683131f8c0d2,4
devgpt-007637d68ad6a7e6,1
devgpt-2182a06092d6f124,0
devgpt-30d2a12f66c66b54,1
devgpt-7cf4381f40564747,1
devgpt-680a3e10feddd463,0
devgpt-84f0992abe99bb12,1
devgpt-e8164d2ea41cc8f0,2
devgpt-0c453c77781c9235,2
devgpt-f7797b988251a978,1
devgpt-573ab5fff12a8b87,3
devgpt-e3c1b6f48c6c652d,2
devgpt-b8b857c3a3cea6eb,2
devgpt-cb865aaa33ec04ff,4
devgpt-c0fefc9dfae011f0,4
devgpt-ed8114f3d522f49a,2
devgpt-68f2c986da4edca2,0
devgpt-9bdf55bbabe45466,2
devgpt-50243a58649fed81,3
devgpt-c76b117e47a46796,4
devgpt-077d1248a49781f7,2
devgpt-2c7ae17c10a2361c,4
devgpt-ae866a0aafba25df,4
devgpt-a9d22ea14899a9a2,1
devgpt-32791c1b168241fb,0
devgpt-77733097d6653436,2
devgpt-ee38ecbea585d941,2
devgpt-b188f7d61dfb4b38,4
devgpt-fd9391559ac25624,0
devgpt-884480f4157fe09f,2
devgpt-bda6d9b5e1d8ee42,2
devgpt-0630ce4e6464c4f0,1
devgpt-21f734b337b8715b,2
devgpt-f4bd682f45aa45a0,3
devgpt-c2312d91e14a4282,0
devgpt-c036c2674830edb7,1
devgpt-fc81254d4c0323b7,0
devgpt-26dd58f3aa1a7081,0
devgpt-9cf78f7c626cdace,3
devgpt-69e3d071ab2ad1b6,0
devgpt-8b73edccb46cfbd8,4
devgpt-8f914ea646a96643,2
devgpt-79adf6013066dbf0,1
devgpt-10f49f965a3983b2,4
devgpt-931f9e5b7448bd4a,4
devgpt-48c34b031a9acae7,2
devgpt-cabfff9b294b8c00,4
devgpt-c63fa74c2b9657d2,1
devgpt-469d0064927449cb,2
devgpt-434b26345d1bc30a,4
devgpt-611685dfbcd2afc7,4
devgpt-1dd6de09f000f316,3
devgpt-8dbe71896700dd51,1
devgpt-58a92243538eeb0a,2
devgpt-bd1d40717e78ce39,1
devgpt-4d430c45e70e777d,0
devgpt-1684f31a0775c8eb,2
devgpt-6268b0c7a4d519b1,1
devgpt-9864fdb81e0328d7,0
devgpt-4ba71f669cff60c0,3
devgpt-2f9392aa4d9df164,1
devgpt-0800c9759aa21a4f,3
devgpt-4a2394c1b8bfcaf3,0
devgpt-e924d3d07838ed8a,3
devgpt-eb925e760f33db5f,0
devgpt-9340492d5b3c8bd3,4
devgpt-636b1f716e659ec4,2
devgpt-376c8af3c04513af,0
devgpt-04fb0f827594829f,0
devgpt-cb646288fdb14b65,0
devgpt-3a9514650f982107,2
devgpt-a4ce89da8d779ff4,1
devgpt-c1f1510c20198bfa,4
devgpt-31f07389fa2cb103,4
devgpt-0f1d9e177d914ba4,1
devgpt-bae1513247c50786,1
devgpt-b748fc6124170585,3
devgpt-46b3fdd26d31c677,4
devgpt-4406fe5b220e3354,2
devgpt-e1bd96553c92a51d,4
devgpt-979a5add2443018e,2
devgpt-a273cbe245972174,2
devgpt-cdfc928e79f87dc4,0
devgpt-6bc0f1c0f764c9b1,0
devgpt-baa416cf5f2253d0,3
devgpt-438c606e7fbe30da,3
devgpt-616f225b6fd02b46,0
devgpt-cf8b921d73aa253f,3
devgpt-261f9d2321d70899,0
devgpt-7e8c7418ae90fb7a,3
devgpt-5234ce52bc487d38,4
devgpt-7fcee12a8a35847f,3
devgpt-3c6ae701cba632e0,3
devgpt-d9ca4f85c0487ae8,4
devgpt-e517d39a746d612a,2
devgpt-77ff544fa2e732c6,0
devgpt-d3ea2615449b8a76,3
devgpt-928ea98a086a29be,2
devgpt-0eb813cde71a7738,1
devgpt-8e75a70480e8b06d,3
devgpt-8b417b6d508b3af3,1
devgpt-e4e38df381777b52,2
devgpt-efbb8312899de656,0
devgpt-cba6497a04c586bd,0
devgpt-ff6732a1e34d0f2f,2
devgpt-ea2da718b8256d16,1
devgpt-2e1fc0f50f63c1ff,4
devgpt-f6d4e436d25b0356,3
devgpt-0dbfd8c5be240d6f,4
devgpt-7239764926d6fc17,1
devgpt-bbf78316068a9678,0
devgpt-c445e899a44676e5,2
devgpt-a5a7c2c1aabd2eb0,1
devgpt-2b28b44b94ef0012,0
devgpt-f3dc6114a3d91513,0
devgpt-d4cb72a29a2c3c78,3
devgpt-30e0b7ebe0e21777,0
devgpt-23b75cdc99fa6f0b,2
devgpt-c1522db0be5ad183,4
devgpt-19fa8b9334c8e6c4,0
devgpt-b6271fef31ee6150,0
devgpt-f39bf9045cb4fdc2,0
devgpt-f921f4ed6b3eea10,4
devgpt-1d25839741558a81,2
devgpt-a117800b76149769,2
devgpt-461d3ac11e7dc774,4
devgpt-708afb0cbdd05fbe,0
devgpt-694ae742d70b8d67,3
devgpt-1d61c3bf33e8e009,1
devgpt-4741ddd394ea63e1,2
devgpt-1d658fd270e204d1,4
devgpt-035f171538d8b59a,1
devgpt-7646485b0ec62095,2
devgpt-ed25deccd648878a,0
devgpt-ccf9e983344a8c68,1
devgpt-54d477f7142a239e,4
devgpt-1b6490e1dd8ca17e,3
devgpt-ef3218bc6edca638,2
devgpt-018e76bf66e34576,0
devgpt-fd65d3ec8775df49,0
devgpt-99d5d85abec0ef50,1
devgpt-4ad53258babd8a70,2
devgpt-dfbacd688422646c,0
devgpt-5907328342056065,0
devgpt-ff4a459182ddc657,2
devgpt-81f19fb6cbf10990,4
devgpt-211ffdae2afff061,0
devgpt-24ab090a730ef5bf,3
devgpt-30d9bc2445c3358a,2
devgpt-31c44409171fd7d5,1
devgpt-2ddcc1b764b07373,2
devgpt-399c395d9b45a93f,4
devgpt-a9ca4c4f8e4cdc61,3
devgpt-f7d38429a0c4030e,4
devgpt-2101ba8704468e2e,0
devgpt-ee7ec1d2fd37a5e9,1
devgpt-9dc320e41f33db3d,4
devgpt-dfa65a16966179a3,4
devgpt-d2930b843bd02c02,1
devgpt-309188e8f7e50191,0
devgpt-bae6327fa29684fa,3
devgpt-f04168d511ceddc9,4
devgpt-1957ed2a330a5c91,2
devgpt-ee55c3f3ecf45d02,3
devgpt-c77957960cf55d00,0
devgpt-e030f00760da8136,3
devgpt-591b416f866bf261,4
devgpt-1804907dd6e3bd4e,3
devgpt-fd141b7705713b28,2
devgpt-1dbf576c46dfee09,0
devgpt-768f685c160ea14c,0
devgpt-72411d10aea8ea2b,4
devgpt-a9829fa438c36981,1
devgpt-27da843550d73375,2
devgpt-115b7fb505287659,2
devgpt-8cc72de8ab7abdbf,4
devgpt-bf7ced7c4c96042c,2
devgpt-417df312bbbd87b2,4
devgpt-5fa0d9ea159b7891,4
devgpt-659f8d8ef5e9353f,0
devgpt-16e0d2cb2f004866,4
devgpt-0742e33cb3a69e06,3
devgpt-1ca1da01334745e3,2
devgpt-078dc3057be98c9e,0
devgpt-18c1ee6ddb5781be,2
devgpt-6fa804bd23c36235,0
devgpt-3da7cce259b20c30,0
devgpt-012a7f4e1e5b61a6,1
devgpt-bd28a77e9ab0a722,0
devgpt-ccf36a20d2cc4184,3
devgpt-77ca6dced3c2e93a,2
devgpt-723cd0a32e3a9800,3
devgpt-75d8abb478d1c47b,2
devgpt-7174ca8c7a6f3f48,2
devgpt-6b660e832c09b529,1
devgpt-0f13d42b50267938,4
devgpt-8aad79ee05c6a32d,0
devgpt-5d2088c62f1a3231,2
devgpt-f28522b5d30d9fc8,2
devgpt-2dc7ada67b753f9a,0
devgpt-c289339e93b68522,3
devgpt-e4a918e7c8bab51c,2
devgpt-77740cb1c4ae9bc6,1
devgpt-77264f73077fb22a,2
devgpt-f5455045720b8499,4
devgpt-1fb40b7eab535657,4
devgpt-9b95b0af3e62d957,4
devgpt-e2fa323d000fa1f1,2
devgpt-9178e2c0bf9aab15,0
devgpt-787fc0bc46385e6d,2
devgpt-500e0146718d304c,4
devgpt-99bd55c217f9c8dc,0
devgpt-37da8033113bd1d9,4
devgpt-3f4433f94e013e1f,4
devgpt-44a180ce2be5d0ac,3
devgpt-a5048fc1f3682525,2
devgpt-6166ad7bf4f2c6cd,2
devgpt-46eb2d1cab43525c,3
devgpt-fde24ab99dab85a1,4
devgpt-d19dc7937f34b454,3
devgpt-4393d72b0a074307,1
devgpt-ffd7eb01db6cef9f,4
devgpt-7fe60d51489f81b0,4
devgpt-decd9e6a9ca5c323,1
devgpt-aa705302e61932e7,0
devgpt-4b31664e0ec8cce7,4
devgpt-13179731ac21d4f1,3
devgpt-9a91466f51cf7198,1
devgpt-116144bce8d19dd8,4
devgpt-acd2dabf2d3f68b0,3
devgpt-33e330e4ba58b98f,4
devgpt-77763a790968e7f0,3
devgpt-b73677ccab068c52,4
devgpt-c350cdadb7505843,0
devgpt-7938ca0b87be9d10,3
devgpt-42f6f9448c3c04c5,3
devgpt-774f8856559bd4ee,0
devgpt-dce38ecb1af624c7,0
devgpt-2b2534cab46526ea,4
devgpt-e6eef8e0331ba43b,0
devgpt-90a2d0ebd9925355,1
devgpt-9a8256358be93f94,0
devgpt-e691c4209c95eaa9,0
devgpt-3377fe76d8486fb4,3
devgpt-f9f262970ce6da56,1
devgpt-eeb8c40ce781dba3,2
devgpt-6a38f4fd211135be,1
devgpt-333d831bb5d6e4c5,1
devgpt-8a61364b6cdd801e,0
devgpt-a4a54b33fb7f5252,3
devgpt-f2086fb7f6d4b902,0
devgpt-df86903ac41bcd58,4
devgpt-e4affd55db12fb2e,0
devgpt-d8c7972eda9065cc,2
devgpt-29b04c3f2ccba35e,4
devgpt-f57b5c5c3d21f00b,3
devgpt-b46aa5cfb4fd4823,3
devgpt-9e6279ccb3f1516a,3
devgpt-d8b54c8403bf7bfd,2
devgpt-39af0b31f9da7358,3
devgpt-81358856e0358806,3
devgpt-3d3696bbc6983376,3
devgpt-b8fdec8491d59a00,3
devgpt-3bafd4dead797395,2
devgpt-e8f2441e419e4aef,0
devgpt-44594020adcb3948,1
devgpt-f7ad46373102feda,3
devgpt-9954e658d068d5a6,0
devgpt-e2a4b895cfd22635,4
devgpt-017eb54e1124c231,1
devgpt-e32f27d9057152f8,4
devgpt-41654dcf857d3671,2
devgpt-eb2ec4cdff573249,3
devgpt-c73127f7b2348e61,2
devgpt-7078e881d9d11765,1
devgpt-775751e88a8b2c2e,0
devgpt-66a7e1efac423bf9,3
devgpt-f752d73fb9d1e3b0,2
devgpt-e0070ab4d253d0f8,1
devgpt-b46edd09fd34495b,0
devgpt-faa258c0cc8d5ba2,3
devgpt-4cf4ee3aff869e49,2
devgpt-3e42a31515008ea1,2
devgpt-c0b05f184057a10c,2
devgpt-8ee708ecc634784c,3
devgpt-f6f42f49ef6ddf24,3
devgpt-d3c9415814dc1c25,0
devgpt-9334ccba06cae812,3
devgpt-a8a71a532372ef19,0
devgpt-d29ae3cc6984afed,3
devgpt-334930d3565d7e9c,4
devgpt-e484e9933340b83c,4
devgpt-9277b3dadfd38727,1
devgpt-8976b4fca4cf1001,0
devgpt-dd0f3269672cef44,1
devgpt-347c7b6b9fbed4a5,0
devgpt-d17949d67d24cbf1,1
devgpt-04cabfc157197fa6,3
devgpt-1403b799dda73088,0
devgpt-3d7a8b14c88a6054,1
devgpt-821c2b2db6a460e3,0
devgpt-e3d2d6959c93d309,2
devgpt-f0b8db3b379a0081,4
devgpt-6c6ae50b536b32c4,1
devgpt-46dff9b511a350ec,1
devgpt-5f7b5d17903dcc6d,4
devgpt-7256aeb91a77563e,2
devgpt-104b2c3d5356488e,2
devgpt-857e9d1ef4cf944f,1
devgpt-7b3126b9df5fb258,4
devgpt-6d5ad1994a866d6b,2
devgpt-680faee92c142bc5,1
devgpt-1906ff078d489d9c,0
devgpt-2de363d1f0aecd77,2
devgpt-bbd9d73bd713b01d,1
devgpt-f6bf72527c5d6557,2
devgpt-a641adfb7adbc44b,4
devgpt-73c750a22e5e1ba1,0
devgpt-d70066b4aa17654d,4
devgpt-093273897d973b51,1
devgpt-592e780776ac012f,2
devgpt-e4f59cbf1f246e87,2
devgpt-77c96c157ed5d346,0
devgpt-ab6f90de6180366d,0
devgpt-772973595b7c6d2a,0
devgpt-1e67ceb856855fb1,1
devgpt-06b0f8de27de6cfb,2
devgpt-5202b851500db4ce,2
devgpt-29fe49f87ef2c12f,1
devgpt-040aa5f8772e6f20,0
devgpt-25d74df661fb3124,0
devgpt-df92958acbe7bac2,4
devgpt-f9bfdc1b1ce3b584,3
devgpt-26bbfc4eaa9bc4f8,3
devgpt-57083e8298856bfb,0
devgpt-c49c258669ba5c6d,4
devgpt-0116e870587d71ba,0
devgpt-cdc6040239dcb8da,4
devgpt-cac535778a736444,2
devgpt-efb1a6881b9c417e,2
devgpt-eec34bb4d32d11f3,4
devgpt-f314787ae0b48b41,1
devgpt-1ff9f35ca4580ad7,4
devgpt-b4cc3a530e5e2182,1
devgpt-7c1d881642e50a97,3
devgpt-3d62c06dfad8a4cd,4
devgpt-34250f0cb0afe1cb,0
devgpt-8f3eadd2c5d80ba8,2
devgpt-14ea1b4774a4d1d3,0
devgpt-50e2a7c28e39197f,0
devgpt-39a7c5aa07bac5db,1
devgpt-096d6c4a817a8cf6,2
devgpt-ea3b88661d969daf,3
devgpt-1e4a4ece2cd30082,4
devgpt-3015a435807c4182,1
devgpt-ee04eae252478804,2
devgpt-341320f7a63e8409,4
devgpt-268e3089e26501bc,1
devgpt-39aa76f279d03512,1
devgpt-0d979daa4ca040ab,3
devgpt-dfcff045b9e28de1,0
devgpt-2b8fde51ae3c5c1d,3
devgpt-d10fc20c44a3d140,2
devgpt-cf30bfe129a1981b,4
devgpt-09aeb5e70833e065,2
devgpt-7c56885e320e2f18,1
devgpt-a47204f49fce8791,1
devgpt-69f3b69ba0061f0a,2
devgpt-fcca901e485d9d2e,3
devgpt-ad044e919e02747d,2
devgpt-371017a486336552,1
devgpt-c2c5ebfcee759650,1
devgpt-e929d60bdc466bd8,3
devgpt-093d0927640dd066,1
devgpt-6c8231f0d06a1d86,4
devgpt-99a5e079a16f24fb,4
devgpt-622ed6eef977ce35,3
devgpt-2d42f5c36d529891,0
devgpt-51cbf91168b86233,3
devgpt-d986e7507ab25846,2
devgpt-bb880473642f1101,3
devgpt-b8da7d0f5e8c54bc,2
devgpt-00ba1b7ce56c2544,4
devgpt-cfd0af41fde52f0c,1
devgpt-b6ba69647e9880c3,3
devgpt-6526072f4144aae4,4
devgpt-415dd7b664db195b,2
devgpt-519f18e9d801429c,2
devgpt-1bed77c962b916c4,0
devgpt-9f290858d3c645dc,3
devgpt-3b48cb115f316008,4
devgpt-dfb3ac8d13d02346,2
devgpt-f792dbd4438ed4c4,3
devgpt-9de434e667141060,1
devgpt-4e88788f6044cae6,2
devgpt-35108c58c4eb3b16,2
devgpt-413286d7666c4599,3
devgpt-3defc205ed8e66a7,0
devgpt-b80a3693a316d8ee,4
devgpt-1e604523b0c91dbb,2
devgpt-afb792f715b77c7b,3
devgpt-cf588d8576a72b98,4
devgpt-50b91a42e819b12a,1
devgpt-042b75fa10052a86,1
devgpt-88cc59c2fd222d28,1
devgpt-b14fb8a1426b8e32,2
devgpt-d0d739c21f01e390,2
devgpt-a74960d47c76a786,0
devgpt-c0d08382700382e0,2
devgpt-bfb7dfb3ab4eaa80,2
devgpt-695e4e49ff4dffda,1
devgpt-4b7e8111073b5aed,1
devgpt-bbe42bf5edc60b72,2
devgpt-3e1f772fb58df13b,1
devgpt-eeb1bd81cd05a82f,1
devgpt-6287dcfee8a80f46,3
devgpt-a4d0e6912969ff98,1
devgpt-4783532c1c709caa,2
devgpt-646593afaac29618,3
devgpt-846034d2f445c8eb,0
devgpt-9b9e6ddbd33ff0dd,4
devgpt-bd2cabd8881eeba1,0
devgpt-b4d2251c010c0dd8,0
devgpt-e94a27d9aa68cc52,4
devgpt-08f207e5726cf416,3
devgpt-9e822adfdfebd0ef,1
devgpt-349eafa43c78142c,4
devgpt-ee3c85aafe851b12,2
devgpt-979a91d05e0c10f9,0
devgpt-b1402eabf3698b29,3
devgpt-9c685067e437a2a0,4
devgpt-ed14d42790a91e70,3
devgpt-25773f2bd2ac9b8d,2
devgpt-a3353db133b5d5bd,1
devgpt-88ff3422c7449027,4
devgpt-4fa5ea4050e0693b,2
devgpt-d68c3cf489a8f0e8,2
devgpt-74f42d7434d4ce2c,1
devgpt-fd0068552b070cf8,3
devgpt-3de3c2f5745465b4,3
devgpt-70078e0723bf69e8,2
devgpt-47142fe67d4d7852,1
devgpt-4e215bdf408a84f2,4
devgpt-91bdcf5287e90332,4
devgpt-6b281846317824d8,3
devgpt-4b6adc04c010b38d,1
devgpt-5ffd80ede0c6c18a,4
devgpt-ebb1449381b67824,3
devgpt-448a4133b866fca4,1
devgpt-bf4cb4391a6d7d88,1
devgpt-87dc8997f66b7c96,3
devgpt-1a1121ee99c2cfa9,1
devgpt-8388900fb39f78de,4
devgpt-ed77a90a941b90b8,1
devgpt-80d799c1578aa8fd,4
devgpt-e4cecda38cd806a1,2
devgpt-a2869cf9099c9b8e,3
devgpt-87f06a56558627ce,2
devgpt-b15e0c107d3f274a,2
devgpt-638e8796878cb6ab,2
devgpt-058d552237438f15,3
devgpt-eee8b317c317eac5,2
devgpt-c277da774d1b146f,4
devgpt-45141bbaa27306ef,3
devgpt-2a97defe144e6a79,2
devgpt-79867ec0d6d3d6bb,4
devgpt-a5b5eb82b4f474a5,2
devgpt-3b0aaa703b42465f,0
devgpt-a9e434aa682e7aa9,1
devgpt-955a11220036b1e3,1
devgpt-734cd15d34293c80,4
devgpt-c15857d021c475ed,4
devgpt-13d038b6c83ce485,3
devgpt-4838ba5ff2a37d8c,4
devgpt-f4b9c4768ae94185,0
devgpt-4012f8a668079c7d,2
devgpt-120be622b516643c,4
devgpt-be65f12e568c9825,0
devgpt-2ac26340e85d7760,4
devgpt-945fd12b246f5701,3
devgpt-314c965093e03361,2
devgpt-37646e0e088de303,0
devgpt-b7db8de97d20076c,4
devgpt-de7f8eb1292d5df6,1
devgpt-a9d6bb992ecc8ec4,4
devgpt-36aed42dff8f8459,2
devgpt-28097da0bf05d0f4,4
devgpt-46b2f0d80a6c3c02,0
devgpt-68e4a506c04b6466,3
devgpt-22522c6bbbcf855c,2
devgpt-479d24aeac6e73a1,0
devgpt-c6b137d3ec0d7c89,1
devgpt-ae0856a478e88605,3
devgpt-e67bedf3449b7796,0
devgpt-71dc47a965c130be,2
devgpt-054673f6e7bb4a9e,2
devgpt-2181b1a385b6e369,0
devgpt-f4b5a43d0ac798a8,1
devgpt-27ddffe6e968a9d2,2
devgpt-f789c1b3e3b8bdd4,0
devgpt-e52da42360e9c7ba,2
devgpt-99427a1ae5b8a9a3,2
devgpt-ba2f2b9d3f40638b,0
devgpt-5d6753afe4652c81,0
devgpt-9201febd5c5dae0e,3
devgpt-79cb235bcde25fdb,2
devgpt-d42db2f5a3febfe7,1
devgpt-24db854e49a79513,4
devgpt-09a19664187247e4,0
devgpt-94eeb173b946edfe,2
devgpt-f4b2ce07fb89318f,3
devgpt-de9786b6eadd77a4,4
devgpt-4f3ad144531e6eab,1
devgpt-71a830ed95478704,4
devgpt-38d57d45a62063fc,3
devgpt-b8dc875845ef24ca,1
devgpt-f5c74745dbe0a4ed,0
devgpt-a5b9b6d970761bd7,1
devgpt-ec18a177383c8c38,0
devgpt-ba767d22535f0267,0
devgpt-55bfd7f3ab6ab73e,0
devgpt-f6689d50d58dfdaa,0
devgpt-94b8205f089dab4e,4
devgpt-22d5a1deeb8e83de,3
devgpt-401d50823740d7db,2
devgpt-57f57e17467a3647,1
devgpt-c2d53197adef6891,4
devgpt-93502d971395f30c,3
devgpt-6b1dcdb66640e32e,3
devgpt-4052cbb0e8c35620,3
devgpt-b02b50e9d37deacb,3
devgpt-7411f8ac370a16e0,0
devgpt-c90417b338c2714d,4
devgpt-08a6a176f696d9ba,2
devgpt-1a862f1b0645fd95,4
devgpt-96700c73315803ac,1
devgpt-46527b2f1d945689,0
devgpt-32766fac01a7db01,2
devgpt-67a51ef59dd52a56,1
devgpt-286d01da0afa3fd6,3
devgpt-ced3c677088de7b7,1
devgpt-2d712d2784b4ae3a,2
devgpt-a0533fff575282e9,2
devgpt-407504eef5d1ff13,3
devgpt-fc78b4e8f9a9e855,2
devgpt-3cf5a7154d95e6c4,4
devgpt-3759f8e566f3b866,2
devgpt-425752a41555fc32,2
devgpt-e68a9cfb01561892,4
devgpt-b2fa4fc71ba5c9d3,4
devgpt-ba4f8c8f8fde0950,1
devgpt-9fc0a2a0948c9071,2
devgpt-0bc8a853e24c1b94,4
devgpt-e5f96caa997b50ff,1
devgpt-1b848502c4a0e961,2
devgpt-195f61a3c9ea5938,1
devgpt-e5d07e8beb390793,3
devgpt-84a3cc0acdcd3880,2
devgpt-341056ee86e9c421,2
devgpt-cea85aa227609da3,1
devgpt-2811b64d10d6fdf5,4
devgpt-c32f273ea9f30ef8,4
devgpt-6fdd12402761b053,2
devgpt-679680c1a1293287,3
devgpt-2ff030c1bce45494,3
devgpt-b0544cc698767c64,1
devgpt-efbc82763b9c5601,3
devgpt-f04003cf815150c0,0
devgpt-337d212c4baa60bb,3
devgpt-42f216ea843a964d,4
devgpt-ac83d410e0a7906f,4
devgpt-c4d2c964ce366a3b,4
devgpt-6f1005582c37b64f,1
devgpt-6e88c5b60944f7d0,4
devgpt-84652ed03668936a,2
devgpt-20a243c0bfd522c9,2
devgpt-6d3a15b40be50b2c,3
devgpt-a8f3c8ad1f3b9579,3
devgpt-4f7c339baa33e293,1
devgpt-cdb2408c51b404ee,0
devgpt-53570fec89d02fcb,1
devgpt-06c45c146db5a21d,2
devgpt-579de1d66de0340c,4
devgpt-0cba1d9a42ca8987,1
devgpt-0a70701b5e05328a,2
devgpt-bda57c4851c78bf2,4
devgpt-ef3d70f3f38bdfd2,1
devgpt-664173c844cb965f,2
devgpt-a2f2e7317a6b6e93,4
devgpt-1041b82071d21760,4
devgpt-47496edc4110b924,0
devgpt-26f4d242171302e2,2
devgpt-f15cf72630cd7d81,4
devgpt-6b2b129fbbface0e,0
devgpt-8dd28ff8d0870e61,3
devgpt-fb1e0336f6ebc42b,0
devgpt-63fefa261225e292,0
devgpt-8115fbddb7d7034d,2
devgpt-55bfe445663599eb,2
devgpt-bbeaaf05d71e5663,3
devgpt-82d71237263722ec,1
devgpt-f06a7fe82e185228,0
devgpt-1d79276934f76059,4
devgpt-00c9d55803b87550,2
devgpt-22f5f5254c7ae1dc,1
devgpt-7785bf9de88409ea,2
devgpt-74a7a65905ab2664,4
devgpt-874ab31fa29c2dcb,1
devgpt-0a3e5698dbe5c224,0
devgpt-c28c3b4b51339988,3
devgpt-12b366007d76747f,0
devgpt-9d64b716819791d5,0
devgpt-ab81447e9ba2382b,1
devgpt-d059cc2057644cb3,3
devgpt-34ccd128ce73ac2d,4
devgpt-ef688ade9f51f3ba,0
devgpt-24d5dbabaaa4bb90,3
devgpt-06fed44927c3ad11,4
devgpt-4a7c5951b21785e5,2
devgpt-0065ef434029840b,2
devgpt-bd3dc66d03c184fb,4
devgpt-246e98d484926744,1
devgpt-e31f99a774b45227,3
devgpt-13580ecae44752a0,2
devgpt-5a77b026371992f9,3
devgpt-93aca5e1d9a6c083,4
devgpt-2076db1e6e3f3617,4
devgpt-c77d685d6bc049aa,1
devgpt-9c7031a5159c453d,3
devgpt-4695572f29675be9,1
devgpt-720ced85d615f213,1
devgpt-864ebceab0b1f3b4,4
devgpt-18c08ab13c738cd5,4
devgpt-cd2dd6b124a2c0f8,4
devgpt-89d45d66300123fc,0
devgpt-c57e4e4806f83aaf,2
devgpt-2177f146718d7748,4
devgpt-c11b8dfe61632689,4
devgpt-0766f66867039c46,2
devgpt-f575acdf3bcfee37,3
devgpt-32b7a27e9ae2e011,1
devgpt-2d64a3e9ecca0eba,4
devgpt-926df8d59b7a078f,2
devgpt-f723abc40f031fc9,0
devgpt-c9833a1eeb412c1c,4
devgpt-dd0548b0b8654772,4
devgpt-187ec1bc1436ff4c,3
devgpt-5a19d75dc3b4001b,2
devgpt-f3112b58ade48383,2
devgpt-1b1d8152c5bd45a3,3
devgpt-cec370a08b396ea5,2
devgpt-1c7db644763e9509,1
devgpt-5d78ce7f491d5b2e,3
devgpt-aaedf19b1cd3e9bc,2
devgpt-b8758d4e6869081b,2
devgpt-fa1e071b6c39b749,0
devgpt-e3c82412972ed75e,1
devgpt-a48f6671f8724f0c,1
devgpt-63fc8ce9f80b35ff,4
devgpt-2518e8721a6bf2f8,3
devgpt-79d1b6ca41df2743,3
devgpt-48d8c79e7060d383,0
devgpt-b44295cdc36dc16f,4
devgpt-eb7ea6af42090adf,1
devgpt-972bd93eac970d21,0
devgpt-769f83ff0535d2eb,1
devgpt-e3eee383d8faadde,3
devgpt-2dbe0257839bfd65,3
devgpt-996e9b62b25f49e2,4
devgpt-9811303d10aae714,2
devgpt-f2d64c67a4f8df98,0
devgpt-99a9fa6770982058,3
devgpt-ae9245e201e4f728,2
devgpt-594741e8aed6cd73,4
devgpt-92f67bfd0bcae866,4
devgpt-6f244e2f71951adf,3
devgpt-da9f2a98a4d6a4cb,2
devgpt-e06b3368e3e17772,0
devgpt-f705acd01ef4f52a,2
devgpt-9e051827c827e129,4
devgpt-9f1f0b3f949111ba,4
devgpt-7e3655fee494f13c,2
devgpt-8fc82fd3205fcc1f,0
devgpt-81d86871d6301a26,3
devgpt-23a884bc6ef48607,0
devgpt-d8fa0c0b33f813c4,1
devgpt-bef97ed5cd543cb3,0
devgpt-915b5478d582590b,1
devgpt-175c176e33c4fa33,0
devgpt-d02d201f463494fc,2
devgpt-b3e6573f912da7c9,4
devgpt-65be9ce82e4dd965,0
devgpt-9e4b942bacba4fbc,0
devgpt-83bb3f679e952557,0
devgpt-995d73fbf36d798a,4
devgpt-5818f6d344234042,2
devgpt-900c461aa1b4fca2,4
devgpt-d03912d74d82acb6,0
devgpt-39ac5b00abef400e,2
devgpt-db4b341d5f8ec10f,4
devgpt-5d9c86937bec14da,0
devgpt-c04f95e1da6cc515,0
devgpt-83529c57772e62e9,3
devgpt-92d0cdc0acb416bf,4
devgpt-a34ea423e46d5181,4
devgpt-f5fb874a0257664f,2
devgpt-c55b067bc424a051,4
devgpt-4066206901bcc1e0,4
devgpt-859183f5b2205116,0
devgpt-34e9c636cf34d640,3
devgpt-fb056d623b9428d1,3
devgpt-13765372fc95bda6,3
devgpt-98a64fb75289fcb3,0
devgpt-0fd9496718bfcbfe,0
devgpt-c37df167ecf20fd0,3
devgpt-f978f4e19c6cf778,4
devgpt-abc8c94b29afb367,4
devgpt-ff794b29f2982a10,0
devgpt-ed6a772d47392efc,2
devgpt-3568792fa0f87c6d,4
devgpt-b9e7f399fcae7b06,2
devgpt-e7316cbf680fece2,2
devgpt-9bf17c1f0a908ee7,1
devgpt-c71e374a49345ec4,4
devgpt-4ae9d108166483ee,3
devgpt-3a16fabaabccf4be,3
devgpt-b6fa000a28454ac7,3
devgpt-a71aebc5ef62e052,1
devgpt-16a74edf033d1c95,3
devgpt-5f236ba43614005c,0
devgpt-c3d5721b52770f45,2
devgpt-4e256e0794418a6e,0
devgpt-fd279bf391477723,2
devgpt-e81c5225ec5e5138,3
devgpt-0cd73d137175156a,2
devgpt-b16c753dd6afd07c,2
devgpt-afd908f7962a901b,3
devgpt-c0098166d7ababc3,0
devgpt-2cdc5c7f318b2837,1
devgpt-7605d5c907d21261,2
devgpt-e1bf5dcd89fd2dd6,4
devgpt-680dd3e022bb2822,3
devgpt-3eed351bb7cf04a0,4
devgpt-c3161c4b4e9d0a1f,0
devgpt-c828405af5c18a72,1
devgpt-816db6b9c660ce88,0
devgpt-3e62c611a11f5443,2
devgpt-cc9abe6d7c4b763e,0
devgpt-95c5d27bd14ae48d,2
devgpt-b9bbc56e8fdb25b4,3
devgpt-5da0e6ea02c01414,3
devgpt-ad1a162de0e2111b,1
devgpt-7e20816f939a2c92,3
devgpt-07c5e538555d8d0b,3
devgpt-399af4e129557bca,3
devgpt-6d8c0159c0c74eb0,2
devgpt-c1db6dd747356d66,4
devgpt-3307fb65e9f361c8,0
devgpt-4cbc822c89bfbb52,1
devgpt-f4b4e6367626fdd4,3
devgpt-90d705ac9390faf6,1
devgpt-6f4d14f40d20d8d2,0
devgpt-f545b5ec7c567edb,2
devgpt-e5167587518de70d,4
devgpt-d9bacb51cb9cc9de,4
devgpt-c894a3c639a0447c,3
devgpt-d5de1a1f3ff3749b,2
devgpt-57537545c843f336,0
devgpt-52b8e764e0b0643f,3
devgpt-15c3efce3040da5d,1
devgpt-4f7e5905ba8dd96e,1
devgpt-06d9b5ff1fc81be0,0
devgpt-7b4c6c93068146dd,2
devgpt-f2b37cd341556b37,1
devgpt-1624dbac602c96bf,2
devgpt-e923605b264a7923,4
devgpt-aa3148919e05047b,3
devgpt-90ce278307189a28,3
devgpt-655b3f98c27aa077,4
devgpt-ddc0c2e3243799ab,2
devgpt-1d207a05d9af954f,1
devgpt-3ad2141a2a53f532,4
devgpt-c970c9252e2036bf,0
devgpt-7c7c84c3b891b82b,4
devgpt-c1b8ab2b4d6bb5dd,1
devgpt-30ed432df40a22a9,1
devgpt-35c0316d0c232aa6,2
devgpt-34b29dafc458c218,0
devgpt-5908d4fff50f15ae,1
devgpt-11d78ce3c4be3832,2
devgpt-44a31a42ba22406f,3
devgpt-f7065c8601479f46,4
devgpt-7ed8df0c9fa93c40,4
devgpt-0555655cfbc764ce,1
devgpt-6f8b5d8a05d983c4,1
devgpt-26def54c39d03df1,0
devgpt-62e0eeaa7d85a44c,2
devgpt-25e53997aae75929,2
devgpt-43e9724793c8681d,4
devgpt-40c6c044f2ad219b,2
devgpt-8a3d087f2c448f4a,0
devgpt-8e83c41a40e27f32,1
devgpt-1263dc53ee00c80d,3
devgpt-b7079562fc521843,0
devgpt-58d443922192ed2a,0
devgpt-79abc2404563a23e,3
devgpt-a2a68b7d4bd1af62,1
devgpt-e8d91e50ccd4f0ab,0
devgpt-c9fceccdb5011d15,4
devgpt-1a9be7a0fb81654c,0
devgpt-3270ffb96c626319,3
devgpt-89545cbc218a3e23,2
devgpt-e761a9aca5b80771,0
devgpt-99607a6fb6eb19ea,2
devgpt-c076684088f41842,4
devgpt-78d8df7691c6febd,0
devgpt-82bb942b0587edd0,4
devgpt-7520ba0ab4652c91,2
devgpt-90f47c4d3e747f6d,4
devgpt-54af358ac714b6e6,0
devgpt-044b29096b8738b2,1
devgpt-37301a2644df51e5,1
devgpt-bd496ec0eb0ce243,0
devgpt-d425645afba44f33,0
devgpt-c19a23208e207a21,2
devgpt-f8d5fbbd8e902621,2
devgpt-8f7c0c4f36b7351a,4
devgpt-4095d287f67d0c20,3
devgpt-94d279cade4a7880,3
devgpt-634385d2c09389ed,0
devgpt-5e5f3082cdfbc060,2
devgpt-5c523c893abea14c,0
devgpt-261b98daf219d25a,4
devgpt-60da92d1cb2531a5,4
devgpt-bcea605c8ed9559c,0
devgpt-3c46d1e343880827,3
devgpt-ec230cf911bd58d1,0
devgpt-c96dfd8d855463a2,2
devgpt-f70200379a0c7b83,4
devgpt-129fc1d6b79a4c95,2
devgpt-74c1271a8f362a86,2
devgpt-3b8b68ba071f5c1e,4
devgpt-078bb91947c13262,1
devgpt-243525d369465795,4
devgpt-651136c954df78de,0
devgpt-f07eed0ca89eb23f,0
devgpt-8d3817eef8c2ff1f,2
devgpt-7c67c838d5f83407,1
devgpt-dcfa669999ed54b0,0
devgpt-6bb399dc404dd752,3
devgpt-dfefad8a61458a7f,2
devgpt-51e72809ac6e0fae,3
devgpt-f4904445fcf89803,0
devgpt-24a56b111f66b6b0,4
devgpt-8718fe6ef29bb78e,0
devgpt-9ad5dc081ffe98a5,2
devgpt-3d29e4eb29c334c9,4
devgpt-fa155498f1f58fb6,3
devgpt-cd61c582a7a9f37d,4
devgpt-4f9b223d1d68d1e9,0
devgpt-fb876c66e65829bb,4
devgpt-d2c01363f129bb51,4
devgpt-6f988691823b2a89,4
devgpt-9dfc7096164ea50e,0
devgpt-a71f87c9f30c1114,3
devgpt-4046355affcc2b3b,1
devgpt-01d6fae9b7dd0486,3
devgpt-87c3cd13cf6982e4,4
devgpt-9906628f5b176d39,1
devgpt-a28d86d2b3395e76,4
devgpt-c4c010549df8a38d,4
devgpt-c0b609e0af784498,0
devgpt-4da9bb01d93dd501,3
devgpt-29b36dfab99b214f,0
devgpt-1f5ed34036ee2fd7,4
devgpt-95a3cc8c21c0173c,0
devgpt-a522b456436d6aa9,2
devgpt-e9119fe1e7c6589a,2
devgpt-ba5352a5d4d42bfd,2
devgpt-4b0d34f66d036022,2
devgpt-9b8cb80dd17eafc2,3
devgpt-bf0653bbcff92714,3
devgpt-639852b11c4aa5d7,4
devgpt-1d5c4e1d421acd25,2
devgpt-e013ac616ae6ab53,4
devgpt-ccfd0d8282a1b36a,1
devgpt-f74802b02e98be0b,0
devgpt-4ef93783606948ad,4
devgpt-10866c8c57b20443,2
devgpt-7e5d9d239af58c46,2
devgpt-fe7e734622ccdfd2,0
devgpt-fb343643001ed659,3
devgpt-b4470f9e62df0620,3
devgpt-f814881ce3e76aa6,1
devgpt-d7427379733066e8,4
devgpt-2a337b1c22d20af7,1
devgpt-a67706689913448a,3
devgpt-a0a083fb73f030b7,3
devgpt-815e60755296ccf1,3
devgpt-e446e809ca67bd82,1
devgpt-1f8386326e53ac83,2
devgpt-5099e2d90afb02c6,3
devgpt-c2a6880f1df153b9,0
devgpt-9c0a667d1ccc23a2,1
devgpt-c7d34dc5695a4229,1
devgpt-132c69ed604bcdf3,2
devgpt-e3302de6137e3b7a,1
devgpt-79aa92e05a50c5f8,3
devgpt-918b40e37930a4c2,4
devgpt-69187c39752537da,2
devgpt-aab27c690509d65b,3
devgpt-a1f5f18122d3ffed,2
devgpt-c79c62b3494fe5e9,4
devgpt-766b44dabf77b0b1,0
devgpt-5012d4a273b02bc4,1
devgpt-1b4e26981c63cc41,3
devgpt-18ff1c461484ba01,2
devgpt-9a37febe3c166577,4
devgpt-a7327cec49766ffb,0
devgpt-a6759e2ec91cb264,4
devgpt-1ba0714b6d257943,0
devgpt-710f0769f64f0a86,2
devgpt-c6cf357dfb30fe55,0
devgpt-1c43aec695deb008,4
devgpt-1ccc4c408737c836,2
devgpt-fe0a8cfdf667a2f8,3
devgpt-351098935ac7dd74,4
devgpt-01f6e488b66732a4,4
devgpt-5c205c64380aae12,1
devgpt-cd14252509194ee8,3
devgpt-1521e27200fa113a,4
devgpt-8db8f282a676f22f,1
devgpt-65e402eea8418439,4
devgpt-cf806163be56a5ee,1
devgpt-8d671fdc6f875b0e,1
devgpt-03c3a7e189e6929a,2
devgpt-50bde8e970084b93,0
devgpt-2a000db8fc3d458e,1
devgpt-158eb5ef07c60a37,0
devgpt-d2cbdd1b10e2bf42,0
devgpt-f0a64b81c1ba993d,4
devgpt-689a47c661926dbc,0
devgpt-8a0a58faa4d630df,1
devgpt-1d1cbc9bcdee22c0,1
devgpt-9cf7e6246b227ada,2
devgpt-9ba9e5f8b5e78445,2
devgpt-1600e35afb7f40fc,0
devgpt-e79501e750efba0c,0
devgpt-f8001c052df6390f,4
devgpt-35177a938e114efd,1
devgpt-effff45db5949fbc,1
devgpt-218b90722088e347,4
devgpt-a60d69559ae5cc8f,2
devgpt-ff06483a8068a75e,0
devgpt-9374a0fbe306c22c,1
devgpt-f6233b8867f9aaae,1
devgpt-4d7d44a392517528,4
devgpt-1b4babbe4be865c5,3
devgpt-7b89266efe951535,2
devgpt-6b1e885f5964ff36,3
devgpt-dc1fb062d86d4e58,0
devgpt-203331044ba4e51c,0
devgpt-08976bc66323ecee,2
devgpt-9772726fe9517e84,0
devgpt-0f47a6e7e9a942ef,2
devgpt-1a1a7cac33031d6e,2
devgpt-07ee04e0238175a8,1
devgpt-011af6a7badc5279,0
devgpt-128974b53265840d,2
devgpt-f701acd50d106499,2
devgpt-47d9a3df209cb1e5,1
devgpt-b854f614f95fba9d,0
devgpt-54d8e25fc8114e5e,3
devgpt-59e1a265537b3ae9,0
devgpt-6827acc236ef9028,3
devgpt-3bbeac3b747f4f38,0
devgpt-dfa5651b16a1bb25,2
devgpt-9f7da54bda19be57,2
devgpt-3acbeb2d6df639c5,4
devgpt-89b91f4378a53d6a,3
devgpt-546d8082c196fa9d,3
devgpt-0b2fb40ab9d47c82,2
devgpt-995e0960a0f42d82,0
devgpt-50273d1595a64b69,2
devgpt-bd56280575306b63,3
devgpt-5d8f4e7d97fa9feb,4
devgpt-bc775386e5ef5bfe,1
devgpt-cb121f4d135a3d74,4
devgpt-f378d15a99bbb7a0,2
devgpt-0b1f4876cffe3679,0
devgpt-600b4f7a5655879b,4
devgpt-7d84fbfa90f93efc,1
devgpt-6d50c384c273c0c2,1
devgpt-7b6838569892f6ac,0
devgpt-0945336ef6d68db4,2
devgpt-4aeddc2623576d73,3
devgpt-16d3292675355eeb,0
devgpt-2ebf458518ea38f7,4
devgpt-d0fe2ed94f3e369e,4
devgpt-1c49f13734cb48cf,4
devgpt-a3148a6fba382541,0
devgpt-0ea0818a7f781200,2
devgpt-1886ecee71efd771,4
devgpt-88532c777e00446d,3
devgpt-d073b48c6e9cd086,2
devgpt-0b89da65cd98b57a,4
devgpt-01b5dc13b0174a30,3
devgpt-7b7bed3b68ece0e3,2
devgpt-ab659413c1244325,1
devgpt-f5a5548839a60672,3
devgpt-98db154e793fbe80,3
devgpt-7b6200d1d8cf6985,1
devgpt-c4af491b2cb26058,1
devgpt-831d93e3f9088a54,2
devgpt-98cbdfe5d6dcee81,1
devgpt-ead47a213ec2feb7,2
devgpt-a59eb704bb118e27,4
devgpt-9bb01053bbc4f6e3,0
devgpt-e9822cec13e066a6,1
devgpt-4303e97007e283d6,0
devgpt-82d53829379770ad,4
devgpt-87946875c7a41ba9,3
devgpt-3c9a4778adf01707,3
devgpt-1238a150a94754fd,1
devgpt-e227b47ebb8b8b18,0
devgpt-f4bf0d0dad222f44,4
devgpt-cca5e7859015f183,2
devgpt-5aaec8acd50006f6,2
devgpt-b1daf1993b1ec44c,1
devgpt-cb27a985438d6a46,2
devgpt-fec81c68e3c0e580,2
devgpt-6767d3d01b02ab9a,1
devgpt-eb325abb4b5f06ae,3
devgpt-6ab61269259ff9a2,4
devgpt-a4d3ec4405374dd4,1
devgpt-051b0aa8ed8d953b,4
devgpt-8d5fc4ceed602f44,3
devgpt-06fd36a11b6da1d6,3
devgpt-be34d9970ef260c6,2
devgpt-08ce11128977146a,2
devgpt-cbfca2ed6a564162,4
devgpt-5b378c08f14af750,4
devgpt-69098477770d50dc,2
devgpt-5c8d09d27c6c9f60,2
devgpt-d6a98105b28fc051,1
devgpt-e3971782c1ca4906,1
devgpt-f0bffd1c117ff94d,4
devgpt-61fca56d0db1ebe6,2
devgpt-9c29f4606c63ba55,1
devgpt-6827a9a9bd1b2b5e,1
devgpt-2df0e9b7458cd8b8,2
devgpt-eb660d13ddddf236,1
devgpt-ffcb43299390f036,4
devgpt-fdfd582dcfeaffdf,0
devgpt-212237b52d8aa292,3
devgpt-85ebb5d933f8afb9,2
devgpt-b8253d94795452c8,0
devgpt-36a346da0d4cd25b,2
devgpt-ae2fb1a7fea282fa,0
devgpt-cf13ed7bf7619c89,4
devgpt-3caa3b584e609c6c,2
devgpt-80389bb8deb2c4d4,1
devgpt-a2dcf0cdba9ce042,4
devgpt-ca00d4ac026b1534,2
devgpt-ee7722a1bb0ed098,1
devgpt-263ebe1847188566,4
devgpt-b3c3021ddc7e8602,2
devgpt-56f7c3734588a983,4
devgpt-e3b1c69019926b4f,4
devgpt-9dfb4b84a04f8193,3
devgpt-c301ebbd07ac79e0,1
devgpt-146eb76f533ae66c,2
devgpt-5d7ebb9908483da1,3
devgpt-15c1c09b77d3f22c,2
devgpt-e51a76898e907a73,1
devgpt-d360867d02a9bd51,3
devgpt-dcc06ff3a40adbdd,1
devgpt-e3f5b04f5e14f178,2
devgpt-327c2d269dac8960,0
devgpt-f778cc933837bf2d,1
devgpt-483e101bc8839a03,2
devgpt-072ee7b01935d3d9,2
devgpt-78127c67560803ac,3
devgpt-31312ce485833fb2,4
devgpt-63a2690b0b097487,4
devgpt-42694055399cb659,3
devgpt-770e8d1f5f472e98,3
devgpt-fa08164cd9057c47,1
devgpt-3b0575e5437ffbb6,2
devgpt-13ad6e95949bb24b,2
devgpt-e8cdb0a2f11005ec,3
devgpt-53b05c2a722d2880,0
devgpt-4417065fd637ed78,4
devgpt-c57517e5347147f1,0
devgpt-bd70ba2ae6cbf341,1
devgpt-e3367b4b671f2b6f,1
devgpt-39be0fdb33bb78cd,1
devgpt-f946072123eddb3b,2
devgpt-00e298f305cc629e,1
devgpt-b3fb4f9ab3014ba5,3
devgpt-52db212c3c9af71e,0
devgpt-b6b4cbfada94861b,3
devgpt-5bcd5185b1bedf37,3
devgpt-b1e1112e07ec7a6a,4
devgpt-e6c5891255c8a0a1,2
devgpt-0abcd05a07740c03,3
devgpt-0f63bdc11dd61c3d,3
devgpt-96a38502cbe1177d,4
devgpt-0004dd52e1c36254,4
devgpt-603be09ce87bda65,0
devgpt-bb82c051eee069fd,1
devgpt-de6429806308e4b0,4
devgpt-ed6df4141021cff8,3
devgpt-15d1fb8819b504f2,2
devgpt-227c9bc2a2a88f19,3
devgpt-df9bb4ff8d7603ca,4
devgpt-c5cfa6195790bbe4,1
devgpt-b2bc15a31f1e9e48,4
devgpt-15422d173a6948ac,4
devgpt-b5c4f2b59ededfbe,1
devgpt-c7a7a8d62e25720f,2
devgpt-907e614224c73933,4
devgpt-e4ea9d172e8a4b83,1
devgpt-e4ceb76745ae4b40,1
devgpt-32f6cb2b38e92788,1
devgpt-500d798448947ed6,2
devgpt-afa22d9bfd0b632f,2
devgpt-34c52e8ed4ce2235,4
devgpt-bc7032b523bfc313,4
devgpt-e60a9f22b9326901,4
devgpt-545bfd08ece689ef,4
devgpt-e732e33c9dfb3c14,0
devgpt-5c6620bc52cf5271,0
devgpt-870c98ffd2273f8e,1
devgpt-a5bb2ab50a8ef92a,2
devgpt-15a455f0e3e7e886,0
devgpt-ef5c761cbecc9fcd,3
devgpt-3c800e3a1c21e047,2
devgpt-6196a0a0f93008a5,2
devgpt-a16f66361b953c42,0
devgpt-cea12ae505bdee3f,4
devgpt-4b0792ccfe24e9b2,0
devgpt-38f6ea7ef9bf0381,0
devgpt-d51c06489c997cad,1
devgpt-c601c648c0740c4b,0
devgpt-47b289a9b4417217,1
devgpt-260647db463b8ddb,4
devgpt-163a1f6ae745344b,2
devgpt-a69f8d221c64511f,2
devgpt-8f7a6a534c78400f,3
devgpt-28da7d25c9867b14,0
devgpt-3a3cc08abb61d28c,4
devgpt-548c2221e8b41bff,2
devgpt-7cb6c23f748cc51f,3
devgpt-27257f5b4eb79e9c,1
devgpt-d364dd114b23c278,3
devgpt-23263cca5041fd6f,2
devgpt-7539f606ac1b32fe,1
devgpt-929896e4e0e50101,2
devgpt-94d137ce0542b8ae,0
devgpt-9dd6063ff999ab61,3
devgpt-965cbab9d3ffca8a,4
devgpt-9d4843065bac747c,0
devgpt-86629db8a02da795,0
devgpt-afd774164f014139,2
devgpt-14518b8c8ce9c650,4
devgpt-a83b0288d8aea63c,4
devgpt-25ff245111c882fa,4
devgpt-c7ba4dacac4b6e2c,1
devgpt-61225639cca0b255,1
devgpt-567f35eb0b4e72ff,3
devgpt-aa9efa5eea647cb8,4
devgpt-2fd97b403d9a3367,0
devgpt-53bc9411a5acf40e,0
devgpt-edbac38a6fa5f9f6,3
devgpt-9db2a012a2f8320d,4
devgpt-81bcdbe1b6745008,1
devgpt-548744fc8eedb336,2
devgpt-4936ba1e4c766029,3
devgpt-454ef584c3bdb161,3
devgpt-900ece20bc64d47f,1
devgpt-5bcef0466b153579,2
devgpt-e260fa26874649d1,2
devgpt-8b2da56c4ef335f0,2
devgpt-9d43e785af1723bb,4
devgpt-b4bf5e0bde693061,2
devgpt-efc3a768672ca80f,2
devgpt-f7e9ddb2a979d5a2,4
devgpt-9913b0af2c3a251f,0
devgpt-9d22df2805d09657,3
devgpt-8c3e815c909a4b86,2
devgpt-c0415d784420672e,0
devgpt-eae1f1dc6a7056c9,2
devgpt-076928b8f9389d19,1
devgpt-423cb0901ee379e6,4
devgpt-de6909a84e1d0446,1
devgpt-909ef4643997dd90,0
devgpt-147b38fd5cb1bbb0,2
devgpt-c94dd211b2c960e3,2
devgpt-f6729fcbc6a80ceb,2
devgpt-d36b73184ec37f11,1
devgpt-fbda84f6cdf89381,2
devgpt-5257743e1c9fee32,2
devgpt-49c789e0d73f73eb,4
devgpt-02049a7ba4f81cc8,2
devgpt-19ff21044ced0508,1
devgpt-3aa748010726fa59,4
devgpt-ad57da56962db089,2
devgpt-cba11196e9eeeab7,1
devgpt-7de5c55d9de5ab97,1
devgpt-cc735669d749151c,2
devgpt-59bf72567db22a72,0
devgpt-94d715639f7cac86,0
devgpt-e70cc7ec4ff39d2d,1
devgpt-06725e4ca569c212,4
devgpt-d0e987daedaeaf72,0
devgpt-c511eea3e974dbd8,3
devgpt-42f36c9154e06c55,2
devgpt-e4e844712404d6cf,1
devgpt-db18dbcf8c64bfb7,1
devgpt-1066d9f5912cefd4,4
devgpt-ab38adc60505c3aa,3
devgpt-ac7b139498c750e6,4
devgpt-383808c7867f1a42,0
devgpt-f8234723c76fc522,2
devgpt-0ba277ade3dc3118,0
devgpt-06bf5481538e45bf,1
devgpt-9d4d739f9e793c8d,0
devgpt-7a9c2fcb05f08fc9,3
devgpt-3a0908af2f8283c3,3
devgpt-3b5dfbdfe0606a16,2
devgpt-392359b4260335ce,4
devgpt-63c4b7be7bfe49af,4
devgpt-1c2c9f849a20f05e,4
devgpt-70dae2bf12c5188e,3
devgpt-140f5cd3e43d173d,0
devgpt-c7faf178f81022c0,3
devgpt-1e23e56c85fa420b,0
devgpt-9437e6c78b11abc1,3
devgpt-8ea87d3833ef129d,0
devgpt-7e4314fb2f5ae7e2,0
devgpt-de0bdb33171d0af4,1
devgpt-363d7a11a69643e6,0
devgpt-d074be97073a439b,0
devgpt-ace1178ef6e71dfb,1
devgpt-3896799ed191eda0,4
devgpt-7becfd3f34bc32ee,3
devgpt-53bb0020b02d7a45,2
devgpt-fc3a819596765ebd,0
devgpt-0ab78349ab241513,4
devgpt-4e8ece7c4bfab338,4
devgpt-7208fb6c6c6d12c9,3
devgpt-654af1aca623376e,1
devgpt-d0c124eadb797969,2
devgpt-666bcadf6902549e,4
devgpt-fabf74ab19a643f1,1
devgpt-49f16f4e69c9d574,4
devgpt-f81a2acdc3aa2cdf,0
devgpt-5a2733cd209ecf5e,4
devgpt-a35851368d29deb9,2
devgpt-9ba763344c5eaf8e,2
devgpt-8236c276ee52b487,4
devgpt-9dad83fd3ce78321,4
devgpt-58c7f14c5163b902,2
devgpt-ea5edcb5400ad971,1
devgpt-5ca07b0cc8b77d6c,4
devgpt-5e34bd15fcf58480,1
devgpt-dc0adecd8fddad8a,1
devgpt-4474affe97bea993,0
devgpt-00703481240d86b7,3
devgpt-eeb9bb0f92b87dbe,3
devgpt-5e3b77ca53188e71,0
devgpt-e3631b1ea2e28cbd,2
devgpt-9c387393512acbb5,2
devgpt-c169fd1e3878af4c,1
devgpt-63eb1d49f4c713fc,2
devgpt-e24331666269d8af,4
devgpt-cd7b6785b3f0eb70,0
devgpt-bcb8762e7e97269e,1
devgpt-406b6035b60d39b3,2
devgpt-8d6b654aafd976c7,2
devgpt-037510a3b908cd2e,0
devgpt-9e73fe934c4d9ca7,3
devgpt-46e92f6ab003be72,0
devgpt-274087f206393e4a,4
devgpt-806d6c03a9217541,4
devgpt-cba22b280cfeccd0,1
devgpt-7a66b2216c5006bc,4
devgpt-5b893ef288661c51,4
devgpt-9cf69f531ab5af6d,1
devgpt-c91906dfe581bc4c,2
devgpt-11df1d5e814ccd78,1
devgpt-2e1b372db0feaff1,1
devgpt-d4c45a67d20d8190,3
devgpt-addc80ab25300389,2
devgpt-58bc069a77e32e4c,0
devgpt-3ba65ca31916bfb6,3
devgpt-e69613bff0946e3d,4
devgpt-bc6d33d29873d1e8,0
devgpt-2999a07c77b18516,2
devgpt-4e61bb290175d3de,4
devgpt-7184716f30851f54,1
devgpt-9ee35a146c58838b,2
devgpt-a82fc4a41078c96f,4
devgpt-0008c8e06ca5fcfb,3
devgpt-962bfd36970fc02c,2
devgpt-9de800cf7a78a152,3
devgpt-647625b102466fc8,3
devgpt-af8ef4a55f1e7855,4
devgpt-5f242e8f8ee7e269,0
devgpt-ae7073d835c95721,4
devgpt-79a10c0777201981,4
devgpt-8d93366071eae7fe,1
devgpt-34c57746077dcf8c,2
devgpt-85d0d87dcc671576,1
devgpt-f2f817f036c0a59d,0
devgpt-2a6d8fe73cd03e5a,0
devgpt-56e376373f69bc65,2
devgpt-14dd4f7301ad9c4f,4
devgpt-b4b67113af8ee1cf,0
devgpt-aa432ad3f5cd4e34,4
devgpt-df9e9280855e45f4,1
devgpt-0074e00d4c1bfec2,2
devgpt-527a1745bde0400e,0
devgpt-d28df2afa56c225a,3
devgpt-e00a1b0890276c94,1
devgpt-5a50b8b43a7bfa28,4
devgpt-f63ab36c23226ee0,0
devgpt-da0e5ea2218e39b0,0
devgpt-89cfd783419f4a41,3
devgpt-a64f4efee273076e,3
devgpt-e10b3c60bb6f6c7a,3
devgpt-1231242c3937691a,0
devgpt-e2504d1ce3637e36,0
devgpt-6f2cdd354539cf4e,0
devgpt-859203da918423f5,0
devgpt-be14151b791d7b77,1
devgpt-9f7dadb895038587,2
devgpt-fa75c047c3b2c9fe,3
devgpt-cdb649f2a407adde,2
devgpt-2b751af8331289aa,3
devgpt-527fed15e45a7134,0
devgpt-9df631a359d24ca1,1
devgpt-b6378708be5475a0,0
devgpt-a93f148fab141ab0,4
devgpt-388d94ef35dc89eb,1
devgpt-d092a2f925d52913,1
devgpt-f3931c192f851e00,1
devgpt-54dc3854dfc6cbe5,1
devgpt-3b04c5d6f5aef852,0
devgpt-c2f4d955b91e5e6f,3
devgpt-6bec6c6cc8106280,0
devgpt-cd96352bcfdd9677,0
devgpt-0a7813fc8b974c49,1
devgpt-395f720f94ad9151,3
devgpt-ea0441814c365e63,3
devgpt-d61755ddf19da99d,0
devgpt-5689711982d7b32c,1
devgpt-c7ae4fc1a15ac965,3
devgpt-c01425780f67c1a1,0
devgpt-d2c3a02d1dd43c65,4
devgpt-49ed02e19ad35e67,3
devgpt-17552e06df1fb3cc,1
devgpt-350fd1099db49830,3
devgpt-1a280692619a8e00,4
devgpt-5a06b3bae0b2b69f,2
devgpt-77169f7c4d0edbd1,2
devgpt-850f80867b92c685,0
devgpt-a8762f00a2da1e09,0
devgpt-7d7315afc72571ba,2
devgpt-53eb4d97726d806c,3
devgpt-779e32c1bd0d3896,1
devgpt-e7731ecee4e20dbe,1
devgpt-fb6959de6465a5a8,2
devgpt-487393d465f1945b,0
devgpt-49399ec7884716eb,3
devgpt-bdb2746bd364cfa1,0
devgpt-51da39ea600daf91,4
devgpt-8d73555371f4f177,4
devgpt-89824a041c1717f9,4
devgpt-462be05e850fcd19,4
devgpt-f16a0dda2e36c36e,3
devgpt-ab8c9e8f966d14e6,2
devgpt-cd77985480c930b6,2
devgpt-f15ac5fdb50e39da,4
devgpt-98006dc27dfb3937,1
devgpt-f30fae92beb7ec05,1
devgpt-562c18126c747973,2
devgpt-b5bc7b535c7a1bea,4
devgpt-ada297c479ad9c20,3
devgpt-4ff00ecb0a5649c6,4
devgpt-dd6bfc7dd4a80db3,0
devgpt-0c244c4a6dc35659,3
devgpt-082a7c2a6c24d763,2
devgpt-16f207953de1d2a7,4
devgpt-ca8b2f0427a7fd8b,2
devgpt-ad93b211563f7e18,4
devgpt-36970fbbeebf8ac6,2
devgpt-ad941903adcc171c,0
devgpt-53ca9bb39355a2e5,2
devgpt-323ea0b272234aa3,1
devgpt-94b3b11769d2fcae,4
devgpt-b172f6a1407ca613,0
devgpt-51cfd65f111cc320,4
devgpt-42bb0aeb1d39e08f,0
devgpt-5dc3ee6ca8c8ba9e,4
devgpt-5e21a6461cae2f42,1
devgpt-2d6d4d5c8775b9d4,2
devgpt-850da7cdf1deca2b,2
devgpt-47c0eda5f88a58ee,1
devgpt-cac1621f74594384,0
devgpt-1ae03acf330b111a,1
devgpt-7f519f92a95513e3,0
devgpt-2cb94293252635bd,1
devgpt-7c66f66ccc96e05a,1
devgpt-d01915b00198daac,0
devgpt-4dca7275f9729e0f,1
devgpt-ff0b5dad535f2b34,4
devgpt-a55c75f381be6478,4
devgpt-63208516760ee3ac,0
devgpt-72f04d4012881003,1
devgpt-ec50ea4ef79714ec,2
devgpt-5650111e449de9a2,4
devgpt-cecd2d97022449fc,0
devgpt-cb331108e22e632b,3
devgpt-fe8650fea94a3003,1
devgpt-6f6f195d7cadbfd7,2
devgpt-fddc41970c2523b1,2
devgpt-2d9bc17300fc8940,1
devgpt-2a0e4530745e2e3d,2
devgpt-83b0981263cf00de,1
devgpt-c18662d1c13a6d67,0
devgpt-6482cda31cee3f30,1
devgpt-75b53bd17a30b568,0
devgpt-b3d005b358acc353,4
devgpt-699990e22eb74a0d,0
devgpt-012420c736886f3e,3
devgpt-14ee7aa311034616,0
devgpt-81138208e8b8c62f,0
devgpt-f0a4077dc4fc54c1,0
devgpt-96f233cbd4f19bc2,3
devgpt-fe3bce1a0daed216,0
devgpt-b2973285b251e4c8,0
devgpt-d06b71e4310d49f2,4
devgpt-dc84f8e0b83acfae,0
devgpt-5cb3a6c5a8f79778,1
devgpt-30ddaae8226d1e5d,3
devgpt-d3a6274d746d5c9c,2
devgpt-ef52fd258bc723cd,1
devgpt-f90ce0a21e07fb2a,2
devgpt-4fa8e673d1487d1b,2
devgpt-c841db07d675e412,0
devgpt-b821b4e9b4e28c23,2
devgpt-0611e5a6ea489ae9,3
devgpt-aa270160883e82fe,3
devgpt-07f246f81252e70d,1
devgpt-da9e158c33c456bc,0
devgpt-dfb6ec9024818f23,4
devgpt-6c1d3a030ed01207,4
devgpt-c00af612baab9a75,1
devgpt-ef44cef3b7346000,4
devgpt-d7444634f1031181,2
devgpt-9a9a639714aa8bd1,2
devgpt-c4b32d5c5bf458fb,0
devgpt-547c5307ba5606eb,1
devgpt-cb53b2b9ce988fbf,2
devgpt-babf37de145ea140,0
devgpt-144244a09ab22d7f,4
devgpt-a3046b4ac5babb55,0
devgpt-06be6e3ec2b49c2f,2
devgpt-3625cf67407d72ce,3
devgpt-88e0f2fbb1008bc5,3
devgpt-782270e42c74f2a5,2
devgpt-d430ab290035524e,3
devgpt-5912f819eedbea40,0
devgpt-428527bc31fdbab8,1
devgpt-f19b0abe19e6027f,3
devgpt-f8638fe40a5077a7,3
devgpt-a3010cfd7971d618,0
devgpt-dcf0f277e2405321,3
devgpt-74f497ba01ace68d,4
devgpt-94e8221752517c25,1
devgpt-220708a4a1073a8d,4
devgpt-190e4cc68eaac0d3,1
devgpt-d2d5b9d4b5e9ff6a,0
devgpt-353061407104f94b,1
devgpt-5296e9a0a6a20d06,0
devgpt-80b113b3067878df,2
devgpt-1b1c5ae327521cb6,2
devgpt-ae4f389867a5f229,2
devgpt-2bf7fc39921eeb56,4
devgpt-8611eb02f6f606e8,4
devgpt-c041cd304de0485b,3
devgpt-c32040cf9ab7ba19,4
devgpt-af156e61ca1e5281,0
devgpt-dfb851e77794368e,4
devgpt-b0b4d389ba4d8e05,1
devgpt-014775352e45f15f,2
devgpt-de791d0822437aef,3
devgpt-9f9cd65fd187026a,3
devgpt-ac16a92977bc15ec,1
devgpt-9c1202119ec36153,4
devgpt-02ebb11aaa738fe4,2
devgpt-1891ae9883bf5c2c,2
devgpt-2f44bafa16972104,4
devgpt-ca086f54c0c705ca,4
devgpt-aa73e17932b1e69e,4
devgpt-bbf24eb2089d76d7,0
